[2026-02-14T11:39:25.716Z] Starting dev server with command: pnpm run dev
[2026-02-14T11:39:26.436Z] 
[2026-02-14T11:39:26.436Z] > influx-personal-tutor@1.1.0 dev /home/ubuntu/influx-assistants
[2026-02-14T11:39:26.437Z] > NODE_ENV=development tsx watch server/_core/index.ts
[2026-02-14T11:39:26.437Z] 
[2026-02-14T11:39:28.030Z] [OAuth] Initialized with baseURL: https://api.manus.im
[2026-02-14T11:39:28.353Z] [DirectLogin] Rota registrada: GET /api/direct-login/:token
[2026-02-14T11:39:28.402Z] Server running on http://localhost:3000/
[2026-02-14T11:39:28.403Z] [Jobs] Inicializando jobs em background...
[2026-02-14T11:39:28.457Z] [DailySync] Job agendado para rodar diariamente às 18:00
[2026-02-14T11:39:28.458Z] [Jobs] Todos os jobs foram inicializados
[2026-02-14T11:39:30.440Z] [baseline-browser-mapping] The data in this module is over two months old.  To ensure accurate Baseline data, please update: `npm i baseline-browser-mapping@latest -D`
[2026-02-14T11:39:35.356Z] [Auth] Missing session cookie
[2026-02-14T11:39:35.672Z] [Auth] Missing session cookie
[2026-02-14T11:39:40.308Z] [Auth] Missing session cookie
[2026-02-14T11:39:40.529Z] [Auth] Missing session cookie
[2026-02-14T11:39:44.589Z] [Auth] Missing session cookie
[2026-02-14T11:39:44.838Z] [Auth] Missing session cookie
[2026-02-14T11:39:48.650Z] [Auth] Missing session cookie
[2026-02-14T11:39:48.877Z] [Auth] Missing session cookie
[2026-02-14T11:39:52.844Z] [Auth] Missing session cookie
[2026-02-14T11:39:53.099Z] [Auth] Missing session cookie
[2026-02-14T11:39:57.188Z] [Auth] Missing session cookie
[2026-02-14T11:39:57.404Z] [Auth] Missing session cookie
[2026-02-14T11:40:01.457Z] [Auth] Missing session cookie
[2026-02-14T11:40:01.758Z] [Auth] Missing session cookie
[2026-02-14T11:40:05.676Z] [Auth] Missing session cookie
[2026-02-14T11:40:05.953Z] [Auth] Missing session cookie
[2026-02-14T11:40:10.336Z] [Auth] Missing session cookie
[2026-02-14T11:40:10.673Z] [Auth] Missing session cookie
[2026-02-14T11:40:14.527Z] [Auth] Missing session cookie
[2026-02-14T11:40:14.764Z] [Auth] Missing session cookie
[2026-02-14T11:40:18.697Z] [Auth] Missing session cookie
[2026-02-14T11:40:18.962Z] [Auth] Missing session cookie
[2026-02-14T11:40:22.934Z] [Auth] Missing session cookie
[2026-02-14T11:40:23.142Z] [Auth] Missing session cookie
[2026-02-14T11:40:27.760Z] [Auth] Missing session cookie
[2026-02-14T11:40:28.138Z] [Auth] Missing session cookie
[2026-02-14T11:40:32.692Z] [Auth] Missing session cookie
[2026-02-14T11:40:33.031Z] [Auth] Missing session cookie
[2026-02-14T11:40:37.571Z] [Auth] Missing session cookie
[2026-02-14T11:40:37.935Z] [Auth] Missing session cookie
[2026-02-14T11:40:41.669Z] [Auth] Missing session cookie
[2026-02-14T11:40:42.011Z] [Auth] Missing session cookie
[2026-02-14T11:40:46.175Z] [Auth] Missing session cookie
[2026-02-14T11:40:46.427Z] [Auth] Missing session cookie
[2026-02-14T11:41:31.310Z] [Auth] Missing session cookie
[2026-02-14T11:41:31.505Z] [Auth] Missing session cookie
[2026-02-14T11:41:36.425Z] [Auth] Missing session cookie
[2026-02-14T11:41:36.680Z] [Auth] Missing session cookie
[2026-02-14T11:42:41.275Z] [Auth] Missing session cookie
[2026-02-14T11:42:41.574Z] [Auth] Missing session cookie
[2026-02-14T11:42:45.710Z] [Auth] Missing session cookie
[2026-02-14T11:42:46.154Z] [Auth] Missing session cookie
[2026-02-14T11:43:16.413Z] [Auth] Missing session cookie
[2026-02-14T11:43:16.902Z] [Auth] Missing session cookie
[2026-02-14T11:43:20.997Z] [Auth] Missing session cookie
[2026-02-14T11:43:21.285Z] [Auth] Missing session cookie
[2026-02-14T11:43:25.386Z] [Auth] Missing session cookie
[2026-02-14T11:43:25.713Z] [Auth] Missing session cookie
[2026-02-14T11:44:14.316Z] 6:44:14 AM [tsx] change in ./server/routers.ts Restarting...
[2026-02-14T11:44:16.034Z] c[OAuth] Initialized with baseURL: https://api.manus.im
[2026-02-14T11:44:16.314Z] [DirectLogin] Rota registrada: GET /api/direct-login/:token
[2026-02-14T11:44:16.367Z] Server running on http://localhost:3000/
[2026-02-14T11:44:16.367Z] [Jobs] Inicializando jobs em background...
[2026-02-14T11:44:16.392Z] [DailySync] Job agendado para rodar diariamente às 18:00
[2026-02-14T11:44:16.392Z] [Jobs] Todos os jobs foram inicializados
[2026-02-14T11:44:22.815Z] [baseline-browser-mapping] The data in this module is over two months old.  To ensure accurate Baseline data, please update: `npm i baseline-browser-mapping@latest -D`
[2026-02-14T11:44:39.125Z] [Auth] Missing session cookie
[2026-02-14T11:44:46.846Z] [Auth] Missing session cookie
[2026-02-14T11:44:47.354Z] [Auth] Missing session cookie
[2026-02-14T11:44:55.059Z] [Auth] Missing session cookie
[2026-02-14T11:44:55.633Z] [Auth] Missing session cookie
[2026-02-14T11:44:59.608Z] [Auth] Missing session cookie
[2026-02-14T11:44:59.970Z] [Auth] Missing session cookie
[2026-02-14T12:14:44.354Z] [Auth] Missing session cookie
[2026-02-14T12:14:44.648Z] [Auth] Missing session cookie
[2026-02-14T12:24:17.881Z] [Auth] Missing session cookie
[2026-02-14T12:24:18.116Z] [Auth] Missing session cookie
[2026-02-14T12:33:58.137Z] [Auth] Missing session cookie
[2026-02-14T12:33:58.412Z] [Auth] Missing session cookie
[2026-02-14T12:43:38.829Z] [Auth] Missing session cookie
[2026-02-14T12:43:39.187Z] [Auth] Missing session cookie
[2026-02-14T12:53:18.255Z] [Auth] Missing session cookie
[2026-02-14T12:53:18.641Z] [Auth] Missing session cookie
[2026-02-14T13:02:58.320Z] [Auth] Missing session cookie
[2026-02-14T13:02:58.644Z] [Auth] Missing session cookie
[2026-02-15T12:03:29.451Z] [Auth] Missing session cookie
[2026-02-15T12:03:29.718Z] [Auth] Missing session cookie
[2026-02-15T12:03:33.487Z] [Auth] Missing session cookie
[2026-02-15T12:03:33.690Z] [Auth] Missing session cookie
[2026-02-15T12:04:14.371Z] [Auth] Missing session cookie
[2026-02-15T12:04:15.642Z] [Auth] Missing session cookie
[2026-02-15T12:04:17.842Z] [Auth] Missing session cookie
[2026-02-15T12:04:22.232Z] [Auth] Missing session cookie
[2026-02-15T12:04:30.942Z] [Auth] Missing session cookie
[2026-02-15T12:04:31.190Z] [Auth] Missing session cookie
[2026-02-15T12:04:33.130Z] [Auth] Missing session cookie
[2026-02-15T12:04:34.338Z] [Auth] Missing session cookie
[2026-02-15T12:04:36.660Z] [Auth] Missing session cookie
[2026-02-15T13:09:27.830Z] 8:09:27 AM [vite] (client) hmr update /src/App.tsx, /src/index.css
[2026-02-20T15:49:59.496Z] [2026-02-20T15:49:59.143Z] [PID: 2375] [32m[NODE-CRON][32m [33m[WARN][0m missed execution at Sun Feb 15 2026 16:00:00 GMT-0500 (Eastern Standard Time)! Possible blocking IO or high CPU user at the same process used by node-cron.
[2026-02-20T15:49:59.944Z] [2026-02-20T15:49:59.716Z] [PID: 2375] [32m[NODE-CRON][32m [33m[WARN][0m missed execution at Mon Feb 16 2026 16:00:00 GMT-0500 (Eastern Standard Time)! Possible blocking IO or high CPU user at the same process used by node-cron.
[2026-02-20T15:49:59.945Z] [2026-02-20T15:49:59.720Z] [PID: 2375] [32m[NODE-CRON][32m [33m[WARN][0m missed execution at Tue Feb 17 2026 16:00:00 GMT-0500 (Eastern Standard Time)! Possible blocking IO or high CPU user at the same process used by node-cron.
[2026-02-20T15:49:59.945Z] [2026-02-20T15:49:59.722Z] [PID: 2375] [32m[NODE-CRON][32m [33m[WARN][0m missed execution at Wed Feb 18 2026 16:00:00 GMT-0500 (Eastern Standard Time)! Possible blocking IO or high CPU user at the same process used by node-cron.
[2026-02-20T15:49:59.945Z] [2026-02-20T15:49:59.725Z] [PID: 2375] [32m[NODE-CRON][32m [33m[WARN][0m missed execution at Thu Feb 19 2026 16:00:00 GMT-0500 (Eastern Standard Time)! Possible blocking IO or high CPU user at the same process used by node-cron.
[2026-02-20T15:50:03.002Z] [Auth] Missing session cookie
[2026-02-20T15:50:03.211Z] [Auth] Missing session cookie
[2026-02-20T15:50:05.513Z] [Auth] Missing session cookie
[2026-02-20T15:50:05.710Z] [Auth] Missing session cookie
[2026-02-20T16:42:16.233Z] [Auth] Missing session cookie
[2026-02-20T16:42:16.570Z] [Auth] Missing session cookie
[2026-02-20T16:42:18.985Z] [Auth] Missing session cookie
[2026-02-20T16:42:19.270Z] [Auth] Missing session cookie
[2026-02-20T16:55:39.234Z] [Auth] Missing session cookie
[2026-02-20T16:55:39.547Z] [Auth] Missing session cookie
[2026-02-20T16:59:53.990Z] [Auth] Missing session cookie
[2026-02-20T16:59:54.956Z] [Auth] Missing session cookie
[2026-02-20T17:00:02.932Z] [Auth] Missing session cookie
[2026-02-20T17:00:03.245Z] [Auth] Missing session cookie
[2026-02-20T17:00:30.954Z] 12:00:30 PM [tsx] change in ./server/routers.ts Restarting...
[2026-02-20T17:00:33.149Z] c[OAuth] Initialized with baseURL: https://api.manus.im
[2026-02-20T17:00:33.649Z] [DirectLogin] Rota registrada: GET /api/direct-login/:token
[2026-02-20T17:00:34.041Z] Server running on http://localhost:3000/
[2026-02-20T17:00:34.042Z] [Jobs] Inicializando jobs em background...
[2026-02-20T17:00:34.104Z] [DailySync] Job agendado para rodar diariamente às 18:00
[2026-02-20T17:00:34.105Z] [Jobs] Todos os jobs foram inicializados
[2026-02-20T17:05:17.228Z] [baseline-browser-mapping] The data in this module is over two months old.  To ensure accurate Baseline data, please update: `npm i baseline-browser-mapping@latest -D`
[2026-02-20T17:11:24.182Z] [Auth] Missing session cookie
[2026-02-20T17:11:24.364Z] [Auth] Missing session cookie
[2026-02-20T17:12:33.505Z] 12:12:33 PM [vite] (client) hmr update /src/pages/AdminDashboard.tsx, /src/index.css
[2026-02-20T17:12:47.615Z] [Auth] Missing session cookie
[2026-02-20T17:12:47.869Z] [Auth] Missing session cookie
[2026-02-20T17:13:04.549Z] [Auth] Missing session cookie
[2026-02-20T17:13:04.963Z] [Auth] Missing session cookie
[2026-02-20T17:13:07.712Z] 12:13:07 PM [vite] (client) hmr update /src/App.tsx, /src/index.css
[2026-02-20T17:13:08.939Z] [Auth] Missing session cookie
[2026-02-20T17:13:25.930Z] [Auth] Missing session cookie
[2026-02-20T17:13:26.210Z] [Auth] Missing session cookie
[2026-02-20T17:13:30.577Z] [Auth] Missing session cookie
[2026-02-20T17:13:30.838Z] [Auth] Missing session cookie
[2026-02-20T17:13:35.527Z] [Auth] Missing session cookie
[2026-02-20T17:13:35.824Z] [Auth] Missing session cookie
[2026-02-20T17:13:39.960Z] [Auth] Missing session cookie
[2026-02-20T17:13:40.282Z] [Auth] Missing session cookie
[2026-02-20T17:13:44.502Z] [Auth] Missing session cookie
[2026-02-20T17:13:44.869Z] [Auth] Missing session cookie
[2026-02-20T17:13:52.382Z] [Auth] Missing session cookie
[2026-02-20T17:13:52.558Z] [Auth] Missing session cookie
[2026-02-20T17:14:39.407Z] [Auth] Missing session cookie
[2026-02-20T17:14:39.594Z] [Auth] Missing session cookie
[2026-02-20T17:15:27.113Z] [Auth] Missing session cookie
[2026-02-20T17:15:27.342Z] [Auth] Missing session cookie
[2026-02-20T17:17:47.545Z] [Auth] Missing session cookie
[2026-02-20T17:17:47.773Z] [Auth] Missing session cookie
[2026-02-20T17:18:50.646Z] [Auth] Missing session cookie
[2026-02-20T17:18:50.905Z] [Auth] Missing session cookie
[2026-02-20T17:20:54.916Z] [Auth] Missing session cookie
[2026-02-20T17:20:55.100Z] [Auth] Missing session cookie
[2026-02-20T17:25:01.031Z] [Auth] Missing session cookie
[2026-02-20T17:25:01.237Z] [Auth] Missing session cookie
[2026-02-20T17:27:41.795Z] 12:27:41 PM [vite] (client) hmr update /src/App.tsx, /src/index.css
[2026-02-20T17:27:47.403Z] [Auth] Missing session cookie
[2026-02-20T17:27:47.604Z] [Auth] Missing session cookie
[2026-02-20T17:57:00.627Z] 12:57:00 PM [tsx] change in ./drizzle/schema.ts Restarting...
[2026-02-20T17:57:02.964Z] c[OAuth] Initialized with baseURL: https://api.manus.im
[2026-02-20T17:57:03.414Z] [DirectLogin] Rota registrada: GET /api/direct-login/:token
[2026-02-20T17:57:03.474Z] Server running on http://localhost:3000/
[2026-02-20T17:57:03.475Z] [Jobs] Inicializando jobs em background...
[2026-02-20T17:57:03.553Z] [DailySync] Job agendado para rodar diariamente às 18:00
[2026-02-20T17:57:03.554Z] [Jobs] Todos os jobs foram inicializados
[2026-02-20T17:58:50.912Z] 12:58:50 PM [tsx] change in ./server/routers.ts Restarting...
[2026-02-20T17:58:52.321Z] c[OAuth] Initialized with baseURL: https://api.manus.im
[2026-02-20T17:58:52.524Z] [DirectLogin] Rota registrada: GET /api/direct-login/:token
[2026-02-20T17:58:52.563Z] Server running on http://localhost:3000/
[2026-02-20T17:58:52.564Z] [Jobs] Inicializando jobs em background...
[2026-02-20T17:58:52.579Z] [DailySync] Job agendado para rodar diariamente às 18:00
[2026-02-20T17:58:52.580Z] [Jobs] Todos os jobs foram inicializados
[2026-02-20T17:59:08.026Z] 12:59:08 PM [tsx] change in ./server/routers.ts Restarting...
[2026-02-20T17:59:09.434Z] c[OAuth] Initialized with baseURL: https://api.manus.im
[2026-02-20T17:59:09.635Z] [DirectLogin] Rota registrada: GET /api/direct-login/:token
[2026-02-20T17:59:09.673Z] Server running on http://localhost:3000/
[2026-02-20T17:59:09.674Z] [Jobs] Inicializando jobs em background...
[2026-02-20T17:59:09.689Z] [DailySync] Job agendado para rodar diariamente às 18:00
[2026-02-20T17:59:09.690Z] [Jobs] Todos os jobs foram inicializados
[2026-02-20T18:00:30.894Z] [baseline-browser-mapping] The data in this module is over two months old.  To ensure accurate Baseline data, please update: `npm i baseline-browser-mapping@latest -D`
[2026-02-20T18:17:34.797Z] 1:17:34 PM [vite] (client) hmr update /src/App.tsx, /src/index.css
[2026-02-20T18:19:37.569Z] [Auth] Missing session cookie
[2026-02-20T18:19:37.785Z] [Auth] Missing session cookie
[2026-02-20T18:19:39.781Z] [Auth] Missing session cookie
[2026-02-20T18:19:39.955Z] [Auth] Missing session cookie
[2026-02-20T18:59:46.251Z] [Auth] Missing session cookie
[2026-02-20T18:59:46.433Z] [Auth] Missing session cookie
[2026-02-20T19:00:36.559Z] [Auth] Missing session cookie
[2026-02-20T19:00:36.760Z] [Auth] Missing session cookie
[2026-02-20T19:01:07.177Z] [Auth] Missing session cookie
[2026-02-20T19:01:07.527Z] [Auth] Missing session cookie
[2026-02-20T19:01:11.175Z] [Auth] Missing session cookie
[2026-02-20T19:01:11.376Z] [Auth] Missing session cookie
[2026-02-20T19:01:14.889Z] 2:01:14 PM [vite] (client) hmr update /src/App.tsx, /src/index.css
[2026-02-20T19:01:18.458Z] 2:01:18 PM [vite] (client) ✨ new dependencies optimized: recharts
[2026-02-20T19:01:18.462Z] 2:01:18 PM [vite] (client) ✨ optimized dependencies changed. reloading
[2026-02-20T19:01:24.364Z] [Auth] Missing session cookie
[2026-02-20T19:01:24.603Z] [Auth] Missing session cookie
[2026-02-20T19:02:22.483Z] [Auth] Missing session cookie
[2026-02-20T19:02:22.665Z] [Auth] Missing session cookie
[2026-02-20T19:39:40.661Z] [Auth] Missing session cookie
[2026-02-20T19:39:40.858Z] [Auth] Missing session cookie
[2026-02-20T20:38:41.266Z] [Auth] Missing session cookie
[2026-02-20T20:38:41.478Z] [Auth] Missing session cookie
[2026-02-20T20:39:02.217Z] [Auth] Missing session cookie
[2026-02-20T20:39:02.412Z] [Auth] Missing session cookie
[2026-02-20T20:41:34.596Z] [Auth] Missing session cookie
[2026-02-20T20:41:34.789Z] [Auth] Missing session cookie
[2026-02-20T20:45:44.105Z] 3:45:44 PM [tsx] change in ./drizzle/schema.ts Restarting...
[2026-02-20T20:45:47.160Z] c/home/ubuntu/influx-assistants/drizzle/schema.ts:825
[2026-02-20T20:45:47.161Z] activityDate: date("activity_date").notNull(), // data da atividade
[2026-02-20T20:45:47.161Z] ^
[2026-02-20T20:45:47.161Z] 
[2026-02-20T20:45:47.162Z] 
[2026-02-20T20:45:47.162Z] ReferenceError: date is not defined
[2026-02-20T20:45:47.162Z] at <anonymous> (/home/ubuntu/influx-assistants/drizzle/schema.ts:825:39)
[2026-02-20T20:45:47.162Z] at ModuleJob.run (node:internal/modules/esm/module_job:271:25)
[2026-02-20T20:45:47.163Z] at async onImport.tracePromise.__proto__ (node:internal/modules/esm/loader:547:26)
[2026-02-20T20:45:47.163Z] at async asyncRunEntryPointWithESMLoader (node:internal/modules/run_main:116:5)
[2026-02-20T20:45:47.163Z] 
[2026-02-20T20:45:47.163Z] Node.js v22.13.0
[2026-02-20T20:46:12.215Z] 3:46:12 PM [tsx] change in ./drizzle/schema.ts Rerunning...
[2026-02-20T20:46:13.671Z] c[OAuth] Initialized with baseURL: https://api.manus.im
[2026-02-20T20:46:14.062Z] [DirectLogin] Rota registrada: GET /api/direct-login/:token
[2026-02-20T20:46:14.414Z] Server running on http://localhost:3000/
[2026-02-20T20:46:14.415Z] [Jobs] Inicializando jobs em background...
[2026-02-20T20:46:14.463Z] [DailySync] Job agendado para rodar diariamente às 18:00
[2026-02-20T20:46:14.463Z] [Jobs] Todos os jobs foram inicializados
[2026-02-20T20:48:10.859Z] 3:48:10 PM [tsx] change in ./server/routers.ts Restarting...
[2026-02-20T20:48:12.275Z] c[OAuth] Initialized with baseURL: https://api.manus.im
[2026-02-20T20:48:12.503Z] [DirectLogin] Rota registrada: GET /api/direct-login/:token
[2026-02-20T20:48:12.544Z] Server running on http://localhost:3000/
[2026-02-20T20:48:12.545Z] [Jobs] Inicializando jobs em background...
[2026-02-20T20:48:12.564Z] [DailySync] Job agendado para rodar diariamente às 18:00
[2026-02-20T20:48:12.564Z] [Jobs] Todos os jobs foram inicializados
[2026-02-20T20:49:48.669Z] [baseline-browser-mapping] The data in this module is over two months old.  To ensure accurate Baseline data, please update: `npm i baseline-browser-mapping@latest -D`
[2026-02-20T20:50:25.129Z] [Auth] Missing session cookie
[2026-02-20T20:50:25.481Z] [Auth] Missing session cookie
[2026-02-20T20:51:02.883Z] [Auth] Missing session cookie
[2026-02-20T20:51:03.070Z] [Auth] Missing session cookie
[2026-02-20T20:52:16.634Z] [Auth] Missing session cookie
[2026-02-20T20:52:16.823Z] [Auth] Missing session cookie
[2026-02-20T20:54:06.058Z] [Auth] Missing session cookie
[2026-02-20T20:54:06.243Z] [Auth] Missing session cookie
[2026-02-20T20:54:08.929Z] [Auth] Missing session cookie
[2026-02-20T20:54:09.117Z] [Auth] Missing session cookie
[2026-02-20T20:54:41.034Z] [Auth] Missing session cookie
[2026-02-20T20:54:41.217Z] [Auth] Missing session cookie
[2026-02-20T20:56:16.106Z] [Auth] Missing session cookie
[2026-02-20T20:56:16.279Z] [Auth] Missing session cookie
[2026-02-20T20:56:21.176Z] [Auth] Missing session cookie
[2026-02-20T20:56:21.363Z] [Auth] Missing session cookie
[2026-02-20T21:00:00.010Z] [DailySync] Executando sincronização agendada...
[2026-02-20T21:00:00.011Z] [DailySync] Iniciando sincronização diária...
[2026-02-20T21:00:00.930Z] [WelcomeEmail] Email preparado para Giovana Naiara  (naiaragiovana6@gmail.com)
[2026-02-20T21:00:00.930Z] [DailySync] ✓ Criado usuário para Giovana Naiara  (naiaragiovana6@gmail.com)
[2026-02-20T21:00:01.048Z] [DailySync] Sincronização concluída: 1 criados, 0 erros
[2026-02-20T21:05:25.356Z] [Auth] Missing session cookie
[2026-02-20T21:05:25.540Z] [Auth] Missing session cookie
[2026-02-20T21:05:30.170Z] [Auth] Missing session cookie
[2026-02-20T21:05:30.350Z] [Auth] Missing session cookie
[2026-02-20T21:09:47.582Z] [Auth] Missing session cookie
[2026-02-20T21:09:47.760Z] [Auth] Missing session cookie
[2026-02-20T21:09:56.827Z] [Auth] Missing session cookie
[2026-02-20T21:09:57.060Z] [Auth] Missing session cookie
[2026-02-21T00:56:25.807Z] 7:56:25 PM [vite] (client) hmr update /src/App.tsx, /src/index.css
[2026-02-21T00:57:52.513Z] 7:57:52 PM [vite] (client) ✨ new dependencies optimized: date-fns, date-fns/locale
[2026-02-21T00:57:52.515Z] 7:57:52 PM [vite] (client) ✨ optimized dependencies changed. reloading
[2026-02-25T23:00:25.975Z] [2026-02-25T23:00:25.970Z] [PID: 29182] [32m[NODE-CRON][32m [33m[WARN][0m missed execution at Sat Feb 21 2026 16:00:00 GMT-0500 (Eastern Standard Time)! Possible blocking IO or high CPU user at the same process used by node-cron.
[2026-02-25T23:00:26.640Z] [2026-02-25T23:00:26.640Z] [PID: 29182] [32m[NODE-CRON][32m [33m[WARN][0m missed execution at Sun Feb 22 2026 16:00:00 GMT-0500 (Eastern Standard Time)! Possible blocking IO or high CPU user at the same process used by node-cron.
[2026-02-25T23:00:26.643Z] [2026-02-25T23:00:26.643Z] [PID: 29182] [32m[NODE-CRON][32m [33m[WARN][0m missed execution at Mon Feb 23 2026 16:00:00 GMT-0500 (Eastern Standard Time)! Possible blocking IO or high CPU user at the same process used by node-cron.
[2026-02-25T23:00:26.645Z] [2026-02-25T23:00:26.645Z] [PID: 29182] [32m[NODE-CRON][32m [33m[WARN][0m missed execution at Tue Feb 24 2026 16:00:00 GMT-0500 (Eastern Standard Time)! Possible blocking IO or high CPU user at the same process used by node-cron.
[2026-02-25T23:00:26.647Z] [2026-02-25T23:00:26.647Z] [PID: 29182] [32m[NODE-CRON][32m [33m[WARN][0m missed execution at Wed Feb 25 2026 16:00:00 GMT-0500 (Eastern Standard Time)! Possible blocking IO or high CPU user at the same process used by node-cron.
[2026-02-25T23:00:32.208Z] [Auth] Missing session cookie
[2026-02-25T23:00:32.566Z] [Auth] Missing session cookie
[2026-02-25T23:00:34.547Z] [Auth] Missing session cookie
[2026-02-25T23:00:34.729Z] [Auth] Missing session cookie
[2026-02-25T23:01:35.452Z] 6:01:35 PM [vite] (client) hmr update /src/pages/InfluxPassportPage.tsx, /src/index.css
[2026-02-25T23:01:41.266Z] 6:01:41 PM [vite] (client) hmr update /src/pages/InfluxPassportPage.tsx, /src/index.css
[2026-02-25T23:01:49.734Z] 6:01:49 PM [vite] (client) hmr update /src/pages/InfluxPassportPage.tsx, /src/index.css
[2026-02-25T23:02:10.609Z] 6:02:10 PM [vite] (client) hmr update /src/pages/InfluxPassportPage.tsx, /src/index.css
[2026-02-25T23:02:16.888Z] 6:02:16 PM [vite] (client) hmr update /src/pages/InfluxPassportPage.tsx, /src/index.css
[2026-02-25T23:04:08.756Z] [Auth] Missing session cookie
[2026-02-25T23:04:09.069Z] [Auth] Missing session cookie
[2026-02-25T23:04:13.809Z] [Auth] Missing session cookie
[2026-02-25T23:04:14.012Z] [Auth] Missing session cookie
[2026-02-25T23:04:43.742Z] [Auth] Missing session cookie
[2026-02-25T23:04:43.923Z] [Auth] Missing session cookie
[2026-02-25T23:05:08.384Z] [Auth] Missing session cookie
[2026-02-25T23:05:08.576Z] [Auth] Missing session cookie
[2026-02-25T23:27:05.261Z] [Auth] Missing session cookie
[2026-02-25T23:27:05.444Z] [Auth] Missing session cookie
[2026-02-25T23:27:44.635Z] [Auth] Missing session cookie
[2026-02-25T23:27:44.937Z] [Auth] Missing session cookie
[2026-02-25T23:27:47.930Z] [Auth] Missing session cookie
[2026-02-25T23:27:48.102Z] [Auth] Missing session cookie
[2026-02-25T23:28:12.818Z] 6:28:12 PM [tsx] change in ./drizzle/schema.ts Restarting...
[2026-02-25T23:28:14.578Z] c/home/ubuntu/influx-assistants/drizzle/schema.ts:869
[2026-02-25T23:28:14.579Z] qrCode: longtext("qr_code").notNull(),
[2026-02-25T23:28:14.579Z] ^
[2026-02-25T23:28:14.579Z] 
[2026-02-25T23:28:14.580Z] 
[2026-02-25T23:28:14.580Z] ReferenceError: longtext is not defined
[2026-02-25T23:28:14.580Z] at <anonymous> (/home/ubuntu/influx-assistants/drizzle/schema.ts:869:31)
[2026-02-25T23:28:14.580Z] at ModuleJob.run (node:internal/modules/esm/module_job:271:25)
[2026-02-25T23:28:14.581Z] at async onImport.tracePromise.__proto__ (node:internal/modules/esm/loader:547:26)
[2026-02-25T23:28:14.581Z] at async asyncRunEntryPointWithESMLoader (node:internal/modules/run_main:116:5)
[2026-02-25T23:28:14.581Z] 
[2026-02-25T23:28:14.581Z] Node.js v22.13.0
[2026-02-25T23:28:40.039Z] 6:28:40 PM [tsx] change in ./drizzle/schema.ts Rerunning...
[2026-02-25T23:28:41.410Z] c[OAuth] Initialized with baseURL: https://api.manus.im
[2026-02-25T23:28:41.799Z] [DirectLogin] Rota registrada: GET /api/direct-login/:token
[2026-02-25T23:28:41.852Z] Server running on http://localhost:3000/
[2026-02-25T23:28:41.852Z] [Jobs] Inicializando jobs em background...
[2026-02-25T23:28:41.896Z] [DailySync] Job agendado para rodar diariamente às 18:00
[2026-02-25T23:28:41.896Z] [Jobs] Todos os jobs foram inicializados
[2026-02-25T23:28:43.104Z] [baseline-browser-mapping] The data in this module is over two months old.  To ensure accurate Baseline data, please update: `npm i baseline-browser-mapping@latest -D`
[2026-02-25T23:28:49.308Z] [Auth] Missing session cookie
[2026-02-25T23:28:49.490Z] [Auth] Missing session cookie
[2026-02-25T23:29:34.507Z] [Auth] Missing session cookie
[2026-02-25T23:29:34.701Z] [Auth] Missing session cookie
[2026-02-25T23:30:37.645Z] Dev server process group stopped
[2026-02-25T23:30:39.619Z] ELIFECYCLE  Command failed.
[2026-02-25T23:30:39.646Z] Dev server process group force killed
[2026-02-25T23:30:39.656Z] Dev server exited with code -15
[2026-02-25T23:30:40.668Z] Starting dev server with command: pnpm run dev
[2026-02-25T23:30:41.508Z] 
[2026-02-25T23:30:41.508Z] > influx-personal-tutor@1.1.0 dev /home/ubuntu/influx-assistants
[2026-02-25T23:30:41.509Z] > NODE_ENV=development tsx watch server/_core/index.ts
[2026-02-25T23:30:41.509Z] 
[2026-02-25T23:30:42.941Z] [OAuth] Initialized with baseURL: https://api.manus.im
[2026-02-25T23:30:43.159Z] [DirectLogin] Rota registrada: GET /api/direct-login/:token
[2026-02-25T23:30:43.212Z] 6:30:43 PM [vite] (client) Re-optimizing dependencies because lockfile has changed
[2026-02-25T23:30:43.254Z] Server running on http://localhost:3000/
[2026-02-25T23:30:43.255Z] [Jobs] Inicializando jobs em background...
[2026-02-25T23:30:43.259Z] [DailySync] Job agendado para rodar diariamente às 18:00
[2026-02-25T23:30:43.260Z] [Jobs] Todos os jobs foram inicializados
[2026-02-25T23:30:56.179Z] [baseline-browser-mapping] The data in this module is over two months old.  To ensure accurate Baseline data, please update: `npm i baseline-browser-mapping@latest -D`
[2026-02-25T23:30:58.982Z] 6:30:58 PM [tsx] change in ./server/routers.ts Restarting...
[2026-02-25T23:31:00.540Z] c[OAuth] Initialized with baseURL: https://api.manus.im
[2026-02-25T23:31:00.789Z] [DirectLogin] Rota registrada: GET /api/direct-login/:token
[2026-02-25T23:31:00.838Z] Server running on http://localhost:3000/
[2026-02-25T23:31:00.838Z] [Jobs] Inicializando jobs em background...
[2026-02-25T23:31:00.856Z] [DailySync] Job agendado para rodar diariamente às 18:00
[2026-02-25T23:31:00.857Z] [Jobs] Todos os jobs foram inicializados
[2026-02-25T23:31:06.229Z] [baseline-browser-mapping] The data in this module is over two months old.  To ensure accurate Baseline data, please update: `npm i baseline-browser-mapping@latest -D`
[2026-02-25T23:32:28.644Z] [Auth] Missing session cookie
[2026-02-25T23:32:28.833Z] [Auth] Missing session cookie
[2026-02-25T23:32:32.416Z] [Auth] Missing session cookie
[2026-02-25T23:32:32.592Z] [Auth] Missing session cookie
[2026-02-25T23:34:10.985Z] [Auth] Missing session cookie
[2026-02-25T23:34:11.341Z] [Auth] Missing session cookie
[2026-02-25T23:35:29.123Z] [Auth] Missing session cookie
[2026-02-25T23:35:29.464Z] [Auth] Missing session cookie
[2026-02-26T00:46:47.614Z] [Auth] Missing session cookie
[2026-02-26T00:53:57.559Z] 7:53:57 PM [vite] (client) hmr update /src/App.tsx, /src/index.css
[2026-02-26T00:54:55.842Z] 7:54:55 PM [vite] (client) hmr update /src/App.tsx, /src/index.css
[2026-02-26T09:40:42.151Z] 4:40:42 AM [tsx] change in ./server/routers.ts Restarting...
[2026-02-26T09:40:45.019Z] c[OAuth] Initialized with baseURL: https://api.manus.im
[2026-02-26T09:40:45.557Z] [DirectLogin] Rota registrada: GET /api/direct-login/:token
[2026-02-26T09:40:45.702Z] Server running on http://localhost:3000/
[2026-02-26T09:40:45.703Z] [Jobs] Inicializando jobs em background...
[2026-02-26T09:40:45.745Z] [DailySync] Job agendado para rodar diariamente às 18:00
[2026-02-26T09:40:45.746Z] [Jobs] Todos os jobs foram inicializados
[2026-02-26T09:41:44.679Z] [baseline-browser-mapping] The data in this module is over two months old.  To ensure accurate Baseline data, please update: `npm i baseline-browser-mapping@latest -D`
[2026-02-26T09:41:49.883Z] [Auth] Missing session cookie
[2026-02-26T09:41:50.213Z] [Auth] Missing session cookie
[2026-02-26T09:42:00.549Z] [Auth] Missing session cookie
[2026-02-26T09:42:00.730Z] [Auth] Missing session cookie
[2026-02-26T09:42:01.249Z] [Admin Export] Error exporting active students: DrizzleQueryError: Failed query: select `student_book_history`.`book_id`, `student_book_history`.`status`, `student_book_history`.`started_at`, `student_book_history`.`completed_at`, `student_book_history`.`final_grade`, `books`.`name`, `books`.`level` from `student_book_history` inner join `books` on `student_book_history`.`book_id` = `books`.`id` where `student_book_history`.`student_id` = ? order by `student_book_history`.`started_at` limit ?
[2026-02-26T09:42:01.250Z] params: 1,1
[2026-02-26T09:42:01.250Z] at MySql2PreparedQuery.queryWithCache (/home/ubuntu/influx-assistants/node_modules/.pnpm/drizzle-orm@0.44.6_mysql2@3.15.1/node_modules/src/mysql-core/session.ts:79:11)
[2026-02-26T09:42:01.250Z] at process.processTicksAndRejections (node:internal/process/task_queues:105:5)
[2026-02-26T09:42:01.250Z] at async MySql2PreparedQuery.execute (/home/ubuntu/influx-assistants/node_modules/.pnpm/drizzle-orm@0.44.6_mysql2@3.15.1/node_modules/src/mysql2/session.ts:132:18)
[2026-02-26T09:42:01.251Z] at async <anonymous> (/home/ubuntu/influx-assistants/server/routers/admin-export.ts:52:39)
[2026-02-26T09:42:01.251Z] at async Promise.all (index 0)
[2026-02-26T09:42:01.251Z] at async <anonymous> (/home/ubuntu/influx-assistants/server/routers/admin-export.ts:42:32)
[2026-02-26T09:42:01.251Z] at async resolveMiddleware (/home/ubuntu/influx-assistants/node_modules/.pnpm/@trpc+server@11.6.0_typescript@5.9.3/node_modules/@trpc/server/src/unstable-core-do-not-import/procedureBuilder.ts:571:22)
[2026-02-26T09:42:01.251Z] at async callRecursive (/home/ubuntu/influx-assistants/node_modules/.pnpm/@trpc+server@11.6.0_typescript@5.9.3/node_modules/@trpc/server/src/unstable-core-do-not-import/procedureBuilder.ts:633:20)
[2026-02-26T09:42:01.252Z] at async callRecursive (/home/ubuntu/influx-assistants/node_modules/.pnpm/@trpc+server@11.6.0_typescript@5.9.3/node_modules/@trpc/server/src/unstable-core-do-not-import/procedureBuilder.ts:633:20)
[2026-02-26T09:42:01.252Z] at async procedure (/home/ubuntu/influx-assistants/node_modules/.pnpm/@trpc+server@11.6.0_typescript@5.9.3/node_modules/@trpc/server/src/unstable-core-do-not-import/procedureBuilder.ts:673:20)
[2026-02-26T09:42:01.252Z] at async <anonymous> (/home/ubuntu/influx-assistants/node_modules/.pnpm/@trpc+server@11.6.0_typescript@5.9.3/node_modules/@trpc/server/src/unstable-core-do-not-import/http/resolveResponse.ts:347:31)
[2026-02-26T09:42:01.253Z] at async Promise.all (index 2)
[2026-02-26T09:42:01.253Z] at async resolveResponse (/home/ubuntu/influx-assistants/node_modules/.pnpm/@trpc+server@11.6.0_typescript@5.9.3/node_modules/@trpc/server/src/unstable-core-do-not-import/http/resolveResponse.ts:613:35)
[2026-02-26T09:42:01.253Z] at async <anonymous> (/home/ubuntu/influx-assistants/node_modules/.pnpm/@trpc+server@11.6.0_typescript@5.9.3/node_modules/@trpc/server/src/adapters/node-http/nodeHTTPRequestHandler.ts:100:26) {
[2026-02-26T09:42:01.253Z] query: 'select `student_book_history`.`book_id`, `student_book_history`.`status`, `student_book_history`.`started_at`, `student_book_history`.`completed_at`, `student_book_history`.`final_grade`, `books`.`name`, `books`.`level` from `student_book_history` inner join `books` on `student_book_history`.`book_id` = `books`.`id` where `student_book_history`.`student_id` = ? order by `student_book_history`.`started_at` limit ?',
[2026-02-26T09:42:01.254Z] params: [ 1, 1 ],
[2026-02-26T09:42:01.254Z] cause: Error: Table '2anfqga4rarocxgp2d4pqb.student_book_history' doesn't exist
[2026-02-26T09:42:01.254Z] at PromisePool.query (/home/ubuntu/influx-assistants/node_modules/.pnpm/mysql2@3.15.1/node_modules/mysql2/lib/promise/pool.js:36:22)
[2026-02-26T09:42:01.254Z] at <anonymous> (/home/ubuntu/influx-assistants/node_modules/.pnpm/drizzle-orm@0.44.6_mysql2@3.15.1/node_modules/src/mysql2/session.ts:133:24)
[2026-02-26T09:42:01.254Z] at MySql2PreparedQuery.queryWithCache (/home/ubuntu/influx-assistants/node_modules/.pnpm/drizzle-orm@0.44.6_mysql2@3.15.1/node_modules/src/mysql-core/session.ts:77:18)
[2026-02-26T09:42:01.255Z] at MySql2PreparedQuery.execute (/home/ubuntu/influx-assistants/node_modules/.pnpm/drizzle-orm@0.44.6_mysql2@3.15.1/node_modules/src/mysql2/session.ts:132:29)
[2026-02-26T09:42:01.255Z] at MySqlSelectBase.execute (/home/ubuntu/influx-assistants/node_modules/.pnpm/drizzle-orm@0.44.6_mysql2@3.15.1/node_modules/src/mysql-core/query-builders/select.ts:1145:25)
[2026-02-26T09:42:01.255Z] at MySqlSelectBase.then (/home/ubuntu/influx-assistants/node_modules/.pnpm/drizzle-orm@0.44.6_mysql2@3.15.1/node_modules/src/query-promise.ts:31:15)
[2026-02-26T09:42:01.255Z] at process.processTicksAndRejections (node:internal/process/task_queues:105:5) {
[2026-02-26T09:42:01.256Z] code: 'ER_NO_SUCH_TABLE',
[2026-02-26T09:42:01.256Z] errno: 1146,
[2026-02-26T09:42:01.256Z] sql: 'select `student_book_history`.`book_id`, `student_book_history`.`status`, `student_book_history`.`started_at`, `student_book_history`.`completed_at`, `student_book_history`.`final_grade`, `books`.`name`, `books`.`level` from `student_book_history` inner join `books` on `student_book_history`.`book_id` = `books`.`id` where `student_book_history`.`student_id` = 1 order by `student_book_history`.`started_at` limit 1',
[2026-02-26T09:42:01.256Z] sqlState: '42S02',
[2026-02-26T09:42:01.256Z] sqlMessage: "Table '2anfqga4rarocxgp2d4pqb.student_book_history' doesn't exist"
[2026-02-26T09:42:01.257Z] }
[2026-02-26T09:42:01.257Z] }
[2026-02-26T09:42:03.678Z] [Admin Export] Error exporting CSV: DrizzleQueryError: Failed query: select `student_book_history`.`book_id`, `student_book_history`.`status`, `student_book_history`.`started_at`, `student_book_history`.`completed_at`, `student_book_history`.`final_grade`, `books`.`name`, `books`.`level` from `student_book_history` inner join `books` on `student_book_history`.`book_id` = `books`.`id` where `student_book_history`.`student_id` = ? order by `student_book_history`.`started_at` limit ?
[2026-02-26T09:42:03.679Z] params: 1,1
[2026-02-26T09:42:03.679Z] at MySql2PreparedQuery.queryWithCache (/home/ubuntu/influx-assistants/node_modules/.pnpm/drizzle-orm@0.44.6_mysql2@3.15.1/node_modules/src/mysql-core/session.ts:79:11)
[2026-02-26T09:42:03.680Z] at process.processTicksAndRejections (node:internal/process/task_queues:105:5)
[2026-02-26T09:42:03.680Z] at async MySql2PreparedQuery.execute (/home/ubuntu/influx-assistants/node_modules/.pnpm/drizzle-orm@0.44.6_mysql2@3.15.1/node_modules/src/mysql2/session.ts:132:18)
[2026-02-26T09:42:03.680Z] at async <anonymous> (/home/ubuntu/influx-assistants/server/routers/admin-export.ts:137:39)
[2026-02-26T09:42:03.680Z] at async Promise.all (index 0)
[2026-02-26T09:42:03.680Z] at async <anonymous> (/home/ubuntu/influx-assistants/server/routers/admin-export.ts:129:32)
[2026-02-26T09:42:03.681Z] at async resolveMiddleware (/home/ubuntu/influx-assistants/node_modules/.pnpm/@trpc+server@11.6.0_typescript@5.9.3/node_modules/@trpc/server/src/unstable-core-do-not-import/procedureBuilder.ts:571:22)
[2026-02-26T09:42:03.681Z] at async callRecursive (/home/ubuntu/influx-assistants/node_modules/.pnpm/@trpc+server@11.6.0_typescript@5.9.3/node_modules/@trpc/server/src/unstable-core-do-not-import/procedureBuilder.ts:633:20)
[2026-02-26T09:42:03.681Z] at async callRecursive (/home/ubuntu/influx-assistants/node_modules/.pnpm/@trpc+server@11.6.0_typescript@5.9.3/node_modules/@trpc/server/src/unstable-core-do-not-import/procedureBuilder.ts:633:20)
[2026-02-26T09:42:03.681Z] at async procedure (/home/ubuntu/influx-assistants/node_modules/.pnpm/@trpc+server@11.6.0_typescript@5.9.3/node_modules/@trpc/server/src/unstable-core-do-not-import/procedureBuilder.ts:673:20)
[2026-02-26T09:42:03.681Z] at async <anonymous> (/home/ubuntu/influx-assistants/node_modules/.pnpm/@trpc+server@11.6.0_typescript@5.9.3/node_modules/@trpc/server/src/unstable-core-do-not-import/http/resolveResponse.ts:347:31)
[2026-02-26T09:42:03.681Z] at async Promise.all (index 3)
[2026-02-26T09:42:03.682Z] at async resolveResponse (/home/ubuntu/influx-assistants/node_modules/.pnpm/@trpc+server@11.6.0_typescript@5.9.3/node_modules/@trpc/server/src/unstable-core-do-not-import/http/resolveResponse.ts:613:35)
[2026-02-26T09:42:03.682Z] at async <anonymous> (/home/ubuntu/influx-assistants/node_modules/.pnpm/@trpc+server@11.6.0_typescript@5.9.3/node_modules/@trpc/server/src/adapters/node-http/nodeHTTPRequestHandler.ts:100:26) {
[2026-02-26T09:42:03.682Z] query: 'select `student_book_history`.`book_id`, `student_book_history`.`status`, `student_book_history`.`started_at`, `student_book_history`.`completed_at`, `student_book_history`.`final_grade`, `books`.`name`, `books`.`level` from `student_book_history` inner join `books` on `student_book_history`.`book_id` = `books`.`id` where `student_book_history`.`student_id` = ? order by `student_book_history`.`started_at` limit ?',
[2026-02-26T09:42:03.682Z] params: [ 1, 1 ],
[2026-02-26T09:42:03.682Z] cause: Error: Table '2anfqga4rarocxgp2d4pqb.student_book_history' doesn't exist
[2026-02-26T09:42:03.683Z] at PromisePool.query (/home/ubuntu/influx-assistants/node_modules/.pnpm/mysql2@3.15.1/node_modules/mysql2/lib/promise/pool.js:36:22)
[2026-02-26T09:42:03.683Z] at <anonymous> (/home/ubuntu/influx-assistants/node_modules/.pnpm/drizzle-orm@0.44.6_mysql2@3.15.1/node_modules/src/mysql2/session.ts:133:24)
[2026-02-26T09:42:03.683Z] at MySql2PreparedQuery.queryWithCache (/home/ubuntu/influx-assistants/node_modules/.pnpm/drizzle-orm@0.44.6_mysql2@3.15.1/node_modules/src/mysql-core/session.ts:77:18)
[2026-02-26T09:42:03.683Z] at MySql2PreparedQuery.execute (/home/ubuntu/influx-assistants/node_modules/.pnpm/drizzle-orm@0.44.6_mysql2@3.15.1/node_modules/src/mysql2/session.ts:132:29)
[2026-02-26T09:42:03.683Z] at MySqlSelectBase.execute (/home/ubuntu/influx-assistants/node_modules/.pnpm/drizzle-orm@0.44.6_mysql2@3.15.1/node_modules/src/mysql-core/query-builders/select.ts:1145:25)
[2026-02-26T09:42:03.684Z] at MySqlSelectBase.then (/home/ubuntu/influx-assistants/node_modules/.pnpm/drizzle-orm@0.44.6_mysql2@3.15.1/node_modules/src/query-promise.ts:31:15)
[2026-02-26T09:42:03.684Z] at process.processTicksAndRejections (node:internal/process/task_queues:105:5) {
[2026-02-26T09:42:03.685Z] code: 'ER_NO_SUCH_TABLE',
[2026-02-26T09:42:03.685Z] errno: 1146,
[2026-02-26T09:42:03.685Z] sql: 'select `student_book_history`.`book_id`, `student_book_history`.`status`, `student_book_history`.`started_at`, `student_book_history`.`completed_at`, `student_book_history`.`final_grade`, `books`.`name`, `books`.`level` from `student_book_history` inner join `books` on `student_book_history`.`book_id` = `books`.`id` where `student_book_history`.`student_id` = 1 order by `student_book_history`.`started_at` limit 1',
[2026-02-26T09:42:03.685Z] sqlState: '42S02',
[2026-02-26T09:42:03.686Z] sqlMessage: "Table '2anfqga4rarocxgp2d4pqb.student_book_history' doesn't exist"
[2026-02-26T09:42:03.686Z] }
[2026-02-26T09:42:03.686Z] }
[2026-02-26T10:17:09.918Z] [Auth] Missing session cookie
[2026-02-26T10:17:10.268Z] [Auth] Missing session cookie
[2026-02-26T10:17:12.255Z] [Auth] Missing session cookie
[2026-02-26T10:17:12.456Z] [Auth] Missing session cookie
[2026-02-26T10:18:43.063Z] 5:18:43 AM [vite] (client) hmr update /src/App.tsx, /src/index.css
[2026-02-26T10:19:59.702Z] [Admin Export] Error exporting active students: DrizzleQueryError: Failed query: select `student_book_history`.`book_id`, `student_book_history`.`status`, `student_book_history`.`started_at`, `student_book_history`.`completed_at`, `student_book_history`.`final_grade`, `books`.`name`, `books`.`level` from `student_book_history` inner join `books` on `student_book_history`.`book_id` = `books`.`id` where `student_book_history`.`student_id` = ? order by `student_book_history`.`started_at` limit ?
[2026-02-26T10:19:59.702Z] params: 1,1
[2026-02-26T10:19:59.703Z] at MySql2PreparedQuery.queryWithCache (/home/ubuntu/influx-assistants/node_modules/.pnpm/drizzle-orm@0.44.6_mysql2@3.15.1/node_modules/src/mysql-core/session.ts:79:11)
[2026-02-26T10:19:59.703Z] at process.processTicksAndRejections (node:internal/process/task_queues:105:5)
[2026-02-26T10:19:59.703Z] at async MySql2PreparedQuery.execute (/home/ubuntu/influx-assistants/node_modules/.pnpm/drizzle-orm@0.44.6_mysql2@3.15.1/node_modules/src/mysql2/session.ts:132:18)
[2026-02-26T10:19:59.703Z] at async <anonymous> (/home/ubuntu/influx-assistants/server/routers/admin-export.ts:52:39)
[2026-02-26T10:19:59.704Z] at async Promise.all (index 0)
[2026-02-26T10:19:59.704Z] at async <anonymous> (/home/ubuntu/influx-assistants/server/routers/admin-export.ts:42:32)
[2026-02-26T10:19:59.704Z] at async resolveMiddleware (/home/ubuntu/influx-assistants/node_modules/.pnpm/@trpc+server@11.6.0_typescript@5.9.3/node_modules/@trpc/server/src/unstable-core-do-not-import/procedureBuilder.ts:571:22)
[2026-02-26T10:19:59.704Z] at async callRecursive (/home/ubuntu/influx-assistants/node_modules/.pnpm/@trpc+server@11.6.0_typescript@5.9.3/node_modules/@trpc/server/src/unstable-core-do-not-import/procedureBuilder.ts:633:20)
[2026-02-26T10:19:59.704Z] at async callRecursive (/home/ubuntu/influx-assistants/node_modules/.pnpm/@trpc+server@11.6.0_typescript@5.9.3/node_modules/@trpc/server/src/unstable-core-do-not-import/procedureBuilder.ts:633:20)
[2026-02-26T10:19:59.705Z] at async procedure (/home/ubuntu/influx-assistants/node_modules/.pnpm/@trpc+server@11.6.0_typescript@5.9.3/node_modules/@trpc/server/src/unstable-core-do-not-import/procedureBuilder.ts:673:20)
[2026-02-26T10:19:59.705Z] at async <anonymous> (/home/ubuntu/influx-assistants/node_modules/.pnpm/@trpc+server@11.6.0_typescript@5.9.3/node_modules/@trpc/server/src/unstable-core-do-not-import/http/resolveResponse.ts:347:31)
[2026-02-26T10:19:59.705Z] at async Promise.all (index 2)
[2026-02-26T10:19:59.705Z] at async resolveResponse (/home/ubuntu/influx-assistants/node_modules/.pnpm/@trpc+server@11.6.0_typescript@5.9.3/node_modules/@trpc/server/src/unstable-core-do-not-import/http/resolveResponse.ts:613:35)
[2026-02-26T10:19:59.706Z] at async <anonymous> (/home/ubuntu/influx-assistants/node_modules/.pnpm/@trpc+server@11.6.0_typescript@5.9.3/node_modules/@trpc/server/src/adapters/node-http/nodeHTTPRequestHandler.ts:100:26) {
[2026-02-26T10:19:59.706Z] query: 'select `student_book_history`.`book_id`, `student_book_history`.`status`, `student_book_history`.`started_at`, `student_book_history`.`completed_at`, `student_book_history`.`final_grade`, `books`.`name`, `books`.`level` from `student_book_history` inner join `books` on `student_book_history`.`book_id` = `books`.`id` where `student_book_history`.`student_id` = ? order by `student_book_history`.`started_at` limit ?',
[2026-02-26T10:19:59.706Z] params: [ 1, 1 ],
[2026-02-26T10:19:59.707Z] cause: Error: Table '2anfqga4rarocxgp2d4pqb.student_book_history' doesn't exist
[2026-02-26T10:19:59.707Z] at PromisePool.query (/home/ubuntu/influx-assistants/node_modules/.pnpm/mysql2@3.15.1/node_modules/mysql2/lib/promise/pool.js:36:22)
[2026-02-26T10:19:59.707Z] at <anonymous> (/home/ubuntu/influx-assistants/node_modules/.pnpm/drizzle-orm@0.44.6_mysql2@3.15.1/node_modules/src/mysql2/session.ts:133:24)
[2026-02-26T10:19:59.707Z] at MySql2PreparedQuery.queryWithCache (/home/ubuntu/influx-assistants/node_modules/.pnpm/drizzle-orm@0.44.6_mysql2@3.15.1/node_modules/src/mysql-core/session.ts:77:18)
[2026-02-26T10:19:59.708Z] at MySql2PreparedQuery.execute (/home/ubuntu/influx-assistants/node_modules/.pnpm/drizzle-orm@0.44.6_mysql2@3.15.1/node_modules/src/mysql2/session.ts:132:29)
[2026-02-26T10:19:59.708Z] at MySqlSelectBase.execute (/home/ubuntu/influx-assistants/node_modules/.pnpm/drizzle-orm@0.44.6_mysql2@3.15.1/node_modules/src/mysql-core/query-builders/select.ts:1145:25)
[2026-02-26T10:19:59.708Z] at MySqlSelectBase.then (/home/ubuntu/influx-assistants/node_modules/.pnpm/drizzle-orm@0.44.6_mysql2@3.15.1/node_modules/src/query-promise.ts:31:15)
[2026-02-26T10:19:59.708Z] at process.processTicksAndRejections (node:internal/process/task_queues:105:5) {
[2026-02-26T10:19:59.708Z] code: 'ER_NO_SUCH_TABLE',
[2026-02-26T10:19:59.709Z] errno: 1146,
[2026-02-26T10:19:59.709Z] sql: 'select `student_book_history`.`book_id`, `student_book_history`.`status`, `student_book_history`.`started_at`, `student_book_history`.`completed_at`, `student_book_history`.`final_grade`, `books`.`name`, `books`.`level` from `student_book_history` inner join `books` on `student_book_history`.`book_id` = `books`.`id` where `student_book_history`.`student_id` = 1 order by `student_book_history`.`started_at` limit 1',
[2026-02-26T10:19:59.709Z] sqlState: '42S02',
[2026-02-26T10:19:59.709Z] sqlMessage: "Table '2anfqga4rarocxgp2d4pqb.student_book_history' doesn't exist"
[2026-02-26T10:19:59.709Z] }
[2026-02-26T10:19:59.710Z] }
[2026-02-26T10:20:02.128Z] [Admin Export] Error exporting CSV: DrizzleQueryError: Failed query: select `student_book_history`.`book_id`, `student_book_history`.`status`, `student_book_history`.`started_at`, `student_book_history`.`completed_at`, `student_book_history`.`final_grade`, `books`.`name`, `books`.`level` from `student_book_history` inner join `books` on `student_book_history`.`book_id` = `books`.`id` where `student_book_history`.`student_id` = ? order by `student_book_history`.`started_at` limit ?
[2026-02-26T10:20:02.129Z] params: 1,1
[2026-02-26T10:20:02.129Z] at MySql2PreparedQuery.queryWithCache (/home/ubuntu/influx-assistants/node_modules/.pnpm/drizzle-orm@0.44.6_mysql2@3.15.1/node_modules/src/mysql-core/session.ts:79:11)
[2026-02-26T10:20:02.129Z] at process.processTicksAndRejections (node:internal/process/task_queues:105:5)
[2026-02-26T10:20:02.129Z] at async MySql2PreparedQuery.execute (/home/ubuntu/influx-assistants/node_modules/.pnpm/drizzle-orm@0.44.6_mysql2@3.15.1/node_modules/src/mysql2/session.ts:132:18)
[2026-02-26T10:20:02.130Z] at async <anonymous> (/home/ubuntu/influx-assistants/server/routers/admin-export.ts:137:39)
[2026-02-26T10:20:02.130Z] at async Promise.all (index 0)
[2026-02-26T10:20:02.130Z] at async <anonymous> (/home/ubuntu/influx-assistants/server/routers/admin-export.ts:129:32)
[2026-02-26T10:20:02.130Z] at async resolveMiddleware (/home/ubuntu/influx-assistants/node_modules/.pnpm/@trpc+server@11.6.0_typescript@5.9.3/node_modules/@trpc/server/src/unstable-core-do-not-import/procedureBuilder.ts:571:22)
[2026-02-26T10:20:02.130Z] at async callRecursive (/home/ubuntu/influx-assistants/node_modules/.pnpm/@trpc+server@11.6.0_typescript@5.9.3/node_modules/@trpc/server/src/unstable-core-do-not-import/procedureBuilder.ts:633:20)
[2026-02-26T10:20:02.131Z] at async callRecursive (/home/ubuntu/influx-assistants/node_modules/.pnpm/@trpc+server@11.6.0_typescript@5.9.3/node_modules/@trpc/server/src/unstable-core-do-not-import/procedureBuilder.ts:633:20)
[2026-02-26T10:20:02.131Z] at async procedure (/home/ubuntu/influx-assistants/node_modules/.pnpm/@trpc+server@11.6.0_typescript@5.9.3/node_modules/@trpc/server/src/unstable-core-do-not-import/procedureBuilder.ts:673:20)
[2026-02-26T10:20:02.131Z] at async <anonymous> (/home/ubuntu/influx-assistants/node_modules/.pnpm/@trpc+server@11.6.0_typescript@5.9.3/node_modules/@trpc/server/src/unstable-core-do-not-import/http/resolveResponse.ts:347:31)
[2026-02-26T10:20:02.131Z] at async Promise.all (index 3)
[2026-02-26T10:20:02.131Z] at async resolveResponse (/home/ubuntu/influx-assistants/node_modules/.pnpm/@trpc+server@11.6.0_typescript@5.9.3/node_modules/@trpc/server/src/unstable-core-do-not-import/http/resolveResponse.ts:613:35)
[2026-02-26T10:20:02.134Z] at async <anonymous> (/home/ubuntu/influx-assistants/node_modules/.pnpm/@trpc+server@11.6.0_typescript@5.9.3/node_modules/@trpc/server/src/adapters/node-http/nodeHTTPRequestHandler.ts:100:26) {
[2026-02-26T10:20:02.135Z] query: 'select `student_book_history`.`book_id`, `student_book_history`.`status`, `student_book_history`.`started_at`, `student_book_history`.`completed_at`, `student_book_history`.`final_grade`, `books`.`name`, `books`.`level` from `student_book_history` inner join `books` on `student_book_history`.`book_id` = `books`.`id` where `student_book_history`.`student_id` = ? order by `student_book_history`.`started_at` limit ?',
[2026-02-26T10:20:02.135Z] params: [ 1, 1 ],
[2026-02-26T10:20:02.136Z] cause: Error: Table '2anfqga4rarocxgp2d4pqb.student_book_history' doesn't exist
[2026-02-26T10:20:02.136Z] at PromisePool.query (/home/ubuntu/influx-assistants/node_modules/.pnpm/mysql2@3.15.1/node_modules/mysql2/lib/promise/pool.js:36:22)
[2026-02-26T10:20:02.136Z] at <anonymous> (/home/ubuntu/influx-assistants/node_modules/.pnpm/drizzle-orm@0.44.6_mysql2@3.15.1/node_modules/src/mysql2/session.ts:133:24)
[2026-02-26T10:20:02.137Z] at MySql2PreparedQuery.queryWithCache (/home/ubuntu/influx-assistants/node_modules/.pnpm/drizzle-orm@0.44.6_mysql2@3.15.1/node_modules/src/mysql-core/session.ts:77:18)
[2026-02-26T10:20:02.137Z] at MySql2PreparedQuery.execute (/home/ubuntu/influx-assistants/node_modules/.pnpm/drizzle-orm@0.44.6_mysql2@3.15.1/node_modules/src/mysql2/session.ts:132:29)
[2026-02-26T10:20:02.137Z] at MySqlSelectBase.execute (/home/ubuntu/influx-assistants/node_modules/.pnpm/drizzle-orm@0.44.6_mysql2@3.15.1/node_modules/src/mysql-core/query-builders/select.ts:1145:25)
[2026-02-26T10:20:02.137Z] at MySqlSelectBase.then (/home/ubuntu/influx-assistants/node_modules/.pnpm/drizzle-orm@0.44.6_mysql2@3.15.1/node_modules/src/query-promise.ts:31:15)
[2026-02-26T10:20:02.138Z] at process.processTicksAndRejections (node:internal/process/task_queues:105:5) {
[2026-02-26T10:20:02.138Z] code: 'ER_NO_SUCH_TABLE',
[2026-02-26T10:20:02.138Z] errno: 1146,
[2026-02-26T10:20:02.138Z] sql: 'select `student_book_history`.`book_id`, `student_book_history`.`status`, `student_book_history`.`started_at`, `student_book_history`.`completed_at`, `student_book_history`.`final_grade`, `books`.`name`, `books`.`level` from `student_book_history` inner join `books` on `student_book_history`.`book_id` = `books`.`id` where `student_book_history`.`student_id` = 1 order by `student_book_history`.`started_at` limit 1',
[2026-02-26T10:20:02.139Z] sqlState: '42S02',
[2026-02-26T10:20:02.139Z] sqlMessage: "Table '2anfqga4rarocxgp2d4pqb.student_book_history' doesn't exist"
[2026-02-26T10:20:02.139Z] }
[2026-02-26T10:20:02.139Z] }
[2026-02-26T10:21:14.631Z] [Admin Export] Error exporting CSV: DrizzleQueryError: Failed query: select `student_book_history`.`book_id`, `student_book_history`.`status`, `student_book_history`.`started_at`, `student_book_history`.`completed_at`, `student_book_history`.`final_grade`, `books`.`name`, `books`.`level` from `student_book_history` inner join `books` on `student_book_history`.`book_id` = `books`.`id` where `student_book_history`.`student_id` = ? order by `student_book_history`.`started_at` limit ?
[2026-02-26T10:21:14.633Z] params: 390074,1
[2026-02-26T10:21:14.633Z] at MySql2PreparedQuery.queryWithCache (/home/ubuntu/influx-assistants/node_modules/.pnpm/drizzle-orm@0.44.6_mysql2@3.15.1/node_modules/src/mysql-core/session.ts:79:11)
[2026-02-26T10:21:14.633Z] at process.processTicksAndRejections (node:internal/process/task_queues:105:5)
[2026-02-26T10:21:14.633Z] at async MySql2PreparedQuery.execute (/home/ubuntu/influx-assistants/node_modules/.pnpm/drizzle-orm@0.44.6_mysql2@3.15.1/node_modules/src/mysql2/session.ts:132:18)
[2026-02-26T10:21:14.634Z] at async <anonymous> (/home/ubuntu/influx-assistants/server/routers/admin-export.ts:137:39)
[2026-02-26T10:21:14.634Z] at async Promise.all (index 5)
[2026-02-26T10:21:14.634Z] at async <anonymous> (/home/ubuntu/influx-assistants/server/routers/admin-export.ts:129:32)
[2026-02-26T10:21:14.634Z] at async resolveMiddleware (/home/ubuntu/influx-assistants/node_modules/.pnpm/@trpc+server@11.6.0_typescript@5.9.3/node_modules/@trpc/server/src/unstable-core-do-not-import/procedureBuilder.ts:571:22)
[2026-02-26T10:21:14.635Z] at async callRecursive (/home/ubuntu/influx-assistants/node_modules/.pnpm/@trpc+server@11.6.0_typescript@5.9.3/node_modules/@trpc/server/src/unstable-core-do-not-import/procedureBuilder.ts:633:20)
[2026-02-26T10:21:14.635Z] at async callRecursive (/home/ubuntu/influx-assistants/node_modules/.pnpm/@trpc+server@11.6.0_typescript@5.9.3/node_modules/@trpc/server/src/unstable-core-do-not-import/procedureBuilder.ts:633:20)
[2026-02-26T10:21:14.635Z] at async procedure (/home/ubuntu/influx-assistants/node_modules/.pnpm/@trpc+server@11.6.0_typescript@5.9.3/node_modules/@trpc/server/src/unstable-core-do-not-import/procedureBuilder.ts:673:20)
[2026-02-26T10:21:14.635Z] at async <anonymous> (/home/ubuntu/influx-assistants/node_modules/.pnpm/@trpc+server@11.6.0_typescript@5.9.3/node_modules/@trpc/server/src/unstable-core-do-not-import/http/resolveResponse.ts:347:31)
[2026-02-26T10:21:14.635Z] at async Promise.all (index 3)
[2026-02-26T10:21:14.636Z] at async resolveResponse (/home/ubuntu/influx-assistants/node_modules/.pnpm/@trpc+server@11.6.0_typescript@5.9.3/node_modules/@trpc/server/src/unstable-core-do-not-import/http/resolveResponse.ts:613:35)
[2026-02-26T10:21:14.636Z] at async <anonymous> (/home/ubuntu/influx-assistants/node_modules/.pnpm/@trpc+server@11.6.0_typescript@5.9.3/node_modules/@trpc/server/src/adapters/node-http/nodeHTTPRequestHandler.ts:100:26) {
[2026-02-26T10:21:14.636Z] query: 'select `student_book_history`.`book_id`, `student_book_history`.`status`, `student_book_history`.`started_at`, `student_book_history`.`completed_at`, `student_book_history`.`final_grade`, `books`.`name`, `books`.`level` from `student_book_history` inner join `books` on `student_book_history`.`book_id` = `books`.`id` where `student_book_history`.`student_id` = ? order by `student_book_history`.`started_at` limit ?',
[2026-02-26T10:21:14.636Z] params: [ 390074, 1 ],
[2026-02-26T10:21:14.637Z] cause: Error: Table '2anfqga4rarocxgp2d4pqb.student_book_history' doesn't exist
[2026-02-26T10:21:14.637Z] at PromisePool.query (/home/ubuntu/influx-assistants/node_modules/.pnpm/mysql2@3.15.1/node_modules/mysql2/lib/promise/pool.js:36:22)
[2026-02-26T10:21:14.637Z] at <anonymous> (/home/ubuntu/influx-assistants/node_modules/.pnpm/drizzle-orm@0.44.6_mysql2@3.15.1/node_modules/src/mysql2/session.ts:133:24)
[2026-02-26T10:21:14.637Z] at MySql2PreparedQuery.queryWithCache (/home/ubuntu/influx-assistants/node_modules/.pnpm/drizzle-orm@0.44.6_mysql2@3.15.1/node_modules/src/mysql-core/session.ts:77:18)
[2026-02-26T10:21:14.637Z] at MySql2PreparedQuery.execute (/home/ubuntu/influx-assistants/node_modules/.pnpm/drizzle-orm@0.44.6_mysql2@3.15.1/node_modules/src/mysql2/session.ts:132:29)
[2026-02-26T10:21:14.638Z] at MySqlSelectBase.execute (/home/ubuntu/influx-assistants/node_modules/.pnpm/drizzle-orm@0.44.6_mysql2@3.15.1/node_modules/src/mysql-core/query-builders/select.ts:1145:25)
[2026-02-26T10:21:14.638Z] at MySqlSelectBase.then (/home/ubuntu/influx-assistants/node_modules/.pnpm/drizzle-orm@0.44.6_mysql2@3.15.1/node_modules/src/query-promise.ts:31:15)
[2026-02-26T10:21:14.638Z] at process.processTicksAndRejections (node:internal/process/task_queues:105:5) {
[2026-02-26T10:21:14.638Z] code: 'ER_NO_SUCH_TABLE',
[2026-02-26T10:21:14.639Z] errno: 1146,
[2026-02-26T10:21:14.639Z] sql: 'select `student_book_history`.`book_id`, `student_book_history`.`status`, `student_book_history`.`started_at`, `student_book_history`.`completed_at`, `student_book_history`.`final_grade`, `books`.`name`, `books`.`level` from `student_book_history` inner join `books` on `student_book_history`.`book_id` = `books`.`id` where `student_book_history`.`student_id` = 390074 order by `student_book_history`.`started_at` limit 1',
[2026-02-26T10:21:14.639Z] sqlState: '42S02',
[2026-02-26T10:21:14.639Z] sqlMessage: "Table '2anfqga4rarocxgp2d4pqb.student_book_history' doesn't exist"
[2026-02-26T10:21:14.640Z] }
[2026-02-26T10:21:14.640Z] }
[2026-02-26T10:21:15.716Z] [Admin Export] Error exporting active students: DrizzleQueryError: Failed query: select `student_book_history`.`book_id`, `student_book_history`.`status`, `student_book_history`.`started_at`, `student_book_history`.`completed_at`, `student_book_history`.`final_grade`, `books`.`name`, `books`.`level` from `student_book_history` inner join `books` on `student_book_history`.`book_id` = `books`.`id` where `student_book_history`.`student_id` = ? order by `student_book_history`.`started_at` limit ?
[2026-02-26T10:21:15.717Z] params: 1,1
[2026-02-26T10:21:15.717Z] at MySql2PreparedQuery.queryWithCache (/home/ubuntu/influx-assistants/node_modules/.pnpm/drizzle-orm@0.44.6_mysql2@3.15.1/node_modules/src/mysql-core/session.ts:79:11)
[2026-02-26T10:21:15.717Z] at process.processTicksAndRejections (node:internal/process/task_queues:105:5)
[2026-02-26T10:21:15.718Z] at async MySql2PreparedQuery.execute (/home/ubuntu/influx-assistants/node_modules/.pnpm/drizzle-orm@0.44.6_mysql2@3.15.1/node_modules/src/mysql2/session.ts:132:18)
[2026-02-26T10:21:15.718Z] at async <anonymous> (/home/ubuntu/influx-assistants/server/routers/admin-export.ts:52:39)
[2026-02-26T10:21:15.718Z] at async Promise.all (index 0)
[2026-02-26T10:21:15.718Z] at async <anonymous> (/home/ubuntu/influx-assistants/server/routers/admin-export.ts:42:32)
[2026-02-26T10:21:15.718Z] at async resolveMiddleware (/home/ubuntu/influx-assistants/node_modules/.pnpm/@trpc+server@11.6.0_typescript@5.9.3/node_modules/@trpc/server/src/unstable-core-do-not-import/procedureBuilder.ts:571:22)
[2026-02-26T10:21:15.719Z] at async callRecursive (/home/ubuntu/influx-assistants/node_modules/.pnpm/@trpc+server@11.6.0_typescript@5.9.3/node_modules/@trpc/server/src/unstable-core-do-not-import/procedureBuilder.ts:633:20)
[2026-02-26T10:21:15.719Z] at async callRecursive (/home/ubuntu/influx-assistants/node_modules/.pnpm/@trpc+server@11.6.0_typescript@5.9.3/node_modules/@trpc/server/src/unstable-core-do-not-import/procedureBuilder.ts:633:20)
[2026-02-26T10:21:15.719Z] at async procedure (/home/ubuntu/influx-assistants/node_modules/.pnpm/@trpc+server@11.6.0_typescript@5.9.3/node_modules/@trpc/server/src/unstable-core-do-not-import/procedureBuilder.ts:673:20)
[2026-02-26T10:21:15.720Z] at async <anonymous> (/home/ubuntu/influx-assistants/node_modules/.pnpm/@trpc+server@11.6.0_typescript@5.9.3/node_modules/@trpc/server/src/unstable-core-do-not-import/http/resolveResponse.ts:347:31)
[2026-02-26T10:21:15.720Z] at async Promise.all (index 2)
[2026-02-26T10:21:15.721Z] at async resolveResponse (/home/ubuntu/influx-assistants/node_modules/.pnpm/@trpc+server@11.6.0_typescript@5.9.3/node_modules/@trpc/server/src/unstable-core-do-not-import/http/resolveResponse.ts:613:35)
[2026-02-26T10:21:15.721Z] at async <anonymous> (/home/ubuntu/influx-assistants/node_modules/.pnpm/@trpc+server@11.6.0_typescript@5.9.3/node_modules/@trpc/server/src/adapters/node-http/nodeHTTPRequestHandler.ts:100:26) {
[2026-02-26T10:21:15.721Z] query: 'select `student_book_history`.`book_id`, `student_book_history`.`status`, `student_book_history`.`started_at`, `student_book_history`.`completed_at`, `student_book_history`.`final_grade`, `books`.`name`, `books`.`level` from `student_book_history` inner join `books` on `student_book_history`.`book_id` = `books`.`id` where `student_book_history`.`student_id` = ? order by `student_book_history`.`started_at` limit ?',
[2026-02-26T10:21:15.721Z] params: [ 1, 1 ],
[2026-02-26T10:21:15.722Z] cause: Error: Table '2anfqga4rarocxgp2d4pqb.student_book_history' doesn't exist
[2026-02-26T10:21:15.722Z] at PromisePool.query (/home/ubuntu/influx-assistants/node_modules/.pnpm/mysql2@3.15.1/node_modules/mysql2/lib/promise/pool.js:36:22)
[2026-02-26T10:21:15.722Z] at <anonymous> (/home/ubuntu/influx-assistants/node_modules/.pnpm/drizzle-orm@0.44.6_mysql2@3.15.1/node_modules/src/mysql2/session.ts:133:24)
[2026-02-26T10:21:15.722Z] at MySql2PreparedQuery.queryWithCache (/home/ubuntu/influx-assistants/node_modules/.pnpm/drizzle-orm@0.44.6_mysql2@3.15.1/node_modules/src/mysql-core/session.ts:77:18)
[2026-02-26T10:21:15.723Z] at MySql2PreparedQuery.execute (/home/ubuntu/influx-assistants/node_modules/.pnpm/drizzle-orm@0.44.6_mysql2@3.15.1/node_modules/src/mysql2/session.ts:132:29)
[2026-02-26T10:21:15.723Z] at MySqlSelectBase.execute (/home/ubuntu/influx-assistants/node_modules/.pnpm/drizzle-orm@0.44.6_mysql2@3.15.1/node_modules/src/mysql-core/query-builders/select.ts:1145:25)
[2026-02-26T10:21:15.723Z] at MySqlSelectBase.then (/home/ubuntu/influx-assistants/node_modules/.pnpm/drizzle-orm@0.44.6_mysql2@3.15.1/node_modules/src/query-promise.ts:31:15)
[2026-02-26T10:21:15.724Z] at process.processTicksAndRejections (node:internal/process/task_queues:105:5) {
[2026-02-26T10:21:15.724Z] code: 'ER_NO_SUCH_TABLE',
[2026-02-26T10:21:15.725Z] errno: 1146,
[2026-02-26T10:21:15.725Z] sql: 'select `student_book_history`.`book_id`, `student_book_history`.`status`, `student_book_history`.`started_at`, `student_book_history`.`completed_at`, `student_book_history`.`final_grade`, `books`.`name`, `books`.`level` from `student_book_history` inner join `books` on `student_book_history`.`book_id` = `books`.`id` where `student_book_history`.`student_id` = 1 order by `student_book_history`.`started_at` limit 1',
[2026-02-26T10:21:15.725Z] sqlState: '42S02',
[2026-02-26T10:21:15.725Z] sqlMessage: "Table '2anfqga4rarocxgp2d4pqb.student_book_history' doesn't exist"
[2026-02-26T10:21:15.726Z] }
[2026-02-26T10:21:15.726Z] }
[2026-02-26T10:21:48.412Z] [Auth] Missing session cookie
[2026-02-26T10:21:48.596Z] [Auth] Missing session cookie
[2026-02-26T10:32:49.790Z] [Auth] Missing session cookie
[2026-02-26T10:32:49.965Z] [Auth] Missing session cookie
[2026-02-26T10:45:43.706Z] 5:45:43 AM [vite] (client) hmr update /src/pages/Login.tsx, /src/index.css
[2026-02-26T10:45:52.642Z] 5:45:52 AM [vite] (client) hmr update /src/pages/Login.tsx, /src/index.css
[2026-02-26T10:46:43.759Z] 5:46:43 AM [vite] (client) hmr update /src/App.tsx, /src/index.css
[2026-02-26T10:47:02.375Z] [Auth] Missing session cookie
[2026-02-26T10:47:02.581Z] [Auth] Missing session cookie
[2026-02-26T10:47:10.872Z] [Auth] Missing session cookie
[2026-02-26T10:47:11.452Z] [Auth] Missing session cookie
[2026-02-26T10:47:25.862Z] 5:47:25 AM [tsx] change in ./drizzle/schema.ts Restarting...
[2026-02-26T10:47:27.821Z] c[OAuth] Initialized with baseURL: https://api.manus.im
[2026-02-26T10:47:28.293Z] [DirectLogin] Rota registrada: GET /api/direct-login/:token
[2026-02-26T10:47:28.342Z] Server running on http://localhost:3000/
[2026-02-26T10:47:28.343Z] [Jobs] Inicializando jobs em background...
[2026-02-26T10:47:28.388Z] [DailySync] Job agendado para rodar diariamente às 18:00
[2026-02-26T10:47:28.389Z] [Jobs] Todos os jobs foram inicializados
[2026-02-26T10:47:30.109Z] [baseline-browser-mapping] The data in this module is over two months old.  To ensure accurate Baseline data, please update: `npm i baseline-browser-mapping@latest -D`
[2026-02-26T10:47:35.633Z] [Auth] Missing session cookie
[2026-02-26T10:47:35.945Z] [Auth] Missing session cookie
[2026-02-26T10:48:25.523Z] 5:48:25 AM [tsx] change in ./server/routers.ts Restarting...
[2026-02-26T10:48:26.884Z] c[OAuth] Initialized with baseURL: https://api.manus.im
[2026-02-26T10:48:27.157Z] [DirectLogin] Rota registrada: GET /api/direct-login/:token
[2026-02-26T10:48:27.199Z] Server running on http://localhost:3000/
[2026-02-26T10:48:27.200Z] [Jobs] Inicializando jobs em background...
[2026-02-26T10:48:27.219Z] [DailySync] Job agendado para rodar diariamente às 18:00
[2026-02-26T10:48:27.220Z] [Jobs] Todos os jobs foram inicializados
[2026-02-26T10:49:37.709Z] [baseline-browser-mapping] The data in this module is over two months old.  To ensure accurate Baseline data, please update: `npm i baseline-browser-mapping@latest -D`
[2026-02-26T10:49:41.960Z] [Auth] Missing session cookie
[2026-02-26T10:49:42.291Z] [Auth] Missing session cookie
[2026-02-26T10:50:19.405Z] [Admin Export] Error exporting active students: DrizzleQueryError: Failed query: select `student_book_history`.`book_id`, `student_book_history`.`status`, `student_book_history`.`started_at`, `student_book_history`.`completed_at`, `student_book_history`.`final_grade`, `books`.`name`, `books`.`level` from `student_book_history` inner join `books` on `student_book_history`.`book_id` = `books`.`id` where `student_book_history`.`student_id` = ? order by `student_book_history`.`started_at` limit ?
[2026-02-26T10:50:19.406Z] params: 1,1
[2026-02-26T10:50:19.407Z] at MySql2PreparedQuery.queryWithCache (/home/ubuntu/influx-assistants/node_modules/.pnpm/drizzle-orm@0.44.6_mysql2@3.15.1/node_modules/src/mysql-core/session.ts:79:11)
[2026-02-26T10:50:19.407Z] at process.processTicksAndRejections (node:internal/process/task_queues:105:5)
[2026-02-26T10:50:19.407Z] at async MySql2PreparedQuery.execute (/home/ubuntu/influx-assistants/node_modules/.pnpm/drizzle-orm@0.44.6_mysql2@3.15.1/node_modules/src/mysql2/session.ts:132:18)
[2026-02-26T10:50:19.407Z] at async <anonymous> (/home/ubuntu/influx-assistants/server/routers/admin-export.ts:52:39)
[2026-02-26T10:50:19.408Z] at async Promise.all (index 0)
[2026-02-26T10:50:19.408Z] at async <anonymous> (/home/ubuntu/influx-assistants/server/routers/admin-export.ts:42:32)
[2026-02-26T10:50:19.408Z] at async resolveMiddleware (/home/ubuntu/influx-assistants/node_modules/.pnpm/@trpc+server@11.6.0_typescript@5.9.3/node_modules/@trpc/server/src/unstable-core-do-not-import/procedureBuilder.ts:571:22)
[2026-02-26T10:50:19.408Z] at async callRecursive (/home/ubuntu/influx-assistants/node_modules/.pnpm/@trpc+server@11.6.0_typescript@5.9.3/node_modules/@trpc/server/src/unstable-core-do-not-import/procedureBuilder.ts:633:20)
[2026-02-26T10:50:19.408Z] at async callRecursive (/home/ubuntu/influx-assistants/node_modules/.pnpm/@trpc+server@11.6.0_typescript@5.9.3/node_modules/@trpc/server/src/unstable-core-do-not-import/procedureBuilder.ts:633:20)
[2026-02-26T10:50:19.409Z] at async procedure (/home/ubuntu/influx-assistants/node_modules/.pnpm/@trpc+server@11.6.0_typescript@5.9.3/node_modules/@trpc/server/src/unstable-core-do-not-import/procedureBuilder.ts:673:20)
[2026-02-26T10:50:19.409Z] at async <anonymous> (/home/ubuntu/influx-assistants/node_modules/.pnpm/@trpc+server@11.6.0_typescript@5.9.3/node_modules/@trpc/server/src/unstable-core-do-not-import/http/resolveResponse.ts:347:31)
[2026-02-26T10:50:19.410Z] at async Promise.all (index 2)
[2026-02-26T10:50:19.410Z] at async resolveResponse (/home/ubuntu/influx-assistants/node_modules/.pnpm/@trpc+server@11.6.0_typescript@5.9.3/node_modules/@trpc/server/src/unstable-core-do-not-import/http/resolveResponse.ts:613:35)
[2026-02-26T10:50:19.410Z] at async <anonymous> (/home/ubuntu/influx-assistants/node_modules/.pnpm/@trpc+server@11.6.0_typescript@5.9.3/node_modules/@trpc/server/src/adapters/node-http/nodeHTTPRequestHandler.ts:100:26) {
[2026-02-26T10:50:19.410Z] query: 'select `student_book_history`.`book_id`, `student_book_history`.`status`, `student_book_history`.`started_at`, `student_book_history`.`completed_at`, `student_book_history`.`final_grade`, `books`.`name`, `books`.`level` from `student_book_history` inner join `books` on `student_book_history`.`book_id` = `books`.`id` where `student_book_history`.`student_id` = ? order by `student_book_history`.`started_at` limit ?',
[2026-02-26T10:50:19.411Z] params: [ 1, 1 ],
[2026-02-26T10:50:19.411Z] cause: Error: Table '2anfqga4rarocxgp2d4pqb.student_book_history' doesn't exist
[2026-02-26T10:50:19.411Z] at PromisePool.query (/home/ubuntu/influx-assistants/node_modules/.pnpm/mysql2@3.15.1/node_modules/mysql2/lib/promise/pool.js:36:22)
[2026-02-26T10:50:19.411Z] at <anonymous> (/home/ubuntu/influx-assistants/node_modules/.pnpm/drizzle-orm@0.44.6_mysql2@3.15.1/node_modules/src/mysql2/session.ts:133:24)
[2026-02-26T10:50:19.412Z] at MySql2PreparedQuery.queryWithCache (/home/ubuntu/influx-assistants/node_modules/.pnpm/drizzle-orm@0.44.6_mysql2@3.15.1/node_modules/src/mysql-core/session.ts:77:18)
[2026-02-26T10:50:19.412Z] at MySql2PreparedQuery.execute (/home/ubuntu/influx-assistants/node_modules/.pnpm/drizzle-orm@0.44.6_mysql2@3.15.1/node_modules/src/mysql2/session.ts:132:29)
[2026-02-26T10:50:19.412Z] at MySqlSelectBase.execute (/home/ubuntu/influx-assistants/node_modules/.pnpm/drizzle-orm@0.44.6_mysql2@3.15.1/node_modules/src/mysql-core/query-builders/select.ts:1145:25)
[2026-02-26T10:50:19.412Z] at MySqlSelectBase.then (/home/ubuntu/influx-assistants/node_modules/.pnpm/drizzle-orm@0.44.6_mysql2@3.15.1/node_modules/src/query-promise.ts:31:15)
[2026-02-26T10:50:19.413Z] at process.processTicksAndRejections (node:internal/process/task_queues:105:5) {
[2026-02-26T10:50:19.413Z] code: 'ER_NO_SUCH_TABLE',
[2026-02-26T10:50:19.413Z] errno: 1146,
[2026-02-26T10:50:19.414Z] sql: 'select `student_book_history`.`book_id`, `student_book_history`.`status`, `student_book_history`.`started_at`, `student_book_history`.`completed_at`, `student_book_history`.`final_grade`, `books`.`name`, `books`.`level` from `student_book_history` inner join `books` on `student_book_history`.`book_id` = `books`.`id` where `student_book_history`.`student_id` = 1 order by `student_book_history`.`started_at` limit 1',
[2026-02-26T10:50:19.414Z] sqlState: '42S02',
[2026-02-26T10:50:19.414Z] sqlMessage: "Table '2anfqga4rarocxgp2d4pqb.student_book_history' doesn't exist"
[2026-02-26T10:50:19.414Z] }
[2026-02-26T10:50:19.414Z] }
[2026-02-26T10:50:21.837Z] [Admin Export] Error exporting CSV: DrizzleQueryError: Failed query: select `student_book_history`.`book_id`, `student_book_history`.`status`, `student_book_history`.`started_at`, `student_book_history`.`completed_at`, `student_book_history`.`final_grade`, `books`.`name`, `books`.`level` from `student_book_history` inner join `books` on `student_book_history`.`book_id` = `books`.`id` where `student_book_history`.`student_id` = ? order by `student_book_history`.`started_at` limit ?
[2026-02-26T10:50:21.838Z] params: 1,1
[2026-02-26T10:50:21.838Z] at MySql2PreparedQuery.queryWithCache (/home/ubuntu/influx-assistants/node_modules/.pnpm/drizzle-orm@0.44.6_mysql2@3.15.1/node_modules/src/mysql-core/session.ts:79:11)
[2026-02-26T10:50:21.838Z] at process.processTicksAndRejections (node:internal/process/task_queues:105:5)
[2026-02-26T10:50:21.839Z] at async MySql2PreparedQuery.execute (/home/ubuntu/influx-assistants/node_modules/.pnpm/drizzle-orm@0.44.6_mysql2@3.15.1/node_modules/src/mysql2/session.ts:132:18)
[2026-02-26T10:50:21.839Z] at async <anonymous> (/home/ubuntu/influx-assistants/server/routers/admin-export.ts:137:39)
[2026-02-26T10:50:21.839Z] at async Promise.all (index 0)
[2026-02-26T10:50:21.839Z] at async <anonymous> (/home/ubuntu/influx-assistants/server/routers/admin-export.ts:129:32)
[2026-02-26T10:50:21.839Z] at async resolveMiddleware (/home/ubuntu/influx-assistants/node_modules/.pnpm/@trpc+server@11.6.0_typescript@5.9.3/node_modules/@trpc/server/src/unstable-core-do-not-import/procedureBuilder.ts:571:22)
[2026-02-26T10:50:21.840Z] at async callRecursive (/home/ubuntu/influx-assistants/node_modules/.pnpm/@trpc+server@11.6.0_typescript@5.9.3/node_modules/@trpc/server/src/unstable-core-do-not-import/procedureBuilder.ts:633:20)
[2026-02-26T10:50:21.840Z] at async callRecursive (/home/ubuntu/influx-assistants/node_modules/.pnpm/@trpc+server@11.6.0_typescript@5.9.3/node_modules/@trpc/server/src/unstable-core-do-not-import/procedureBuilder.ts:633:20)
[2026-02-26T10:50:21.840Z] at async procedure (/home/ubuntu/influx-assistants/node_modules/.pnpm/@trpc+server@11.6.0_typescript@5.9.3/node_modules/@trpc/server/src/unstable-core-do-not-import/procedureBuilder.ts:673:20)
[2026-02-26T10:50:21.840Z] at async <anonymous> (/home/ubuntu/influx-assistants/node_modules/.pnpm/@trpc+server@11.6.0_typescript@5.9.3/node_modules/@trpc/server/src/unstable-core-do-not-import/http/resolveResponse.ts:347:31)
[2026-02-26T10:50:21.841Z] at async Promise.all (index 3)
[2026-02-26T10:50:21.841Z] at async resolveResponse (/home/ubuntu/influx-assistants/node_modules/.pnpm/@trpc+server@11.6.0_typescript@5.9.3/node_modules/@trpc/server/src/unstable-core-do-not-import/http/resolveResponse.ts:613:35)
[2026-02-26T10:50:21.841Z] at async <anonymous> (/home/ubuntu/influx-assistants/node_modules/.pnpm/@trpc+server@11.6.0_typescript@5.9.3/node_modules/@trpc/server/src/adapters/node-http/nodeHTTPRequestHandler.ts:100:26) {
[2026-02-26T10:50:21.841Z] query: 'select `student_book_history`.`book_id`, `student_book_history`.`status`, `student_book_history`.`started_at`, `student_book_history`.`completed_at`, `student_book_history`.`final_grade`, `books`.`name`, `books`.`level` from `student_book_history` inner join `books` on `student_book_history`.`book_id` = `books`.`id` where `student_book_history`.`student_id` = ? order by `student_book_history`.`started_at` limit ?',
[2026-02-26T10:50:21.841Z] params: [ 1, 1 ],
[2026-02-26T10:50:21.842Z] cause: Error: Table '2anfqga4rarocxgp2d4pqb.student_book_history' doesn't exist
[2026-02-26T10:50:21.842Z] at PromisePool.query (/home/ubuntu/influx-assistants/node_modules/.pnpm/mysql2@3.15.1/node_modules/mysql2/lib/promise/pool.js:36:22)
[2026-02-26T10:50:21.842Z] at <anonymous> (/home/ubuntu/influx-assistants/node_modules/.pnpm/drizzle-orm@0.44.6_mysql2@3.15.1/node_modules/src/mysql2/session.ts:133:24)
[2026-02-26T10:50:21.842Z] at MySql2PreparedQuery.queryWithCache (/home/ubuntu/influx-assistants/node_modules/.pnpm/drizzle-orm@0.44.6_mysql2@3.15.1/node_modules/src/mysql-core/session.ts:77:18)
[2026-02-26T10:50:21.842Z] at MySql2PreparedQuery.execute (/home/ubuntu/influx-assistants/node_modules/.pnpm/drizzle-orm@0.44.6_mysql2@3.15.1/node_modules/src/mysql2/session.ts:132:29)
[2026-02-26T10:50:21.842Z] at MySqlSelectBase.execute (/home/ubuntu/influx-assistants/node_modules/.pnpm/drizzle-orm@0.44.6_mysql2@3.15.1/node_modules/src/mysql-core/query-builders/select.ts:1145:25)
[2026-02-26T10:50:21.843Z] at MySqlSelectBase.then (/home/ubuntu/influx-assistants/node_modules/.pnpm/drizzle-orm@0.44.6_mysql2@3.15.1/node_modules/src/query-promise.ts:31:15)
[2026-02-26T10:50:21.843Z] at process.processTicksAndRejections (node:internal/process/task_queues:105:5) {
[2026-02-26T10:50:21.843Z] code: 'ER_NO_SUCH_TABLE',
[2026-02-26T10:50:21.843Z] errno: 1146,
[2026-02-26T10:50:21.843Z] sql: 'select `student_book_history`.`book_id`, `student_book_history`.`status`, `student_book_history`.`started_at`, `student_book_history`.`completed_at`, `student_book_history`.`final_grade`, `books`.`name`, `books`.`level` from `student_book_history` inner join `books` on `student_book_history`.`book_id` = `books`.`id` where `student_book_history`.`student_id` = 1 order by `student_book_history`.`started_at` limit 1',
[2026-02-26T10:50:21.844Z] sqlState: '42S02',
[2026-02-26T10:50:21.844Z] sqlMessage: "Table '2anfqga4rarocxgp2d4pqb.student_book_history' doesn't exist"
[2026-02-26T10:50:21.844Z] }
[2026-02-26T10:50:21.844Z] }
[2026-02-26T10:58:49.262Z] [Auth] Missing session cookie
[2026-02-26T10:58:49.534Z] [Auth] Missing session cookie
[2026-02-26T11:00:16.877Z] [Auth] Missing session cookie
[2026-02-26T11:00:17.096Z] [Auth] Missing session cookie
[2026-02-26T11:05:18.331Z] [Auth] Missing session cookie
[2026-02-26T11:05:18.570Z] [Auth] Missing session cookie
[2026-02-26T11:12:38.635Z] 6:12:38 AM [vite] (client) hmr update /src/App.tsx, /src/index.css
[2026-02-26T11:15:03.100Z] Dev server process group stopped
[2026-02-26T11:15:03.102Z] ELIFECYCLE  Command failed.
[2026-02-26T11:15:03.141Z] Dev server exited with code -15
[2026-02-26T11:15:06.106Z] Starting dev server with command: pnpm run dev
[2026-02-26T11:15:06.757Z] 
[2026-02-26T11:15:06.758Z] > influx-personal-tutor@1.1.0 dev /home/ubuntu/influx-assistants
[2026-02-26T11:15:06.758Z] > NODE_ENV=development tsx watch server/_core/index.ts
[2026-02-26T11:15:06.758Z] 
[2026-02-26T11:15:08.625Z] [OAuth] Initialized with baseURL: https://api.manus.im
[2026-02-26T11:15:09.085Z] [DirectLogin] Rota registrada: GET /api/direct-login/:token
[2026-02-26T11:15:09.143Z] Server running on http://localhost:3000/
[2026-02-26T11:15:09.144Z] [Jobs] Inicializando jobs em background...
[2026-02-26T11:15:09.191Z] [DailySync] Job agendado para rodar diariamente às 18:00
[2026-02-26T11:15:09.192Z] [Jobs] Todos os jobs foram inicializados
[2026-02-26T11:15:12.614Z] [baseline-browser-mapping] The data in this module is over two months old.  To ensure accurate Baseline data, please update: `npm i baseline-browser-mapping@latest -D`
[2026-02-26T11:27:49.723Z] [Auth] Missing session cookie
[2026-02-26T11:27:49.912Z] [Auth] Missing session cookie
[2026-02-26T11:41:52.819Z] [Auth] Missing session cookie
[2026-02-26T11:41:53.342Z] [Auth] Missing session cookie
[2026-02-26T11:41:55.964Z] [Auth] Missing session cookie
[2026-02-26T11:41:56.491Z] [Auth] Missing session cookie
[2026-02-26T11:43:10.066Z] Dev server process group stopped
[2026-02-26T11:43:10.068Z] ELIFECYCLE  Command failed.
[2026-02-26T11:43:10.093Z] Dev server exited with code -15
[2026-02-26T11:43:13.089Z] Starting dev server with command: pnpm run dev
[2026-02-26T11:43:13.910Z] 
[2026-02-26T11:43:13.910Z] > influx-personal-tutor@1.1.0 dev /home/ubuntu/influx-assistants
[2026-02-26T11:43:13.911Z] > NODE_ENV=development tsx watch server/_core/index.ts
[2026-02-26T11:43:13.911Z] 
[2026-02-26T11:43:16.112Z] [OAuth] Initialized with baseURL: https://api.manus.im
[2026-02-26T11:43:16.629Z] [DirectLogin] Rota registrada: GET /api/direct-login/:token
[2026-02-26T11:43:16.685Z] Server running on http://localhost:3000/
[2026-02-26T11:43:16.686Z] [Jobs] Inicializando jobs em background...
[2026-02-26T11:43:16.744Z] [DailySync] Job agendado para rodar diariamente às 18:00
[2026-02-26T11:43:16.745Z] [Jobs] Todos os jobs foram inicializados
[2026-02-26T11:43:19.878Z] [baseline-browser-mapping] The data in this module is over two months old.  To ensure accurate Baseline data, please update: `npm i baseline-browser-mapping@latest -D`
[2026-02-26T12:02:23.733Z] [Auth] Missing session cookie
[2026-02-26T12:02:24.152Z] [Auth] Missing session cookie
[2026-02-26T12:23:30.148Z] [Auth] Missing session cookie
[2026-02-26T12:23:30.476Z] [Auth] Missing session cookie
[2026-02-26T12:43:29.757Z] [Auth] Missing session cookie
[2026-02-26T12:43:30.099Z] [Auth] Missing session cookie
[2026-02-26T12:51:14.642Z] [Auth] Missing session cookie
[2026-02-26T12:51:14.823Z] [Auth] Missing session cookie
[2026-02-26T13:18:35.258Z] [Auth] Missing session cookie
[2026-02-26T13:18:35.541Z] [Auth] Missing session cookie
[2026-02-26T15:00:23.622Z] [Auth] Missing session cookie
[2026-02-26T15:00:23.810Z] [Auth] Missing session cookie
[2026-02-26T15:00:53.991Z] Dev server process group stopped
[2026-02-26T15:00:57.112Z] Starting dev server with command: pnpm run dev
[2026-02-26T15:00:58.791Z] 
[2026-02-26T15:00:58.792Z] > influx-personal-tutor@1.1.0 dev /home/ubuntu/influx-assistants
[2026-02-26T15:00:58.792Z] > NODE_ENV=development tsx watch server/_core/index.ts
[2026-02-26T15:00:58.793Z] 
[2026-02-26T15:01:06.075Z] [OAuth] Initialized with baseURL: https://api.manus.im
[2026-02-26T15:01:06.941Z] [DirectLogin] Rota registrada: GET /api/direct-login/:token
[2026-02-26T15:01:07.113Z] Server running on http://localhost:3000/
[2026-02-26T15:01:07.114Z] [Jobs] Inicializando jobs em background...
[2026-02-26T15:01:07.129Z] [DailySync] Job agendado para rodar diariamente às 18:00
[2026-02-26T15:01:07.130Z] [Jobs] Todos os jobs foram inicializados
[2026-02-26T15:01:08.252Z] [baseline-browser-mapping] The data in this module is over two months old.  To ensure accurate Baseline data, please update: `npm i baseline-browser-mapping@latest -D`
[2026-02-26T15:01:12.124Z] [Auth] Missing session cookie
[2026-02-26T15:01:12.387Z] [Auth] Missing session cookie
[2026-02-26T15:11:16.681Z] [Auth] Missing session cookie
[2026-02-26T15:11:17.024Z] [Auth] Missing session cookie
[2026-02-26T15:18:54.602Z] [Auth] Missing session cookie
[2026-02-26T15:18:54.912Z] [Auth] Missing session cookie
[2026-02-26T15:19:26.389Z] [Auth] Missing session cookie
[2026-02-26T15:19:47.218Z] 10:19:47 AM [vite] (client) hmr update /src/pages/ExtraExercisesPage.tsx, /src/index.css
[2026-02-26T15:22:06.790Z] 10:22:06 AM [vite] (client) hmr update /src/pages/ExtraExercisesPage.tsx, /src/index.css
[2026-02-26T15:22:18.316Z] 10:22:18 AM [vite] (client) hmr update /src/pages/ExtraExercisesPage.tsx, /src/index.css
[2026-02-26T15:22:48.633Z] 10:22:48 AM [vite] (client) hmr update /src/pages/ExtraExercisesPage.tsx, /src/index.css
[2026-02-26T15:40:53.126Z] [Auth] Missing session cookie
[2026-02-26T15:40:53.320Z] [Auth] Missing session cookie
[2026-02-26T15:59:22.376Z] [Auth] Missing session cookie
[2026-02-26T15:59:22.560Z] [Auth] Missing session cookie
[2026-02-26T16:03:28.449Z] [Auth] Missing session cookie
[2026-02-26T16:03:28.682Z] [Auth] Missing session cookie
[2026-02-26T16:05:08.720Z] 11:05:08 AM [tsx] change in ./drizzle/schema.ts Restarting...
[2026-02-26T16:05:10.713Z] c[OAuth] Initialized with baseURL: https://api.manus.im
[2026-02-26T16:05:11.204Z] [DirectLogin] Rota registrada: GET /api/direct-login/:token
[2026-02-26T16:05:11.250Z] Server running on http://localhost:3000/
[2026-02-26T16:05:11.251Z] [Jobs] Inicializando jobs em background...
[2026-02-26T16:05:11.266Z] [DailySync] Job agendado para rodar diariamente às 18:00
[2026-02-26T16:05:11.266Z] [Jobs] Todos os jobs foram inicializados
[2026-02-26T16:05:16.567Z] [baseline-browser-mapping] The data in this module is over two months old.  To ensure accurate Baseline data, please update: `npm i baseline-browser-mapping@latest -D`
[2026-02-26T16:10:28.378Z] 11:10:28 AM [tsx] change in ./server/routers.ts Restarting...
[2026-02-26T16:10:29.876Z] c[OAuth] Initialized with baseURL: https://api.manus.im
[2026-02-26T16:10:30.119Z] [DirectLogin] Rota registrada: GET /api/direct-login/:token
[2026-02-26T16:10:30.163Z] Server running on http://localhost:3000/
[2026-02-26T16:10:30.164Z] [Jobs] Inicializando jobs em background...
[2026-02-26T16:10:30.180Z] [DailySync] Job agendado para rodar diariamente às 18:00
[2026-02-26T16:10:30.181Z] [Jobs] Todos os jobs foram inicializados
[2026-02-26T16:10:35.783Z] [baseline-browser-mapping] The data in this module is over two months old.  To ensure accurate Baseline data, please update: `npm i baseline-browser-mapping@latest -D`
[2026-02-26T16:56:08.256Z] [Auth] Missing session cookie
[2026-02-26T16:56:08.457Z] [Auth] Missing session cookie
[2026-02-26T17:03:45.368Z] [Auth] Missing session cookie
[2026-02-26T17:03:45.691Z] [Auth] Missing session cookie
[2026-02-26T17:26:13.130Z] [Auth] Missing session cookie
[2026-02-26T17:26:13.319Z] [Auth] Missing session cookie
[2026-02-26T17:47:52.001Z] [Auth] Missing session cookie
[2026-02-26T17:47:52.009Z] [Auth] Missing session cookie
[2026-02-26T17:47:59.915Z] [Auth] Missing session cookie
[2026-02-26T17:48:00.096Z] [Auth] Missing session cookie
[2026-02-26T18:02:06.844Z] [Auth] Missing session cookie
[2026-02-26T18:02:07.255Z] [Auth] Missing session cookie
[2026-02-26T18:56:35.104Z] [Auth] Missing session cookie
[2026-02-26T18:56:40.925Z] [Auth] Missing session cookie
[2026-02-26T18:56:41.234Z] [Auth] Missing session cookie
[2026-02-26T19:03:24.785Z] [Auth] Missing session cookie
[2026-02-26T19:44:00.797Z] [Auth] Missing session cookie
[2026-02-26T19:44:00.998Z] [Auth] Missing session cookie
[2026-02-26T19:44:03.285Z] [Auth] Missing session cookie
[2026-02-26T19:44:03.459Z] [Auth] Missing session cookie
[2026-02-26T19:46:35.591Z] [Auth] Missing session cookie
[2026-02-26T19:46:35.769Z] [Auth] Missing session cookie
[2026-02-26T19:46:38.424Z] [Auth] Missing session cookie
[2026-02-26T19:46:38.593Z] [Auth] Missing session cookie
[2026-02-26T19:51:18.828Z] [Auth] Missing session cookie
[2026-02-26T19:51:22.265Z] [Auth] Missing session cookie
[2026-02-26T19:51:22.557Z] [Auth] Missing session cookie
[2026-02-26T19:53:41.152Z] [Auth] Missing session cookie
[2026-02-26T19:53:45.070Z] [Auth] Missing session cookie
[2026-02-26T19:53:45.174Z] [Auth] Missing session cookie
[2026-02-26T19:53:45.264Z] [Auth] Missing session cookie
[2026-02-26T19:53:45.383Z] [Auth] Missing session cookie
[2026-02-26T19:53:59.358Z] [Auth] Missing session cookie
[2026-02-26T19:54:00.628Z] [Auth] Missing session cookie
[2026-02-26T19:54:02.808Z] [Auth] Missing session cookie
[2026-02-26T19:54:06.981Z] [Auth] Missing session cookie
[2026-02-26T19:54:15.764Z] [Auth] Missing session cookie
[2026-02-26T19:54:15.964Z] [Auth] Missing session cookie
[2026-02-26T19:54:22.845Z] [Auth] Missing session cookie
[2026-02-26T19:54:24.063Z] [Auth] Missing session cookie
[2026-02-26T19:54:26.228Z] [Auth] Missing session cookie
[2026-02-26T19:54:30.410Z] [Auth] Missing session cookie
[2026-02-26T20:13:57.519Z] [Auth] Missing session cookie
[2026-02-26T20:13:59.871Z] [Auth] Missing session cookie
[2026-02-26T20:14:00.066Z] [Auth] Missing session cookie
[2026-02-26T20:24:42.165Z] [Auth] Missing session cookie
[2026-02-26T20:24:42.555Z] [Auth] Missing session cookie
[2026-02-26T20:37:32.418Z] [Auth] Missing session cookie
[2026-02-26T20:37:32.598Z] [Auth] Missing session cookie
[2026-02-26T20:50:17.880Z] [Auth] Missing session cookie
[2026-02-26T20:50:18.330Z] [Auth] Missing session cookie
[2026-02-26T21:00:00.009Z] [DailySync] Executando sincronização agendada...
[2026-02-26T21:00:00.011Z] [DailySync] Iniciando sincronização diária...
[2026-02-26T21:00:00.394Z] [DailySync] Nenhum aluno novo encontrado
[2026-02-26T21:04:54.331Z] [Auth] Missing session cookie
[2026-02-26T21:04:54.660Z] [Auth] Missing session cookie
[2026-02-27T20:34:57.944Z] Dev server process group stopped
[2026-02-27T20:35:00.963Z] Starting dev server with command: pnpm run dev
[2026-02-27T20:35:01.744Z] 
[2026-02-27T20:35:01.745Z] > influx-personal-tutor@1.1.0 dev /home/ubuntu/influx-assistants
[2026-02-27T20:35:01.745Z] > NODE_ENV=development tsx watch server/_core/index.ts
[2026-02-27T20:35:01.745Z] 
[2026-02-27T20:35:03.328Z] [OAuth] Initialized with baseURL: https://api.manus.im
[2026-02-27T20:35:04.151Z] [DirectLogin] Rota registrada: GET /api/direct-login/:token
[2026-02-27T20:35:04.153Z] Server running on http://localhost:3000/
[2026-02-27T20:35:04.153Z] [Jobs] Inicializando jobs em background...
[2026-02-27T20:35:04.156Z] [DailySync] Job agendado para rodar diariamente às 18:00
[2026-02-27T20:35:04.156Z] [Jobs] Todos os jobs foram inicializados
[2026-02-27T20:35:04.565Z] [baseline-browser-mapping] The data in this module is over two months old.  To ensure accurate Baseline data, please update: `npm i baseline-browser-mapping@latest -D`
[2026-02-27T20:40:00.731Z] [Auth] Missing session cookie
[2026-02-27T20:40:01.183Z] [Auth] Missing session cookie
[2026-02-27T20:40:05.274Z] [Auth] Missing session cookie
[2026-02-27T20:40:05.490Z] [Auth] Missing session cookie
[2026-02-27T21:00:00.010Z] [DailySync] Executando sincronização agendada...
[2026-02-27T21:00:00.011Z] [DailySync] Iniciando sincronização diária...
[2026-02-27T21:00:00.405Z] [DailySync] Nenhum aluno novo encontrado
[2026-02-27T21:07:55.387Z] [Auth] Missing session cookie
[2026-02-27T21:07:55.800Z] [Auth] Missing session cookie
[2026-02-27T21:20:34.948Z] [Auth] Missing session cookie
[2026-02-27T21:20:35.279Z] [Auth] Missing session cookie
[2026-02-27T21:30:14.838Z] [Auth] Missing session cookie
[2026-02-27T21:30:15.362Z] [Auth] Missing session cookie
[2026-02-27T21:39:54.955Z] [Auth] Missing session cookie
[2026-02-27T21:39:55.366Z] [Auth] Missing session cookie
[2026-03-01T14:17:22.981Z] [2026-03-01T14:17:22.636Z] [PID: 80381] [32m[NODE-CRON][32m [33m[WARN][0m missed execution at Sat Feb 28 2026 16:00:00 GMT-0500 (Eastern Standard Time)! Possible blocking IO or high CPU user at the same process used by node-cron.
[2026-03-01T14:18:15.509Z] 9:18:15 AM [vite] (client) hmr update /src/App.tsx, /src/index.css
[2026-03-01T14:28:19.349Z] [Auth] Missing session cookie
[2026-03-01T14:28:19.530Z] [Auth] Missing session cookie
[2026-03-01T14:28:22.835Z] [Auth] Missing session cookie
[2026-03-01T14:28:23.012Z] [Auth] Missing session cookie
[2026-03-01T16:00:48.197Z] [Auth] Missing session cookie
[2026-03-01T16:00:48.376Z] [Auth] Missing session cookie
[2026-03-01T16:00:51.122Z] [Auth] Missing session cookie
[2026-03-01T16:00:51.292Z] [Auth] Missing session cookie
[2026-03-01T16:02:25.451Z] 11:02:25 AM [vite] (client) hmr update /src/pages/AdminDashboard.tsx, /src/index.css
[2026-03-01T16:02:25.533Z] 11:02:25 AM [vite] Internal server error: /home/ubuntu/influx-assistants/client/src/pages/AdminDashboard.tsx: Identifier 'useAuth' has already been declared. (10:9)
[2026-03-01T16:02:25.534Z] 
[2026-03-01T16:02:25.534Z] 8 | import { useState } from "react";
[2026-03-01T16:02:25.534Z] 9 | import { trpc } from "@/lib/trpc";
[2026-03-01T16:02:25.534Z] > 10 | import { useAuth } from "@/lib/auth";
[2026-03-01T16:02:25.535Z] |          ^
[2026-03-01T16:02:25.535Z] 11 |
[2026-03-01T16:02:25.535Z] 12 | interface StudentData {
[2026-03-01T16:02:25.535Z] 13 |   id: number;
[2026-03-01T16:02:25.535Z] Plugin: vite:react-babel
[2026-03-01T16:02:25.535Z] File: /home/ubuntu/influx-assistants/client/src/pages/AdminDashboard.tsx:10:9
[2026-03-01T16:02:25.536Z] 8  |  import { useState } from "react";
[2026-03-01T16:02:25.536Z] 9  |  import { trpc } from "@/lib/trpc";
[2026-03-01T16:02:25.536Z] 10 |  import { useAuth } from "@/lib/auth";
[2026-03-01T16:02:25.536Z] |           ^
[2026-03-01T16:02:25.536Z] 11 |
[2026-03-01T16:02:25.536Z] 12 |  interface StudentData {
[2026-03-01T16:02:25.536Z] at toParseError (/home/ubuntu/influx-assistants/node_modules/.pnpm/@babel+parser@7.28.4/node_modules/@babel/parser/src/parse-error.ts:95:45)
[2026-03-01T16:02:25.537Z] at raise (/home/ubuntu/influx-assistants/node_modules/.pnpm/@babel+parser@7.28.4/node_modules/@babel/parser/src/tokenizer/index.ts:1503:19)
[2026-03-01T16:02:25.537Z] at declareName (/home/ubuntu/influx-assistants/node_modules/.pnpm/@babel+parser@7.28.4/node_modules/@babel/parser/src/plugins/typescript/scope.ts:72:21)
[2026-03-01T16:02:25.537Z] at declareNameFromIdentifier (/home/ubuntu/influx-assistants/node_modules/.pnpm/@babel+parser@7.28.4/node_modules/@babel/parser/src/parser/lval.ts:818:16)
[2026-03-01T16:02:25.537Z] at checkIdentifier (/home/ubuntu/influx-assistants/node_modules/.pnpm/@babel+parser@7.28.4/node_modules/@babel/parser/src/parser/lval.ts:813:12)
[2026-03-01T16:02:25.537Z] at checkLVal (/home/ubuntu/influx-assistants/node_modules/.pnpm/@babel+parser@7.28.4/node_modules/@babel/parser/src/parser/lval.ts:713:12)
[2026-03-01T16:02:25.537Z] at finishImportSpecifier (/home/ubuntu/influx-assistants/node_modules/.pnpm/@babel+parser@7.28.4/node_modules/@babel/parser/src/parser/statement.ts:3223:10)
[2026-03-01T16:02:25.538Z] at parseImportSpecifier (/home/ubuntu/influx-assistants/node_modules/.pnpm/@babel+parser@7.28.4/node_modules/@babel/parser/src/parser/statement.ts:3480:17)
[2026-03-01T16:02:25.538Z] at parseImportSpecifier (/home/ubuntu/influx-assistants/node_modules/.pnpm/@babel+parser@7.28.4/node_modules/@babel/parser/src/plugins/typescript/index.ts:4359:20)
[2026-03-01T16:02:25.538Z] at parseNamedImportSpecifiers (/home/ubuntu/influx-assistants/node_modules/.pnpm/@babel+parser@7.28.4/node_modules/@babel/parser/src/parser/statement.ts:3441:36)
[2026-03-01T16:02:25.538Z] at parseImportSpecifiersAndAfter (/home/ubuntu/influx-assistants/node_modules/.pnpm/@babel+parser@7.28.4/node_modules/@babel/parser/src/parser/statement.ts:3173:37)
[2026-03-01T16:02:25.538Z] at parseImport (/home/ubuntu/influx-assistants/node_modules/.pnpm/@babel+parser@7.28.4/node_modules/@babel/parser/src/parser/statement.ts:3142:17)
[2026-03-01T16:02:25.539Z] at parseImport (/home/ubuntu/influx-assistants/node_modules/.pnpm/@babel+parser@7.28.4/node_modules/@babel/parser/src/plugins/typescript/index.ts:3011:28)
[2026-03-01T16:02:25.539Z] at parseStatementContent (/home/ubuntu/influx-assistants/node_modules/.pnpm/@babel+parser@7.28.4/node_modules/@babel/parser/src/parser/statement.ts:642:25)
[2026-03-01T16:02:25.539Z] at parseStatementContent (/home/ubuntu/influx-assistants/node_modules/.pnpm/@babel+parser@7.28.4/node_modules/@babel/parser/src/plugins/typescript/index.ts:3185:20)
[2026-03-01T16:02:25.539Z] at parseStatementLike (/home/ubuntu/influx-assistants/node_modules/.pnpm/@babel+parser@7.28.4/node_modules/@babel/parser/src/parser/statement.ts:477:17)
[2026-03-01T16:02:25.539Z] at parseModuleItem (/home/ubuntu/influx-assistants/node_modules/.pnpm/@babel+parser@7.28.4/node_modules/@babel/parser/src/parser/statement.ts:414:17)
[2026-03-01T16:02:25.539Z] at parseBlockOrModuleBlockBody (/home/ubuntu/influx-assistants/node_modules/.pnpm/@babel+parser@7.28.4/node_modules/@babel/parser/src/parser/statement.ts:1438:16)
[2026-03-01T16:02:25.540Z] at parseBlockBody (/home/ubuntu/influx-assistants/node_modules/.pnpm/@babel+parser@7.28.4/node_modules/@babel/parser/src/parser/statement.ts:1412:10)
[2026-03-01T16:02:25.540Z] at parseProgram (/home/ubuntu/influx-assistants/node_modules/.pnpm/@babel+parser@7.28.4/node_modules/@babel/parser/src/parser/statement.ts:229:10)
[2026-03-01T16:02:25.540Z] at parseTopLevel (/home/ubuntu/influx-assistants/node_modules/.pnpm/@babel+parser@7.28.4/node_modules/@babel/parser/src/parser/statement.ts:203:25)
[2026-03-01T16:02:25.540Z] at parse (/home/ubuntu/influx-assistants/node_modules/.pnpm/@babel+parser@7.28.4/node_modules/@babel/parser/src/parser/index.ts:93:10)
[2026-03-01T16:02:25.541Z] at parse (/home/ubuntu/influx-assistants/node_modules/.pnpm/@babel+parser@7.28.4/node_modules/@babel/parser/src/plugins/typescript/index.ts:4309:20)
[2026-03-01T16:02:25.541Z] at parse (/home/ubuntu/influx-assistants/node_modules/.pnpm/@babel+parser@7.28.4/node_modules/@babel/parser/src/index.ts:92:38)
[2026-03-01T16:02:25.541Z] at parser (/home/ubuntu/influx-assistants/node_modules/.pnpm/@babel+core@7.28.4/node_modules/@babel/core/src/parser/index.ts:28:19)
[2026-03-01T16:02:25.541Z] at parser.next (<anonymous>)
[2026-03-01T16:02:25.542Z] at normalizeFile (/home/ubuntu/influx-assistants/node_modules/.pnpm/@babel+core@7.28.4/node_modules/@babel/core/src/transformation/normalize-file.ts:49:24)
[2026-03-01T16:02:25.542Z] at normalizeFile.next (<anonymous>)
[2026-03-01T16:02:25.542Z] at run (/home/ubuntu/influx-assistants/node_modules/.pnpm/@babel+core@7.28.4/node_modules/@babel/core/src/transformation/index.ts:40:36)
[2026-03-01T16:02:25.542Z] at run.next (<anonymous>)
[2026-03-01T16:02:25.542Z] at transform (/home/ubuntu/influx-assistants/node_modules/.pnpm/@babel+core@7.28.4/node_modules/@babel/core/src/transform.ts:29:20)
[2026-03-01T16:02:25.543Z] at transform.next (<anonymous>)
[2026-03-01T16:02:25.543Z] at step (/home/ubuntu/influx-assistants/node_modules/.pnpm/gensync@1.0.0-beta.2/node_modules/gensync/index.js:261:32)
[2026-03-01T16:02:25.543Z] at /home/ubuntu/influx-assistants/node_modules/.pnpm/gensync@1.0.0-beta.2/node_modules/gensync/index.js:273:13
[2026-03-01T16:02:25.543Z] at async.call.result.err.err (/home/ubuntu/influx-assistants/node_modules/.pnpm/gensync@1.0.0-beta.2/node_modules/gensync/index.js:223:11)
[2026-03-01T16:02:25.543Z] at /home/ubuntu/influx-assistants/node_modules/.pnpm/gensync@1.0.0-beta.2/node_modules/gensync/index.js:189:28
[2026-03-01T16:02:25.544Z] at <anonymous> (/home/ubuntu/influx-assistants/node_modules/.pnpm/@babel+core@7.28.4/node_modules/@babel/core/src/gensync-utils/async.ts:90:7)
[2026-03-01T16:02:25.544Z] at /home/ubuntu/influx-assistants/node_modules/.pnpm/gensync@1.0.0-beta.2/node_modules/gensync/index.js:113:33
[2026-03-01T16:02:25.544Z] at step (/home/ubuntu/influx-assistants/node_modules/.pnpm/gensync@1.0.0-beta.2/node_modules/gensync/index.js:287:14)
[2026-03-01T16:02:25.544Z] at /home/ubuntu/influx-assistants/node_modules/.pnpm/gensync@1.0.0-beta.2/node_modules/gensync/index.js:273:13
[2026-03-01T16:02:25.544Z] at async.call.result.err.err (/home/ubuntu/influx-assistants/node_modules/.pnpm/gensync@1.0.0-beta.2/node_modules/gensync/index.js:223:11)
[2026-03-01T16:02:25.593Z] 11:02:25 AM [vite] (client) Pre-transform error: /home/ubuntu/influx-assistants/client/src/pages/AdminDashboard.tsx: Identifier 'useAuth' has already been declared. (10:9)
[2026-03-01T16:02:25.593Z] 
[2026-03-01T16:02:25.593Z] 8 | import { useState } from "react";
[2026-03-01T16:02:25.594Z] 9 | import { trpc } from "@/lib/trpc";
[2026-03-01T16:02:25.594Z] > 10 | import { useAuth } from "@/lib/auth";
[2026-03-01T16:02:25.594Z] |          ^
[2026-03-01T16:02:25.594Z] 11 |
[2026-03-01T16:02:25.595Z] 12 | interface StudentData {
[2026-03-01T16:02:25.595Z] 13 |   id: number;
[2026-03-01T16:02:25.596Z] Plugin: vite:react-babel
[2026-03-01T16:02:25.597Z] File: /home/ubuntu/influx-assistants/client/src/pages/AdminDashboard.tsx:10:9
[2026-03-01T16:02:25.597Z] 8  |  import { useState } from "react";
[2026-03-01T16:02:25.597Z] 9  |  import { trpc } from "@/lib/trpc";
[2026-03-01T16:02:25.598Z] 10 |  import { useAuth } from "@/lib/auth";
[2026-03-01T16:02:25.598Z] |           ^
[2026-03-01T16:02:25.599Z] 11 |
[2026-03-01T16:02:25.603Z] 12 |  interface StudentData {
[2026-03-01T16:02:36.239Z] 11:02:36 AM [vite] (client) hmr update /src/pages/AdminDashboard.tsx, /src/index.css
[2026-03-01T16:02:51.047Z] 11:02:51 AM [vite] (client) hmr update /src/pages/AdminDashboard.tsx, /src/index.css
[2026-03-01T16:03:18.762Z] 11:03:18 AM [vite] (client) hmr update /src/pages/AdminDashboard.tsx, /src/index.css
[2026-03-01T16:03:33.989Z] 11:03:33 AM [vite] (client) hmr update /src/pages/AdminDashboard.tsx, /src/index.css
[2026-03-01T16:04:11.644Z] 11:04:11 AM [vite] (client) hmr update /src/pages/AdminDashboard.tsx, /src/index.css
[2026-03-01T16:04:29.508Z] 11:04:29 AM [vite] (client) hmr update /src/pages/AdminDashboard.tsx, /src/index.css
[2026-03-01T16:04:38.690Z] 11:04:38 AM [vite] (client) hmr update /src/pages/AdminDashboard.tsx, /src/index.css
[2026-03-01T16:08:10.235Z] [Auth] Missing session cookie
[2026-03-01T16:08:10.413Z] [Auth] Missing session cookie
[2026-03-01T16:08:13.265Z] [Auth] Missing session cookie
[2026-03-01T16:08:13.437Z] [Auth] Missing session cookie
[2026-03-01T16:11:16.419Z] 11:11:16 AM [tsx] change in ./server/routers/admin-students.ts Restarting...
[2026-03-01T16:11:16.898Z] c
[2026-03-01T16:11:16.899Z] node:internal/modules/run_main:122
[2026-03-01T16:11:16.899Z] triggerUncaughtException(
[2026-03-01T16:11:16.900Z] ^
[2026-03-01T16:11:16.900Z] Error [TransformError]: Transform failed with 1 error:
[2026-03-01T16:11:16.901Z] /home/ubuntu/influx-assistants/server/routers/admin-students.ts:88:14: ERROR: Expected "}" but found "createdAt"
[2026-03-01T16:11:16.901Z] at failureErrorWithLog (/home/ubuntu/influx-assistants/node_modules/.pnpm/esbuild@0.25.10/node_modules/esbuild/lib/main.js:1467:15)
[2026-03-01T16:11:16.901Z] at /home/ubuntu/influx-assistants/node_modules/.pnpm/esbuild@0.25.10/node_modules/esbuild/lib/main.js:736:50
[2026-03-01T16:11:16.901Z] at responseCallbacks.<computed> (/home/ubuntu/influx-assistants/node_modules/.pnpm/esbuild@0.25.10/node_modules/esbuild/lib/main.js:603:9)
[2026-03-01T16:11:16.902Z] at handleIncomingPacket (/home/ubuntu/influx-assistants/node_modules/.pnpm/esbuild@0.25.10/node_modules/esbuild/lib/main.js:658:12)
[2026-03-01T16:11:16.902Z] at Socket.readFromStdout (/home/ubuntu/influx-assistants/node_modules/.pnpm/esbuild@0.25.10/node_modules/esbuild/lib/main.js:581:7)
[2026-03-01T16:11:16.902Z] at Socket.emit (node:events:524:28)
[2026-03-01T16:11:16.903Z] at addChunk (node:internal/streams/readable:561:12)
[2026-03-01T16:11:16.903Z] at readableAddChunkPushByteMode (node:internal/streams/readable:512:3)
[2026-03-01T16:11:16.903Z] at Readable.push (node:internal/streams/readable:392:5)
[2026-03-01T16:11:16.904Z] at Pipe.onStreamRead (node:internal/stream_base_commons:189:23)
[2026-03-01T16:11:16.904Z] 
[2026-03-01T16:11:16.904Z] Node.js v22.13.0
[2026-03-01T16:11:22.286Z] 11:11:22 AM [tsx] change in ./server/routers/admin-students.ts Rerunning...
[2026-03-01T16:11:24.022Z] c[OAuth] Initialized with baseURL: https://api.manus.im
[2026-03-01T16:11:24.399Z] [DirectLogin] Rota registrada: GET /api/direct-login/:token
[2026-03-01T16:11:24.444Z] Server running on http://localhost:3000/
[2026-03-01T16:11:24.445Z] [Jobs] Inicializando jobs em background...
[2026-03-01T16:11:24.460Z] [DailySync] Job agendado para rodar diariamente às 18:00
[2026-03-01T16:11:24.461Z] [Jobs] Todos os jobs foram inicializados
[2026-03-01T16:11:25.466Z] [baseline-browser-mapping] The data in this module is over two months old.  To ensure accurate Baseline data, please update: `npm i baseline-browser-mapping@latest -D`
[2026-03-01T16:11:46.690Z] Dev server process group stopped
[2026-03-01T16:11:46.693Z] ELIFECYCLE  Command failed.
[2026-03-01T16:11:46.744Z] Dev server exited with code -15
[2026-03-01T16:11:49.712Z] Starting dev server with command: pnpm run dev
[2026-03-01T16:11:50.474Z] 
[2026-03-01T16:11:50.475Z] > influx-personal-tutor@1.1.0 dev /home/ubuntu/influx-assistants
[2026-03-01T16:11:50.475Z] > NODE_ENV=development tsx watch server/_core/index.ts
[2026-03-01T16:11:50.476Z] 
[2026-03-01T16:11:51.921Z] [OAuth] Initialized with baseURL: https://api.manus.im
[2026-03-01T16:11:52.142Z] [DirectLogin] Rota registrada: GET /api/direct-login/:token
[2026-03-01T16:11:52.181Z] Server running on http://localhost:3000/
[2026-03-01T16:11:52.182Z] [Jobs] Inicializando jobs em background...
[2026-03-01T16:11:52.197Z] [DailySync] Job agendado para rodar diariamente às 18:00
[2026-03-01T16:11:52.198Z] [Jobs] Todos os jobs foram inicializados
[2026-03-01T16:11:53.371Z] [baseline-browser-mapping] The data in this module is over two months old.  To ensure accurate Baseline data, please update: `npm i baseline-browser-mapping@latest -D`
[2026-03-01T16:12:36.638Z] 11:12:36 AM [tsx] change in ./server/routers/admin-students.ts Restarting...
[2026-03-01T16:12:38.182Z] c[OAuth] Initialized with baseURL: https://api.manus.im
[2026-03-01T16:12:38.398Z] [DirectLogin] Rota registrada: GET /api/direct-login/:token
[2026-03-01T16:12:38.439Z] Server running on http://localhost:3000/
[2026-03-01T16:12:38.440Z] [Jobs] Inicializando jobs em background...
[2026-03-01T16:12:38.455Z] [DailySync] Job agendado para rodar diariamente às 18:00
[2026-03-01T16:12:38.455Z] [Jobs] Todos os jobs foram inicializados
[2026-03-01T16:12:43.900Z] [baseline-browser-mapping] The data in this module is over two months old.  To ensure accurate Baseline data, please update: `npm i baseline-browser-mapping@latest -D`
[2026-03-01T16:13:22.491Z] 11:13:22 AM [vite] (client) hmr update /src/pages/AdminDashboard.tsx, /src/index.css
[2026-03-01T16:14:41.847Z] 11:14:41 AM [vite] (client) hmr update /src/pages/AdminDashboard.tsx, /src/index.css
[2026-03-01T16:15:08.796Z] 11:15:08 AM [vite] (client) hmr update /src/pages/AdminDashboard.tsx, /src/index.css
[2026-03-01T16:16:50.750Z] 11:16:50 AM [vite] (client) hmr update /src/pages/AdminDashboard.tsx, /src/index.css
[2026-03-01T16:16:57.411Z] 11:16:57 AM [vite] (client) hmr update /src/pages/AdminDashboard.tsx, /src/index.css
[2026-03-01T16:17:14.919Z] 11:17:14 AM [vite] (client) hmr update /src/pages/AdminDashboard.tsx, /src/index.css
[2026-03-01T16:17:23.653Z] 11:17:23 AM [vite] (client) hmr update /src/pages/AdminDashboard.tsx, /src/index.css
[2026-03-01T16:26:06.195Z] [Auth] Missing session cookie
[2026-03-01T16:26:06.384Z] [Auth] Missing session cookie
[2026-03-01T16:26:09.286Z] [Auth] Missing session cookie
[2026-03-01T16:26:09.462Z] [Auth] Missing session cookie
[2026-03-01T16:26:59.581Z] 11:26:59 AM [vite] (client) hmr update /src/pages/AdminDashboard.tsx, /src/index.css
[2026-03-01T16:27:12.115Z] 11:27:12 AM [vite] (client) hmr update /src/pages/AdminDashboard.tsx, /src/index.css
[2026-03-01T16:27:47.782Z] 11:27:47 AM [vite] (client) hmr update /src/pages/AdminDashboard.tsx, /src/index.css
[2026-03-01T16:40:44.342Z] [Auth] Missing session cookie
[2026-03-01T16:40:44.519Z] [Auth] Missing session cookie
[2026-03-01T16:43:20.399Z] [Auth] Missing session cookie
[2026-03-01T16:43:20.581Z] [Auth] Missing session cookie
[2026-03-01T16:43:23.441Z] [Auth] Missing session cookie
[2026-03-01T16:43:23.655Z] [Auth] Missing session cookie
[2026-03-01T16:43:29.605Z] [Auth] Missing session cookie
[2026-03-01T16:43:29.781Z] [Auth] Missing session cookie
[2026-03-01T16:43:36.792Z] [Auth] Missing session cookie
[2026-03-01T16:43:36.963Z] [Auth] Missing session cookie
[2026-03-01T16:44:16.405Z] [Auth] Missing session cookie
[2026-03-01T16:44:16.637Z] [Auth] Missing session cookie
[2026-03-01T16:44:20.187Z] [Auth] Missing session cookie
[2026-03-01T16:44:20.360Z] [Auth] Missing session cookie
[2026-03-01T16:44:39.777Z] 11:44:39 AM [tsx] change in ./server/routers/auth-password.ts Restarting...
[2026-03-01T16:44:41.618Z] c[OAuth] Initialized with baseURL: https://api.manus.im
[2026-03-01T16:44:42.042Z] [DirectLogin] Rota registrada: GET /api/direct-login/:token
[2026-03-01T16:44:42.093Z] Server running on http://localhost:3000/
[2026-03-01T16:44:42.094Z] [Jobs] Inicializando jobs em background...
[2026-03-01T16:44:42.131Z] [DailySync] Job agendado para rodar diariamente às 18:00
[2026-03-01T16:44:42.132Z] [Jobs] Todos os jobs foram inicializados
[2026-03-01T16:44:43.897Z] [baseline-browser-mapping] The data in this module is over two months old.  To ensure accurate Baseline data, please update: `npm i baseline-browser-mapping@latest -D`
[2026-03-01T16:44:48.757Z] [Auth] Missing session cookie
[2026-03-01T16:44:49.062Z] [Auth] Missing session cookie
[2026-03-01T16:44:57.103Z] [Auth] Missing session cookie
[2026-03-01T16:44:57.279Z] [Auth] Missing session cookie
[2026-03-01T17:45:25.654Z] [Auth] Missing session cookie
[2026-03-01T17:45:25.830Z] [Auth] Missing session cookie
[2026-03-01T17:45:28.745Z] [Auth] Missing session cookie
[2026-03-01T17:45:28.920Z] [Auth] Missing session cookie
[2026-03-01T17:46:37.681Z] 12:46:37 PM [tsx] change in ./server/routers/admin-students.ts Restarting...
[2026-03-01T17:46:39.623Z] c[OAuth] Initialized with baseURL: https://api.manus.im
[2026-03-01T17:46:40.138Z] [DirectLogin] Rota registrada: GET /api/direct-login/:token
[2026-03-01T17:46:40.191Z] Server running on http://localhost:3000/
[2026-03-01T17:46:40.192Z] [Jobs] Inicializando jobs em background...
[2026-03-01T17:46:40.242Z] [DailySync] Job agendado para rodar diariamente às 18:00
[2026-03-01T17:46:40.243Z] [Jobs] Todos os jobs foram inicializados
[2026-03-01T17:46:41.521Z] [baseline-browser-mapping] The data in this module is over two months old.  To ensure accurate Baseline data, please update: `npm i baseline-browser-mapping@latest -D`
[2026-03-01T17:46:46.537Z] [Auth] Missing session cookie
[2026-03-01T17:46:46.712Z] [Auth] Missing session cookie
[2026-03-01T17:47:04.846Z] 12:47:04 PM [tsx] change in ./server/routers/admin-students.ts Restarting...
[2026-03-01T17:47:06.270Z] c[OAuth] Initialized with baseURL: https://api.manus.im
[2026-03-01T17:47:06.504Z] [DirectLogin] Rota registrada: GET /api/direct-login/:token
[2026-03-01T17:47:06.543Z] Server running on http://localhost:3000/
[2026-03-01T17:47:06.544Z] [Jobs] Inicializando jobs em background...
[2026-03-01T17:47:06.561Z] [DailySync] Job agendado para rodar diariamente às 18:00
[2026-03-01T17:47:06.562Z] [Jobs] Todos os jobs foram inicializados
[2026-03-01T17:47:12.151Z] [baseline-browser-mapping] The data in this module is over two months old.  To ensure accurate Baseline data, please update: `npm i baseline-browser-mapping@latest -D`
[2026-03-01T17:47:54.059Z] 12:47:54 PM [tsx] change in ./server/routers/admin-students.ts Restarting...
[2026-03-01T17:47:55.463Z] c[OAuth] Initialized with baseURL: https://api.manus.im
[2026-03-01T17:47:55.724Z] [DirectLogin] Rota registrada: GET /api/direct-login/:token
[2026-03-01T17:47:55.764Z] Server running on http://localhost:3000/
[2026-03-01T17:47:55.764Z] [Jobs] Inicializando jobs em background...
[2026-03-01T17:47:55.780Z] [DailySync] Job agendado para rodar diariamente às 18:00
[2026-03-01T17:47:55.781Z] [Jobs] Todos os jobs foram inicializados
[2026-03-01T17:47:56.489Z] [baseline-browser-mapping] The data in this module is over two months old.  To ensure accurate Baseline data, please update: `npm i baseline-browser-mapping@latest -D`
[2026-03-01T17:49:22.513Z] 12:49:22 PM [vite] (client) hmr update /src/pages/AdminDashboard.tsx, /src/index.css
[2026-03-01T17:49:34.268Z] 12:49:34 PM [vite] (client) hmr update /src/pages/AdminDashboard.tsx, /src/index.css
[2026-03-01T17:49:34.318Z] 12:49:34 PM [vite] Internal server error: /home/ubuntu/influx-assistants/client/src/pages/AdminDashboard.tsx: Expected corresponding JSX closing tag for <div>. (251:16)
[2026-03-01T17:49:34.319Z] 
[2026-03-01T17:49:34.319Z] 249 |                   )}
[2026-03-01T17:49:34.320Z] 250 |                   Sincronizar Alunos
[2026-03-01T17:49:34.320Z] > 251 |                 </Button>
[2026-03-01T17:49:34.320Z] |                 ^
[2026-03-01T17:49:34.320Z] 252 |                 <Button
[2026-03-01T17:49:34.321Z] 253 |                   variant="outline"
[2026-03-01T17:49:34.321Z] 254 |                   onClick={() => setLocation("/admin/personalized-links")}
[2026-03-01T17:49:34.321Z] Plugin: vite:react-babel
[2026-03-01T17:49:34.321Z] File: /home/ubuntu/influx-assistants/client/src/pages/AdminDashboard.tsx:251:16
[2026-03-01T17:49:34.321Z] 249 |                    )}
[2026-03-01T17:49:34.322Z] 250 |                    Sincronizar Alunos
[2026-03-01T17:49:34.322Z] 251 |                  </Button>
[2026-03-01T17:49:34.322Z] |                  ^
[2026-03-01T17:49:34.322Z] 252 |                  <Button
[2026-03-01T17:49:34.322Z] 253 |                    variant="outline"
[2026-03-01T17:49:34.323Z] at toParseError (/home/ubuntu/influx-assistants/node_modules/.pnpm/@babel+parser@7.28.4/node_modules/@babel/parser/src/parse-error.ts:95:45)
[2026-03-01T17:49:34.323Z] at raise (/home/ubuntu/influx-assistants/node_modules/.pnpm/@babel+parser@7.28.4/node_modules/@babel/parser/src/tokenizer/index.ts:1503:19)
[2026-03-01T17:49:34.324Z] at jsxParseElementAt (/home/ubuntu/influx-assistants/node_modules/.pnpm/@babel+parser@7.28.4/node_modules/@babel/parser/src/plugins/jsx/index.ts:527:18)
[2026-03-01T17:49:34.324Z] at jsxParseElementAt (/home/ubuntu/influx-assistants/node_modules/.pnpm/@babel+parser@7.28.4/node_modules/@babel/parser/src/plugins/jsx/index.ts:483:34)
[2026-03-01T17:49:34.324Z] at jsxParseElementAt (/home/ubuntu/influx-assistants/node_modules/.pnpm/@babel+parser@7.28.4/node_modules/@babel/parser/src/plugins/jsx/index.ts:483:34)
[2026-03-01T17:49:34.324Z] at jsxParseElementAt (/home/ubuntu/influx-assistants/node_modules/.pnpm/@babel+parser@7.28.4/node_modules/@babel/parser/src/plugins/jsx/index.ts:483:34)
[2026-03-01T17:49:34.325Z] at jsxParseElementAt (/home/ubuntu/influx-assistants/node_modules/.pnpm/@babel+parser@7.28.4/node_modules/@babel/parser/src/plugins/jsx/index.ts:483:34)
[2026-03-01T17:49:34.325Z] at jsxParseElementAt (/home/ubuntu/influx-assistants/node_modules/.pnpm/@babel+parser@7.28.4/node_modules/@babel/parser/src/plugins/jsx/index.ts:483:34)
[2026-03-01T17:49:34.325Z] at jsxParseElementAt (/home/ubuntu/influx-assistants/node_modules/.pnpm/@babel+parser@7.28.4/node_modules/@babel/parser/src/plugins/jsx/index.ts:483:34)
[2026-03-01T17:49:34.325Z] at jsxParseElementAt (/home/ubuntu/influx-assistants/node_modules/.pnpm/@babel+parser@7.28.4/node_modules/@babel/parser/src/plugins/jsx/index.ts:483:34)
[2026-03-01T17:49:34.325Z] at jsxParseElement (/home/ubuntu/influx-assistants/node_modules/.pnpm/@babel+parser@7.28.4/node_modules/@babel/parser/src/plugins/jsx/index.ts:559:19)
[2026-03-01T17:49:34.325Z] at parseExprAtom (/home/ubuntu/influx-assistants/node_modules/.pnpm/@babel+parser@7.28.4/node_modules/@babel/parser/src/plugins/jsx/index.ts:573:21)
[2026-03-01T17:49:34.326Z] at parseExprSubscripts (/home/ubuntu/influx-assistants/node_modules/.pnpm/@babel+parser@7.28.4/node_modules/@babel/parser/src/parser/expression.ts:734:23)
[2026-03-01T17:49:34.326Z] at parseUpdate (/home/ubuntu/influx-assistants/node_modules/.pnpm/@babel+parser@7.28.4/node_modules/@babel/parser/src/parser/expression.ts:713:21)
[2026-03-01T17:49:34.326Z] at parseMaybeUnary (/home/ubuntu/influx-assistants/node_modules/.pnpm/@babel+parser@7.28.4/node_modules/@babel/parser/src/parser/expression.ts:675:23)
[2026-03-01T17:49:34.326Z] at parseMaybeUnary (/home/ubuntu/influx-assistants/node_modules/.pnpm/@babel+parser@7.28.4/node_modules/@babel/parser/src/plugins/typescript/index.ts:3855:20)
[2026-03-01T17:49:34.326Z] at parseMaybeUnaryOrPrivate (/home/ubuntu/influx-assistants/node_modules/.pnpm/@babel+parser@7.28.4/node_modules/@babel/parser/src/parser/expression.ts:409:14)
[2026-03-01T17:49:34.326Z] at parseExprOps (/home/ubuntu/influx-assistants/node_modules/.pnpm/@babel+parser@7.28.4/node_modules/@babel/parser/src/parser/expression.ts:421:23)
[2026-03-01T17:49:34.327Z] at parseMaybeConditional (/home/ubuntu/influx-assistants/node_modules/.pnpm/@babel+parser@7.28.4/node_modules/@babel/parser/src/parser/expression.ts:376:23)
[2026-03-01T17:49:34.327Z] at parseMaybeAssign (/home/ubuntu/influx-assistants/node_modules/.pnpm/@babel+parser@7.28.4/node_modules/@babel/parser/src/parser/expression.ts:301:21)
[2026-03-01T17:49:34.327Z] at fn (/home/ubuntu/influx-assistants/node_modules/.pnpm/@babel+parser@7.28.4/node_modules/@babel/parser/src/plugins/typescript/index.ts:3708:23)
[2026-03-01T17:49:34.327Z] at tryParse (/home/ubuntu/influx-assistants/node_modules/.pnpm/@babel+parser@7.28.4/node_modules/@babel/parser/src/parser/util.ts:174:20)
[2026-03-01T17:49:34.327Z] at parseMaybeAssign (/home/ubuntu/influx-assistants/node_modules/.pnpm/@babel+parser@7.28.4/node_modules/@babel/parser/src/plugins/typescript/index.ts:3707:20)
[2026-03-01T17:49:34.328Z] at callback (/home/ubuntu/influx-assistants/node_modules/.pnpm/@babel+parser@7.28.4/node_modules/@babel/parser/src/parser/expression.ts:257:12)
[2026-03-01T17:49:34.328Z] at allowInAnd (/home/ubuntu/influx-assistants/node_modules/.pnpm/@babel+parser@7.28.4/node_modules/@babel/parser/src/parser/expression.ts:3192:12)
[2026-03-01T17:49:34.328Z] at parseMaybeAssignAllowIn (/home/ubuntu/influx-assistants/node_modules/.pnpm/@babel+parser@7.28.4/node_modules/@babel/parser/src/parser/expression.ts:256:17)
[2026-03-01T17:49:34.328Z] at parseMaybeAssignAllowInOrVoidPattern (/home/ubuntu/influx-assistants/node_modules/.pnpm/@babel+parser@7.28.4/node_modules/@babel/parser/src/parser/expression.ts:3306:17)
[2026-03-01T17:49:34.330Z] at parseParenAndDistinguishExpression (/home/ubuntu/influx-assistants/node_modules/.pnpm/@babel+parser@7.28.4/node_modules/@babel/parser/src/parser/expression.ts:1813:16)
[2026-03-01T17:49:34.331Z] at parseExprAtom (/home/ubuntu/influx-assistants/node_modules/.pnpm/@babel+parser@7.28.4/node_modules/@babel/parser/src/parser/expression.ts:1162:21)
[2026-03-01T17:49:34.331Z] at parseExprAtom (/home/ubuntu/influx-assistants/node_modules/.pnpm/@babel+parser@7.28.4/node_modules/@babel/parser/src/plugins/jsx/index.ts:583:22)
[2026-03-01T17:49:34.331Z] at parseExprSubscripts (/home/ubuntu/influx-assistants/node_modules/.pnpm/@babel+parser@7.28.4/node_modules/@babel/parser/src/parser/expression.ts:734:23)
[2026-03-01T17:49:34.331Z] at parseUpdate (/home/ubuntu/influx-assistants/node_modules/.pnpm/@babel+parser@7.28.4/node_modules/@babel/parser/src/parser/expression.ts:713:21)
[2026-03-01T17:49:34.332Z] at parseMaybeUnary (/home/ubuntu/influx-assistants/node_modules/.pnpm/@babel+parser@7.28.4/node_modules/@babel/parser/src/parser/expression.ts:675:23)
[2026-03-01T17:49:34.332Z] at parseMaybeUnary (/home/ubuntu/influx-assistants/node_modules/.pnpm/@babel+parser@7.28.4/node_modules/@babel/parser/src/plugins/typescript/index.ts:3855:20)
[2026-03-01T17:49:34.332Z] at parseMaybeUnaryOrPrivate (/home/ubuntu/influx-assistants/node_modules/.pnpm/@babel+parser@7.28.4/node_modules/@babel/parser/src/parser/expression.ts:409:14)
[2026-03-01T17:49:34.333Z] at parseExprOps (/home/ubuntu/influx-assistants/node_modules/.pnpm/@babel+parser@7.28.4/node_modules/@babel/parser/src/parser/expression.ts:421:23)
[2026-03-01T17:49:34.333Z] at parseMaybeConditional (/home/ubuntu/influx-assistants/node_modules/.pnpm/@babel+parser@7.28.4/node_modules/@babel/parser/src/parser/expression.ts:376:23)
[2026-03-01T17:49:34.334Z] at parseMaybeAssign (/home/ubuntu/influx-assistants/node_modules/.pnpm/@babel+parser@7.28.4/node_modules/@babel/parser/src/parser/expression.ts:301:21)
[2026-03-01T17:49:34.335Z] at parseMaybeAssign (/home/ubuntu/influx-assistants/node_modules/.pnpm/@babel+parser@7.28.4/node_modules/@babel/parser/src/plugins/typescript/index.ts:3727:22)
[2026-03-01T17:49:34.335Z] at parseExpressionBase (/home/ubuntu/influx-assistants/node_modules/.pnpm/@babel+parser@7.28.4/node_modules/@babel/parser/src/parser/expression.ts:226:23)
[2026-03-01T17:49:34.336Z] at callback (/home/ubuntu/influx-assistants/node_modules/.pnpm/@babel+parser@7.28.4/node_modules/@babel/parser/src/parser/expression.ts:217:39)
[2026-03-01T17:49:34.336Z] at allowInAnd (/home/ubuntu/influx-assistants/node_modules/.pnpm/@babel+parser@7.28.4/node_modules/@babel/parser/src/parser/expression.ts:3187:16)
[2026-03-01T17:49:34.336Z] at parseExpression (/home/ubuntu/influx-assistants/node_modules/.pnpm/@babel+parser@7.28.4/node_modules/@babel/parser/src/parser/expression.ts:217:17)
[2026-03-01T17:49:34.337Z] at parseReturnStatement (/home/ubuntu/influx-assistants/node_modules/.pnpm/@babel+parser@7.28.4/node_modules/@babel/parser/src/parser/statement.ts:1110:28)
[2026-03-01T17:49:34.337Z] at parseStatementContent (/home/ubuntu/influx-assistants/node_modules/.pnpm/@babel+parser@7.28.4/node_modules/@babel/parser/src/parser/statement.ts:538:21)
[2026-03-01T17:49:34.337Z] at parseStatementContent (/home/ubuntu/influx-assistants/node_modules/.pnpm/@babel+parser@7.28.4/node_modules/@babel/parser/src/plugins/typescript/index.ts:3185:20)
[2026-03-01T17:49:34.337Z] at parseStatementLike (/home/ubuntu/influx-assistants/node_modules/.pnpm/@babel+parser@7.28.4/node_modules/@babel/parser/src/parser/statement.ts:477:17)
[2026-03-01T17:49:34.337Z] at parseStatementListItem (/home/ubuntu/influx-assistants/node_modules/.pnpm/@babel+parser@7.28.4/node_modules/@babel/parser/src/parser/statement.ts:426:17)
[2026-03-01T17:49:34.337Z] at parseBlockOrModuleBlockBody (/home/ubuntu/influx-assistants/node_modules/.pnpm/@babel+parser@7.28.4/node_modules/@babel/parser/src/parser/statement.ts:1439:16)
[2026-03-01T17:49:34.338Z] at parseBlockBody (/home/ubuntu/influx-assistants/node_modules/.pnpm/@babel+parser@7.28.4/node_modules/@babel/parser/src/parser/statement.ts:1412:10)
[2026-03-01T17:49:34.382Z] 12:49:34 PM [vite] (client) Pre-transform error: /home/ubuntu/influx-assistants/client/src/pages/AdminDashboard.tsx: Expected corresponding JSX closing tag for <div>. (251:16)
[2026-03-01T17:49:34.383Z] 
[2026-03-01T17:49:34.384Z] 249 |                   )}
[2026-03-01T17:49:34.384Z] 250 |                   Sincronizar Alunos
[2026-03-01T17:49:34.384Z] > 251 |                 </Button>
[2026-03-01T17:49:34.384Z] |                 ^
[2026-03-01T17:49:34.384Z] 252 |                 <Button
[2026-03-01T17:49:34.385Z] 253 |                   variant="outline"
[2026-03-01T17:49:34.385Z] 254 |                   onClick={() => setLocation("/admin/personalized-links")}
[2026-03-01T17:49:34.385Z] Plugin: vite:react-babel
[2026-03-01T17:49:34.385Z] File: /home/ubuntu/influx-assistants/client/src/pages/AdminDashboard.tsx:251:16
[2026-03-01T17:49:34.385Z] 249 |                    )}
[2026-03-01T17:49:34.385Z] 250 |                    Sincronizar Alunos
[2026-03-01T17:49:34.386Z] 251 |                  </Button>
[2026-03-01T17:49:34.386Z] |                  ^
[2026-03-01T17:49:34.386Z] 252 |                  <Button
[2026-03-01T17:49:34.386Z] 253 |                    variant="outline"
[2026-03-01T17:49:54.968Z] 12:49:54 PM [vite] Internal server error: /home/ubuntu/influx-assistants/client/src/pages/AdminDashboard.tsx: Expected corresponding JSX closing tag for <div>. (251:16)
[2026-03-01T17:49:54.969Z] 
[2026-03-01T17:49:54.969Z] 249 |                   )}
[2026-03-01T17:49:54.969Z] 250 |                   Sincronizar Alunos
[2026-03-01T17:49:54.969Z] > 251 |                 </Button>
[2026-03-01T17:49:54.970Z] |                 ^
[2026-03-01T17:49:54.970Z] 252 |                 <Button
[2026-03-01T17:49:54.970Z] 253 |                   variant="outline"
[2026-03-01T17:49:54.970Z] 254 |                   onClick={() => setLocation("/admin/personalized-links")}
[2026-03-01T17:49:54.971Z] Plugin: vite:react-babel
[2026-03-01T17:49:54.971Z] File: /home/ubuntu/influx-assistants/client/src/pages/AdminDashboard.tsx:251:16
[2026-03-01T17:49:54.971Z] 249 |                    )}
[2026-03-01T17:49:54.971Z] 250 |                    Sincronizar Alunos
[2026-03-01T17:49:54.972Z] 251 |                  </Button>
[2026-03-01T17:49:54.972Z] |                  ^
[2026-03-01T17:49:54.972Z] 252 |                  <Button
[2026-03-01T17:49:54.972Z] 253 |                    variant="outline"
[2026-03-01T17:49:54.972Z] at toParseError (/home/ubuntu/influx-assistants/node_modules/.pnpm/@babel+parser@7.28.4/node_modules/@babel/parser/src/parse-error.ts:95:45)
[2026-03-01T17:49:54.972Z] at raise (/home/ubuntu/influx-assistants/node_modules/.pnpm/@babel+parser@7.28.4/node_modules/@babel/parser/src/tokenizer/index.ts:1503:19)
[2026-03-01T17:49:54.973Z] at jsxParseElementAt (/home/ubuntu/influx-assistants/node_modules/.pnpm/@babel+parser@7.28.4/node_modules/@babel/parser/src/plugins/jsx/index.ts:527:18)
[2026-03-01T17:49:54.973Z] at jsxParseElementAt (/home/ubuntu/influx-assistants/node_modules/.pnpm/@babel+parser@7.28.4/node_modules/@babel/parser/src/plugins/jsx/index.ts:483:34)
[2026-03-01T17:49:54.973Z] at jsxParseElementAt (/home/ubuntu/influx-assistants/node_modules/.pnpm/@babel+parser@7.28.4/node_modules/@babel/parser/src/plugins/jsx/index.ts:483:34)
[2026-03-01T17:49:54.973Z] at jsxParseElementAt (/home/ubuntu/influx-assistants/node_modules/.pnpm/@babel+parser@7.28.4/node_modules/@babel/parser/src/plugins/jsx/index.ts:483:34)
[2026-03-01T17:49:54.974Z] at jsxParseElementAt (/home/ubuntu/influx-assistants/node_modules/.pnpm/@babel+parser@7.28.4/node_modules/@babel/parser/src/plugins/jsx/index.ts:483:34)
[2026-03-01T17:49:54.974Z] at jsxParseElementAt (/home/ubuntu/influx-assistants/node_modules/.pnpm/@babel+parser@7.28.4/node_modules/@babel/parser/src/plugins/jsx/index.ts:483:34)
[2026-03-01T17:49:54.974Z] at jsxParseElementAt (/home/ubuntu/influx-assistants/node_modules/.pnpm/@babel+parser@7.28.4/node_modules/@babel/parser/src/plugins/jsx/index.ts:483:34)
[2026-03-01T17:49:54.974Z] at jsxParseElementAt (/home/ubuntu/influx-assistants/node_modules/.pnpm/@babel+parser@7.28.4/node_modules/@babel/parser/src/plugins/jsx/index.ts:483:34)
[2026-03-01T17:49:54.974Z] at jsxParseElement (/home/ubuntu/influx-assistants/node_modules/.pnpm/@babel+parser@7.28.4/node_modules/@babel/parser/src/plugins/jsx/index.ts:559:19)
[2026-03-01T17:49:54.975Z] at parseExprAtom (/home/ubuntu/influx-assistants/node_modules/.pnpm/@babel+parser@7.28.4/node_modules/@babel/parser/src/plugins/jsx/index.ts:573:21)
[2026-03-01T17:49:54.975Z] at parseExprSubscripts (/home/ubuntu/influx-assistants/node_modules/.pnpm/@babel+parser@7.28.4/node_modules/@babel/parser/src/parser/expression.ts:734:23)
[2026-03-01T17:49:54.975Z] at parseUpdate (/home/ubuntu/influx-assistants/node_modules/.pnpm/@babel+parser@7.28.4/node_modules/@babel/parser/src/parser/expression.ts:713:21)
[2026-03-01T17:49:54.975Z] at parseMaybeUnary (/home/ubuntu/influx-assistants/node_modules/.pnpm/@babel+parser@7.28.4/node_modules/@babel/parser/src/parser/expression.ts:675:23)
[2026-03-01T17:49:54.975Z] at parseMaybeUnary (/home/ubuntu/influx-assistants/node_modules/.pnpm/@babel+parser@7.28.4/node_modules/@babel/parser/src/plugins/typescript/index.ts:3855:20)
[2026-03-01T17:49:54.975Z] at parseMaybeUnaryOrPrivate (/home/ubuntu/influx-assistants/node_modules/.pnpm/@babel+parser@7.28.4/node_modules/@babel/parser/src/parser/expression.ts:409:14)
[2026-03-01T17:49:54.976Z] at parseExprOps (/home/ubuntu/influx-assistants/node_modules/.pnpm/@babel+parser@7.28.4/node_modules/@babel/parser/src/parser/expression.ts:421:23)
[2026-03-01T17:49:54.976Z] at parseMaybeConditional (/home/ubuntu/influx-assistants/node_modules/.pnpm/@babel+parser@7.28.4/node_modules/@babel/parser/src/parser/expression.ts:376:23)
[2026-03-01T17:49:54.977Z] at parseMaybeAssign (/home/ubuntu/influx-assistants/node_modules/.pnpm/@babel+parser@7.28.4/node_modules/@babel/parser/src/parser/expression.ts:301:21)
[2026-03-01T17:49:54.977Z] at fn (/home/ubuntu/influx-assistants/node_modules/.pnpm/@babel+parser@7.28.4/node_modules/@babel/parser/src/plugins/typescript/index.ts:3708:23)
[2026-03-01T17:49:54.977Z] at tryParse (/home/ubuntu/influx-assistants/node_modules/.pnpm/@babel+parser@7.28.4/node_modules/@babel/parser/src/parser/util.ts:174:20)
[2026-03-01T17:49:54.978Z] at parseMaybeAssign (/home/ubuntu/influx-assistants/node_modules/.pnpm/@babel+parser@7.28.4/node_modules/@babel/parser/src/plugins/typescript/index.ts:3707:20)
[2026-03-01T17:49:54.978Z] at callback (/home/ubuntu/influx-assistants/node_modules/.pnpm/@babel+parser@7.28.4/node_modules/@babel/parser/src/parser/expression.ts:257:12)
[2026-03-01T17:49:54.978Z] at allowInAnd (/home/ubuntu/influx-assistants/node_modules/.pnpm/@babel+parser@7.28.4/node_modules/@babel/parser/src/parser/expression.ts:3192:12)
[2026-03-01T17:49:54.979Z] at parseMaybeAssignAllowIn (/home/ubuntu/influx-assistants/node_modules/.pnpm/@babel+parser@7.28.4/node_modules/@babel/parser/src/parser/expression.ts:256:17)
[2026-03-01T17:49:54.980Z] at parseMaybeAssignAllowInOrVoidPattern (/home/ubuntu/influx-assistants/node_modules/.pnpm/@babel+parser@7.28.4/node_modules/@babel/parser/src/parser/expression.ts:3306:17)
[2026-03-01T17:49:54.980Z] at parseParenAndDistinguishExpression (/home/ubuntu/influx-assistants/node_modules/.pnpm/@babel+parser@7.28.4/node_modules/@babel/parser/src/parser/expression.ts:1813:16)
[2026-03-01T17:49:54.981Z] at parseExprAtom (/home/ubuntu/influx-assistants/node_modules/.pnpm/@babel+parser@7.28.4/node_modules/@babel/parser/src/parser/expression.ts:1162:21)
[2026-03-01T17:49:54.981Z] at parseExprAtom (/home/ubuntu/influx-assistants/node_modules/.pnpm/@babel+parser@7.28.4/node_modules/@babel/parser/src/plugins/jsx/index.ts:583:22)
[2026-03-01T17:49:54.982Z] at parseExprSubscripts (/home/ubuntu/influx-assistants/node_modules/.pnpm/@babel+parser@7.28.4/node_modules/@babel/parser/src/parser/expression.ts:734:23)
[2026-03-01T17:49:54.982Z] at parseUpdate (/home/ubuntu/influx-assistants/node_modules/.pnpm/@babel+parser@7.28.4/node_modules/@babel/parser/src/parser/expression.ts:713:21)
[2026-03-01T17:49:54.983Z] at parseMaybeUnary (/home/ubuntu/influx-assistants/node_modules/.pnpm/@babel+parser@7.28.4/node_modules/@babel/parser/src/parser/expression.ts:675:23)
[2026-03-01T17:49:54.983Z] at parseMaybeUnary (/home/ubuntu/influx-assistants/node_modules/.pnpm/@babel+parser@7.28.4/node_modules/@babel/parser/src/plugins/typescript/index.ts:3855:20)
[2026-03-01T17:49:54.983Z] at parseMaybeUnaryOrPrivate (/home/ubuntu/influx-assistants/node_modules/.pnpm/@babel+parser@7.28.4/node_modules/@babel/parser/src/parser/expression.ts:409:14)
[2026-03-01T17:49:54.984Z] at parseExprOps (/home/ubuntu/influx-assistants/node_modules/.pnpm/@babel+parser@7.28.4/node_modules/@babel/parser/src/parser/expression.ts:421:23)
[2026-03-01T17:49:54.984Z] at parseMaybeConditional (/home/ubuntu/influx-assistants/node_modules/.pnpm/@babel+parser@7.28.4/node_modules/@babel/parser/src/parser/expression.ts:376:23)
[2026-03-01T17:49:54.984Z] at parseMaybeAssign (/home/ubuntu/influx-assistants/node_modules/.pnpm/@babel+parser@7.28.4/node_modules/@babel/parser/src/parser/expression.ts:301:21)
[2026-03-01T17:49:54.985Z] at parseMaybeAssign (/home/ubuntu/influx-assistants/node_modules/.pnpm/@babel+parser@7.28.4/node_modules/@babel/parser/src/plugins/typescript/index.ts:3727:22)
[2026-03-01T17:49:54.986Z] at parseExpressionBase (/home/ubuntu/influx-assistants/node_modules/.pnpm/@babel+parser@7.28.4/node_modules/@babel/parser/src/parser/expression.ts:226:23)
[2026-03-01T17:49:54.986Z] at callback (/home/ubuntu/influx-assistants/node_modules/.pnpm/@babel+parser@7.28.4/node_modules/@babel/parser/src/parser/expression.ts:217:39)
[2026-03-01T17:49:54.986Z] at allowInAnd (/home/ubuntu/influx-assistants/node_modules/.pnpm/@babel+parser@7.28.4/node_modules/@babel/parser/src/parser/expression.ts:3187:16)
[2026-03-01T17:49:54.987Z] at parseExpression (/home/ubuntu/influx-assistants/node_modules/.pnpm/@babel+parser@7.28.4/node_modules/@babel/parser/src/parser/expression.ts:217:17)
[2026-03-01T17:49:54.987Z] at parseReturnStatement (/home/ubuntu/influx-assistants/node_modules/.pnpm/@babel+parser@7.28.4/node_modules/@babel/parser/src/parser/statement.ts:1110:28)
[2026-03-01T17:49:54.987Z] at parseStatementContent (/home/ubuntu/influx-assistants/node_modules/.pnpm/@babel+parser@7.28.4/node_modules/@babel/parser/src/parser/statement.ts:538:21)
[2026-03-01T17:49:54.987Z] at parseStatementContent (/home/ubuntu/influx-assistants/node_modules/.pnpm/@babel+parser@7.28.4/node_modules/@babel/parser/src/plugins/typescript/index.ts:3185:20)
[2026-03-01T17:49:54.987Z] at parseStatementLike (/home/ubuntu/influx-assistants/node_modules/.pnpm/@babel+parser@7.28.4/node_modules/@babel/parser/src/parser/statement.ts:477:17)
[2026-03-01T17:49:54.987Z] at parseStatementListItem (/home/ubuntu/influx-assistants/node_modules/.pnpm/@babel+parser@7.28.4/node_modules/@babel/parser/src/parser/statement.ts:426:17)
[2026-03-01T17:49:54.988Z] at parseBlockOrModuleBlockBody (/home/ubuntu/influx-assistants/node_modules/.pnpm/@babel+parser@7.28.4/node_modules/@babel/parser/src/parser/statement.ts:1439:16)
[2026-03-01T17:49:54.988Z] at parseBlockBody (/home/ubuntu/influx-assistants/node_modules/.pnpm/@babel+parser@7.28.4/node_modules/@babel/parser/src/parser/statement.ts:1412:10)
[2026-03-01T17:50:04.749Z] 12:50:04 PM [vite] (client) hmr update /src/pages/AdminDashboard.tsx, /src/index.css
[2026-03-01T17:50:07.716Z] 12:50:07 PM [vite] (client) ✨ new dependencies optimized: zod
[2026-03-01T17:50:07.756Z] 12:50:07 PM [vite] (client) ✨ optimized dependencies changed. reloading
[2026-03-01T17:50:13.183Z] [Auth] Missing session cookie
[2026-03-01T17:50:13.602Z] [Auth] Missing session cookie
[2026-03-01T17:54:36.292Z] [Auth] Missing session cookie
[2026-03-01T17:54:36.474Z] [Auth] Missing session cookie
[2026-03-01T17:55:02.330Z] [Auth] Missing session cookie
[2026-03-01T17:55:02.855Z] [Auth] Missing session cookie
[2026-03-01T17:56:04.866Z] 12:56:04 PM [vite] (client) hmr update /src/pages/AdminDashboard.tsx, /src/index.css
[2026-03-01T17:56:11.946Z] 12:56:11 PM [vite] (client) hmr update /src/pages/AdminDashboard.tsx, /src/index.css
[2026-03-01T18:11:07.218Z] [Auth] Missing session cookie
[2026-03-01T18:11:07.404Z] [Auth] Missing session cookie
[2026-03-01T18:11:16.698Z] [Auth] Missing session cookie
[2026-03-01T18:11:16.870Z] [Auth] Missing session cookie
[2026-03-01T18:12:02.754Z] 1:12:02 PM [vite] (client) hmr update /src/pages/StudentDashboard.tsx, /src/index.css
[2026-03-01T18:12:10.124Z] [Auth] Missing session cookie
[2026-03-01T18:12:10.299Z] [Auth] Missing session cookie
[2026-03-01T18:12:16.796Z] 1:12:16 PM [vite] (client) hmr update /src/index.css, /src/components/BadgesDisplay.tsx
[2026-03-01T18:12:22.818Z] [Auth] Missing session cookie
[2026-03-01T18:12:22.988Z] [Auth] Missing session cookie
[2026-03-01T18:12:28.144Z] 1:12:28 PM [vite] (client) hmr update /src/index.css, /src/components/MeuTutorTab.tsx
[2026-03-01T18:12:33.449Z] [Auth] Missing session cookie
[2026-03-01T18:12:33.617Z] [Auth] Missing session cookie
[2026-03-01T18:12:40.901Z] 1:12:40 PM [vite] (client) hmr update /src/index.css, /src/components/MyFavoriteTips.tsx
[2026-03-01T18:12:46.720Z] [Auth] Missing session cookie
[2026-03-01T18:12:46.891Z] [Auth] Missing session cookie
[2026-03-01T18:15:03.987Z] [Auth] Missing session cookie
[2026-03-01T18:15:04.159Z] [Auth] Missing session cookie
[2026-03-01T18:16:44.091Z] [Auth] Missing session cookie
[2026-03-01T18:16:44.259Z] [Auth] Missing session cookie
[2026-03-01T18:18:37.007Z] 1:18:37 PM [vite] (client) hmr update /src/index.css, /src/components/CreateStudentDialog.tsx
[2026-03-01T18:18:37.050Z] 1:18:37 PM [vite] Internal server error: /home/ubuntu/influx-assistants/client/src/components/CreateStudentDialog.tsx: Identifier 'useState' has already been declared. (12:9)
[2026-03-01T18:18:37.050Z] 
[2026-03-01T18:18:37.051Z] 10 | import { createStudentSchema, getValidationErrors } from '@shared/validation-schemas';
[2026-03-01T18:18:37.051Z] 11 | import { z } from 'zod';
[2026-03-01T18:18:37.053Z] > 12 | import { useState } from 'react';
[2026-03-01T18:18:37.056Z] |          ^
[2026-03-01T18:18:37.057Z] 13 | import { motion, AnimatePresence } from 'framer-motion';
[2026-03-01T18:18:37.058Z] 14 |
[2026-03-01T18:18:37.059Z] 15 | interface CreateStudentDialogProps {
[2026-03-01T18:18:37.060Z] Plugin: vite:react-babel
[2026-03-01T18:18:37.060Z] File: /home/ubuntu/influx-assistants/client/src/components/CreateStudentDialog.tsx:12:9
[2026-03-01T18:18:37.061Z] 10 |  import { createStudentSchema, getValidationErrors } from '@shared/validation-schemas';
[2026-03-01T18:18:37.061Z] 11 |  import { z } from 'zod';
[2026-03-01T18:18:37.062Z] 12 |  import { useState } from 'react';
[2026-03-01T18:18:37.064Z] |           ^
[2026-03-01T18:18:37.066Z] 13 |  import { motion, AnimatePresence } from 'framer-motion';
[2026-03-01T18:18:37.069Z] 14 |
[2026-03-01T18:18:37.070Z] at toParseError (/home/ubuntu/influx-assistants/node_modules/.pnpm/@babel+parser@7.28.4/node_modules/@babel/parser/src/parse-error.ts:95:45)
[2026-03-01T18:18:37.070Z] at raise (/home/ubuntu/influx-assistants/node_modules/.pnpm/@babel+parser@7.28.4/node_modules/@babel/parser/src/tokenizer/index.ts:1503:19)
[2026-03-01T18:18:37.070Z] at declareName (/home/ubuntu/influx-assistants/node_modules/.pnpm/@babel+parser@7.28.4/node_modules/@babel/parser/src/plugins/typescript/scope.ts:72:21)
[2026-03-01T18:18:37.070Z] at declareNameFromIdentifier (/home/ubuntu/influx-assistants/node_modules/.pnpm/@babel+parser@7.28.4/node_modules/@babel/parser/src/parser/lval.ts:818:16)
[2026-03-01T18:18:37.070Z] at checkIdentifier (/home/ubuntu/influx-assistants/node_modules/.pnpm/@babel+parser@7.28.4/node_modules/@babel/parser/src/parser/lval.ts:813:12)
[2026-03-01T18:18:37.071Z] at checkLVal (/home/ubuntu/influx-assistants/node_modules/.pnpm/@babel+parser@7.28.4/node_modules/@babel/parser/src/parser/lval.ts:713:12)
[2026-03-01T18:18:37.071Z] at finishImportSpecifier (/home/ubuntu/influx-assistants/node_modules/.pnpm/@babel+parser@7.28.4/node_modules/@babel/parser/src/parser/statement.ts:3223:10)
[2026-03-01T18:18:37.071Z] at parseImportSpecifier (/home/ubuntu/influx-assistants/node_modules/.pnpm/@babel+parser@7.28.4/node_modules/@babel/parser/src/parser/statement.ts:3480:17)
[2026-03-01T18:18:37.071Z] at parseImportSpecifier (/home/ubuntu/influx-assistants/node_modules/.pnpm/@babel+parser@7.28.4/node_modules/@babel/parser/src/plugins/typescript/index.ts:4359:20)
[2026-03-01T18:18:37.071Z] at parseNamedImportSpecifiers (/home/ubuntu/influx-assistants/node_modules/.pnpm/@babel+parser@7.28.4/node_modules/@babel/parser/src/parser/statement.ts:3441:36)
[2026-03-01T18:18:37.072Z] at parseImportSpecifiersAndAfter (/home/ubuntu/influx-assistants/node_modules/.pnpm/@babel+parser@7.28.4/node_modules/@babel/parser/src/parser/statement.ts:3173:37)
[2026-03-01T18:18:37.072Z] at parseImport (/home/ubuntu/influx-assistants/node_modules/.pnpm/@babel+parser@7.28.4/node_modules/@babel/parser/src/parser/statement.ts:3142:17)
[2026-03-01T18:18:37.072Z] at parseImport (/home/ubuntu/influx-assistants/node_modules/.pnpm/@babel+parser@7.28.4/node_modules/@babel/parser/src/plugins/typescript/index.ts:3011:28)
[2026-03-01T18:18:37.072Z] at parseStatementContent (/home/ubuntu/influx-assistants/node_modules/.pnpm/@babel+parser@7.28.4/node_modules/@babel/parser/src/parser/statement.ts:642:25)
[2026-03-01T18:18:37.073Z] at parseStatementContent (/home/ubuntu/influx-assistants/node_modules/.pnpm/@babel+parser@7.28.4/node_modules/@babel/parser/src/plugins/typescript/index.ts:3185:20)
[2026-03-01T18:18:37.074Z] at parseStatementLike (/home/ubuntu/influx-assistants/node_modules/.pnpm/@babel+parser@7.28.4/node_modules/@babel/parser/src/parser/statement.ts:477:17)
[2026-03-01T18:18:37.074Z] at parseModuleItem (/home/ubuntu/influx-assistants/node_modules/.pnpm/@babel+parser@7.28.4/node_modules/@babel/parser/src/parser/statement.ts:414:17)
[2026-03-01T18:18:37.074Z] at parseBlockOrModuleBlockBody (/home/ubuntu/influx-assistants/node_modules/.pnpm/@babel+parser@7.28.4/node_modules/@babel/parser/src/parser/statement.ts:1438:16)
[2026-03-01T18:18:37.075Z] at parseBlockBody (/home/ubuntu/influx-assistants/node_modules/.pnpm/@babel+parser@7.28.4/node_modules/@babel/parser/src/parser/statement.ts:1412:10)
[2026-03-01T18:18:37.076Z] at parseProgram (/home/ubuntu/influx-assistants/node_modules/.pnpm/@babel+parser@7.28.4/node_modules/@babel/parser/src/parser/statement.ts:229:10)
[2026-03-01T18:18:37.076Z] at parseTopLevel (/home/ubuntu/influx-assistants/node_modules/.pnpm/@babel+parser@7.28.4/node_modules/@babel/parser/src/parser/statement.ts:203:25)
[2026-03-01T18:18:37.076Z] at parse (/home/ubuntu/influx-assistants/node_modules/.pnpm/@babel+parser@7.28.4/node_modules/@babel/parser/src/parser/index.ts:93:10)
[2026-03-01T18:18:37.077Z] at parse (/home/ubuntu/influx-assistants/node_modules/.pnpm/@babel+parser@7.28.4/node_modules/@babel/parser/src/plugins/typescript/index.ts:4309:20)
[2026-03-01T18:18:37.077Z] at parse (/home/ubuntu/influx-assistants/node_modules/.pnpm/@babel+parser@7.28.4/node_modules/@babel/parser/src/index.ts:92:38)
[2026-03-01T18:18:37.077Z] at parser (/home/ubuntu/influx-assistants/node_modules/.pnpm/@babel+core@7.28.4/node_modules/@babel/core/src/parser/index.ts:28:19)
[2026-03-01T18:18:37.077Z] at parser.next (<anonymous>)
[2026-03-01T18:18:37.078Z] at normalizeFile (/home/ubuntu/influx-assistants/node_modules/.pnpm/@babel+core@7.28.4/node_modules/@babel/core/src/transformation/normalize-file.ts:49:24)
[2026-03-01T18:18:37.078Z] at normalizeFile.next (<anonymous>)
[2026-03-01T18:18:37.078Z] at run (/home/ubuntu/influx-assistants/node_modules/.pnpm/@babel+core@7.28.4/node_modules/@babel/core/src/transformation/index.ts:40:36)
[2026-03-01T18:18:37.078Z] at run.next (<anonymous>)
[2026-03-01T18:18:37.079Z] at transform (/home/ubuntu/influx-assistants/node_modules/.pnpm/@babel+core@7.28.4/node_modules/@babel/core/src/transform.ts:29:20)
[2026-03-01T18:18:37.079Z] at transform.next (<anonymous>)
[2026-03-01T18:18:37.079Z] at step (/home/ubuntu/influx-assistants/node_modules/.pnpm/gensync@1.0.0-beta.2/node_modules/gensync/index.js:261:32)
[2026-03-01T18:18:37.080Z] at /home/ubuntu/influx-assistants/node_modules/.pnpm/gensync@1.0.0-beta.2/node_modules/gensync/index.js:273:13
[2026-03-01T18:18:37.080Z] at async.call.result.err.err (/home/ubuntu/influx-assistants/node_modules/.pnpm/gensync@1.0.0-beta.2/node_modules/gensync/index.js:223:11)
[2026-03-01T18:18:37.080Z] at /home/ubuntu/influx-assistants/node_modules/.pnpm/gensync@1.0.0-beta.2/node_modules/gensync/index.js:189:28
[2026-03-01T18:18:37.081Z] at <anonymous> (/home/ubuntu/influx-assistants/node_modules/.pnpm/@babel+core@7.28.4/node_modules/@babel/core/src/gensync-utils/async.ts:90:7)
[2026-03-01T18:18:37.081Z] at /home/ubuntu/influx-assistants/node_modules/.pnpm/gensync@1.0.0-beta.2/node_modules/gensync/index.js:113:33
[2026-03-01T18:18:37.082Z] at step (/home/ubuntu/influx-assistants/node_modules/.pnpm/gensync@1.0.0-beta.2/node_modules/gensync/index.js:287:14)
[2026-03-01T18:18:37.082Z] at /home/ubuntu/influx-assistants/node_modules/.pnpm/gensync@1.0.0-beta.2/node_modules/gensync/index.js:273:13
[2026-03-01T18:18:37.083Z] at async.call.result.err.err (/home/ubuntu/influx-assistants/node_modules/.pnpm/gensync@1.0.0-beta.2/node_modules/gensync/index.js:223:11)
[2026-03-01T18:18:37.092Z] 1:18:37 PM [vite] (client) Pre-transform error: /home/ubuntu/influx-assistants/client/src/components/CreateStudentDialog.tsx: Identifier 'useState' has already been declared. (12:9)
[2026-03-01T18:18:37.093Z] 
[2026-03-01T18:18:37.093Z] 10 | import { createStudentSchema, getValidationErrors } from '@shared/validation-schemas';
[2026-03-01T18:18:37.094Z] 11 | import { z } from 'zod';
[2026-03-01T18:18:37.095Z] > 12 | import { useState } from 'react';
[2026-03-01T18:18:37.096Z] |          ^
[2026-03-01T18:18:37.096Z] 13 | import { motion, AnimatePresence } from 'framer-motion';
[2026-03-01T18:18:37.096Z] 14 |
[2026-03-01T18:18:37.097Z] 15 | interface CreateStudentDialogProps {
[2026-03-01T18:18:37.097Z] Plugin: vite:react-babel
[2026-03-01T18:18:37.097Z] File: /home/ubuntu/influx-assistants/client/src/components/CreateStudentDialog.tsx:12:9
[2026-03-01T18:18:37.097Z] 10 |  import { createStudentSchema, getValidationErrors } from '@shared/validation-schemas';
[2026-03-01T18:18:37.098Z] 11 |  import { z } from 'zod';
[2026-03-01T18:18:37.098Z] 12 |  import { useState } from 'react';
[2026-03-01T18:18:37.100Z] |           ^
[2026-03-01T18:18:37.100Z] 13 |  import { motion, AnimatePresence } from 'framer-motion';
[2026-03-01T18:18:37.100Z] 14 |
[2026-03-01T18:18:47.490Z] 1:18:47 PM [vite] (client) hmr update /src/index.css, /src/components/CreateStudentDialog.tsx
[2026-03-01T18:19:05.766Z] 1:19:05 PM [vite] (client) hmr update /src/index.css, /src/components/CreateStudentDialog.tsx
[2026-03-01T18:19:08.141Z] 1:19:08 PM [vite] (client) ✨ new dependencies optimized: framer-motion
[2026-03-01T18:19:08.146Z] 1:19:08 PM [vite] (client) ✨ optimized dependencies changed. reloading
[2026-03-01T18:25:03.334Z] [Auth] Missing session cookie
[2026-03-01T18:25:03.524Z] [Auth] Missing session cookie
[2026-03-01T18:35:48.115Z] [Auth] Missing session cookie
[2026-03-01T18:35:48.298Z] [Auth] Missing session cookie
[2026-03-01T18:47:48.573Z] [Auth] Missing session cookie
[2026-03-01T18:47:48.757Z] [Auth] Missing session cookie
[2026-03-01T18:47:51.480Z] [Auth] Missing session cookie
[2026-03-01T18:47:51.650Z] [Auth] Missing session cookie
[2026-03-01T18:48:42.410Z] [Auth] Missing session cookie
[2026-03-01T18:48:42.579Z] [Auth] Missing session cookie
[2026-03-01T19:10:29.881Z] [Auth] Missing session cookie
[2026-03-01T19:10:30.068Z] [Auth] Missing session cookie
[2026-03-01T19:10:32.770Z] [Auth] Missing session cookie
[2026-03-01T19:10:32.942Z] [Auth] Missing session cookie
[2026-03-01T19:17:57.898Z] [Auth] Missing session cookie
[2026-03-01T19:17:58.082Z] [Auth] Missing session cookie
[2026-03-02T01:48:08.638Z] 8:48:08 PM [tsx] change in ./server/jobs/daily-sync.ts Restarting...
[2026-03-02T01:48:13.149Z] c[OAuth] Initialized with baseURL: https://api.manus.im
[2026-03-02T01:48:13.793Z] [DirectLogin] Rota registrada: GET /api/direct-login/:token
[2026-03-02T01:48:14.281Z] Server running on http://localhost:3000/
[2026-03-02T01:48:14.281Z] [Jobs] Inicializando jobs em background...
[2026-03-02T01:48:14.347Z] [DailySync] Job agendado para rodar diariamente às 18:00 (Brasília)
[2026-03-02T01:48:14.348Z] [Jobs] Todos os jobs foram inicializados
[2026-03-02T01:49:03.244Z] 8:49:03 PM [tsx] change in ./server/routers/bulk-student-sync.ts Restarting...
[2026-03-02T01:49:04.630Z] c[OAuth] Initialized with baseURL: https://api.manus.im
[2026-03-02T01:49:04.845Z] [DirectLogin] Rota registrada: GET /api/direct-login/:token
[2026-03-02T01:49:04.882Z] Server running on http://localhost:3000/
[2026-03-02T01:49:04.883Z] [Jobs] Inicializando jobs em background...
[2026-03-02T01:49:04.899Z] [DailySync] Job agendado para rodar diariamente às 18:00 (Brasília)
[2026-03-02T01:49:04.899Z] [Jobs] Todos os jobs foram inicializados
[2026-03-02T01:50:34.936Z] [baseline-browser-mapping] The data in this module is over two months old.  To ensure accurate Baseline data, please update: `npm i baseline-browser-mapping@latest -D`
[2026-03-02T01:51:31.632Z] Dev server process group stopped
[2026-03-02T01:51:33.003Z] ELIFECYCLE  Command failed.
[2026-03-02T01:51:33.633Z] Dev server process group force killed
[2026-03-02T01:51:33.711Z] Dev server exited with code -15
[2026-03-02T01:51:34.656Z] Starting dev server with command: pnpm run dev
[2026-03-02T01:51:35.414Z] 
[2026-03-02T01:51:35.415Z] > influx-personal-tutor@1.1.0 dev /home/ubuntu/influx-assistants
[2026-03-02T01:51:35.415Z] > NODE_ENV=development tsx watch server/_core/index.ts
[2026-03-02T01:51:35.416Z] 
[2026-03-02T01:51:36.835Z] [OAuth] Initialized with baseURL: https://api.manus.im
[2026-03-02T01:51:37.052Z] [DirectLogin] Rota registrada: GET /api/direct-login/:token
[2026-03-02T01:51:37.089Z] Server running on http://localhost:3000/
[2026-03-02T01:51:37.090Z] [Jobs] Inicializando jobs em background...
[2026-03-02T01:51:37.105Z] [DailySync] Job agendado para rodar diariamente às 18:00 (Brasília)
[2026-03-02T01:51:37.106Z] [Jobs] Todos os jobs foram inicializados
[2026-03-02T01:53:20.173Z] [baseline-browser-mapping] The data in this module is over two months old.  To ensure accurate Baseline data, please update: `npm i baseline-browser-mapping@latest -D`
[2026-03-02T13:35:15.500Z] [Auth] Missing session cookie
[2026-03-02T13:35:15.686Z] [Auth] Missing session cookie
[2026-03-02T13:35:18.219Z] [Auth] Missing session cookie
[2026-03-02T13:35:18.464Z] [Auth] Missing session cookie
[2026-03-02T22:56:50.828Z] 5:56:50 PM [tsx] change in ./server/routers.ts Restarting...
[2026-03-02T22:57:01.927Z] c[OAuth] Initialized with baseURL: https://api.manus.im
[2026-03-02T22:57:02.679Z] [DirectLogin] Rota registrada: GET /api/direct-login/:token
[2026-03-02T22:57:03.050Z] Server running on http://localhost:3000/
[2026-03-02T22:57:03.050Z] [Jobs] Inicializando jobs em background...
[2026-03-02T22:57:03.070Z] [DailySync] Job agendado para rodar diariamente às 18:00 (Brasília)
[2026-03-02T22:57:03.071Z] [Jobs] Todos os jobs foram inicializados
[2026-03-02T22:57:50.729Z] 5:57:50 PM [tsx] change in ./server/routers/tutor.ts Restarting...
[2026-03-02T22:57:52.467Z] c[OAuth] Initialized with baseURL: https://api.manus.im
[2026-03-02T22:57:52.768Z] [DirectLogin] Rota registrada: GET /api/direct-login/:token
[2026-03-02T22:57:52.810Z] Server running on http://localhost:3000/
[2026-03-02T22:57:52.811Z] [Jobs] Inicializando jobs em background...
[2026-03-02T22:57:52.828Z] [DailySync] Job agendado para rodar diariamente às 18:00 (Brasília)
[2026-03-02T22:57:52.828Z] [Jobs] Todos os jobs foram inicializados
[2026-03-02T22:58:56.532Z] Dev server process group stopped
[2026-03-02T22:58:56.536Z] ELIFECYCLE  Command failed.
[2026-03-02T22:58:56.563Z] Dev server exited with code -15
[2026-03-02T22:58:59.543Z] Starting dev server with command: pnpm run dev
[2026-03-02T22:59:00.398Z] 
[2026-03-02T22:59:00.398Z] > influx-personal-tutor@1.1.0 dev /home/ubuntu/influx-assistants
[2026-03-02T22:59:00.399Z] > NODE_ENV=development tsx watch server/_core/index.ts
[2026-03-02T22:59:00.399Z] 
[2026-03-02T22:59:02.284Z] [OAuth] Initialized with baseURL: https://api.manus.im
[2026-03-02T22:59:02.550Z] [DirectLogin] Rota registrada: GET /api/direct-login/:token
[2026-03-02T22:59:02.603Z] Server running on http://localhost:3000/
[2026-03-02T22:59:02.604Z] [Jobs] Inicializando jobs em background...
[2026-03-02T22:59:02.624Z] [DailySync] Job agendado para rodar diariamente às 18:00 (Brasília)
[2026-03-02T22:59:02.625Z] [Jobs] Todos os jobs foram inicializados
[2026-03-02T23:06:03.603Z] [baseline-browser-mapping] The data in this module is over two months old.  To ensure accurate Baseline data, please update: `npm i baseline-browser-mapping@latest -D`
[2026-03-04T21:28:17.571Z] [Auth] Missing session cookie
[2026-03-04T21:28:17.793Z] [Auth] Missing session cookie
[2026-03-04T21:31:01.205Z] [Auth] Missing session cookie
[2026-03-04T21:31:01.468Z] [Auth] Missing session cookie
[2026-03-04T21:31:05.663Z] [Auth] Missing session cookie
[2026-03-04T21:31:05.961Z] [Auth] Missing session cookie
[2026-03-10T17:51:56.668Z] [2026-03-10T17:51:56.656Z] [PID: 118317] [32m[NODE-CRON][32m [33m[WARN][0m missed execution at Thu Mar 05 2026 16:00:00 GMT-0500 (Eastern Standard Time)! Possible blocking IO or high CPU user at the same process used by node-cron.
[2026-03-10T17:51:56.855Z] [2026-03-10T17:51:56.855Z] [PID: 118317] [32m[NODE-CRON][32m [33m[WARN][0m missed execution at Fri Mar 06 2026 16:00:00 GMT-0500 (Eastern Standard Time)! Possible blocking IO or high CPU user at the same process used by node-cron.
[2026-03-10T17:51:56.857Z] [2026-03-10T17:51:56.857Z] [PID: 118317] [32m[NODE-CRON][32m [33m[WARN][0m missed execution at Sat Mar 07 2026 16:00:00 GMT-0500 (Eastern Standard Time)! Possible blocking IO or high CPU user at the same process used by node-cron.
[2026-03-10T17:51:56.859Z] [2026-03-10T17:51:56.859Z] [PID: 118317] [32m[NODE-CRON][32m [33m[WARN][0m missed execution at Sun Mar 08 2026 17:00:00 GMT-0400 (Eastern Daylight Time)! Possible blocking IO or high CPU user at the same process used by node-cron.
[2026-03-10T17:51:56.861Z] [2026-03-10T17:51:56.861Z] [PID: 118317] [32m[NODE-CRON][32m [33m[WARN][0m missed execution at Mon Mar 09 2026 17:00:00 GMT-0400 (Eastern Daylight Time)! Possible blocking IO or high CPU user at the same process used by node-cron.
[2026-03-10T17:55:26.119Z] 1:55:25 PM [tsx] change in ./server/routers/auth-password.ts Restarting...
[2026-03-10T17:55:31.842Z] c[OAuth] Initialized with baseURL: https://api.manus.im
[2026-03-10T17:55:33.290Z] [DirectLogin] Rota registrada: GET /api/direct-login/:token
[2026-03-10T17:55:33.528Z] Server running on http://localhost:3000/
[2026-03-10T17:55:33.529Z] [Jobs] Inicializando jobs em background...
[2026-03-10T17:55:33.545Z] [DailySync] Job agendado para rodar diariamente às 18:00 (Brasília)
[2026-03-10T17:55:33.546Z] [Jobs] Todos os jobs foram inicializados
[2026-03-10T17:55:33.925Z] [baseline-browser-mapping] The data in this module is over two months old.  To ensure accurate Baseline data, please update: `npm i baseline-browser-mapping@latest -D`
[2026-03-10T17:55:40.530Z] [Auth] Missing session cookie
[2026-03-10T17:55:40.730Z] [Auth] Missing session cookie
[2026-03-10T17:56:08.593Z] [Auth] Missing session cookie
[2026-03-10T17:56:08.781Z] [Auth] Missing session cookie
[2026-03-10T17:56:35.224Z] [Auth] Missing session cookie
[2026-03-10T17:56:35.400Z] [Auth] Missing session cookie
[2026-03-10T17:57:24.712Z] 1:57:24 PM [tsx] change in ./server/routers/badges.ts Restarting...
[2026-03-10T17:57:26.333Z] c[OAuth] Initialized with baseURL: https://api.manus.im
[2026-03-10T17:57:26.756Z] [DirectLogin] Rota registrada: GET /api/direct-login/:token
[2026-03-10T17:57:26.790Z] Server running on http://localhost:3000/
[2026-03-10T17:57:26.791Z] [Jobs] Inicializando jobs em background...
[2026-03-10T17:57:26.801Z] [DailySync] Job agendado para rodar diariamente às 18:00 (Brasília)
[2026-03-10T17:57:26.802Z] [Jobs] Todos os jobs foram inicializados
[2026-03-10T17:57:27.639Z] [baseline-browser-mapping] The data in this module is over two months old.  To ensure accurate Baseline data, please update: `npm i baseline-browser-mapping@latest -D`
[2026-03-10T17:57:31.251Z] [Auth] Missing session cookie
[2026-03-10T17:57:31.448Z] [Auth] Missing session cookie
[2026-03-10T17:58:13.846Z] 1:58:13 PM [tsx] change in ./server/routers/gamification.ts Restarting...
[2026-03-10T17:58:15.255Z] c[OAuth] Initialized with baseURL: https://api.manus.im
[2026-03-10T17:58:15.488Z] [DirectLogin] Rota registrada: GET /api/direct-login/:token
[2026-03-10T17:58:15.538Z] Server running on http://localhost:3000/
[2026-03-10T17:58:15.538Z] [Jobs] Inicializando jobs em background...
[2026-03-10T17:58:15.553Z] [DailySync] Job agendado para rodar diariamente às 18:00 (Brasília)
[2026-03-10T17:58:15.554Z] [Jobs] Todos os jobs foram inicializados
[2026-03-10T17:58:16.203Z] [baseline-browser-mapping] The data in this module is over two months old.  To ensure accurate Baseline data, please update: `npm i baseline-browser-mapping@latest -D`
[2026-03-10T17:58:19.889Z] [Auth] Missing session cookie
[2026-03-10T17:58:20.073Z] [Auth] Missing session cookie
[2026-03-10T17:58:23.221Z] [Auth] Missing session cookie
[2026-03-10T17:58:23.498Z] [Auth] Missing session cookie
[2026-03-10T17:58:25.747Z] 1:58:25 PM [tsx] change in ./server/routers/gamification.ts Restarting...
[2026-03-10T17:58:27.176Z] c[OAuth] Initialized with baseURL: https://api.manus.im
[2026-03-10T17:58:27.410Z] [DirectLogin] Rota registrada: GET /api/direct-login/:token
[2026-03-10T17:58:27.454Z] Server running on http://localhost:3000/
[2026-03-10T17:58:27.455Z] [Jobs] Inicializando jobs em background...
[2026-03-10T17:58:27.471Z] [DailySync] Job agendado para rodar diariamente às 18:00 (Brasília)
[2026-03-10T17:58:27.472Z] [Jobs] Todos os jobs foram inicializados
[2026-03-10T17:58:27.919Z] [baseline-browser-mapping] The data in this module is over two months old.  To ensure accurate Baseline data, please update: `npm i baseline-browser-mapping@latest -D`
[2026-03-10T17:58:31.428Z] [Auth] Missing session cookie
[2026-03-10T17:58:31.619Z] [Auth] Missing session cookie
[2026-03-10T18:00:07.702Z] 2:00:07 PM [tsx] change in ./server/routers/elie-sync.ts Restarting...
[2026-03-10T18:00:09.502Z] c[OAuth] Initialized with baseURL: https://api.manus.im
[2026-03-10T18:00:09.779Z] [DirectLogin] Rota registrada: GET /api/direct-login/:token
[2026-03-10T18:00:09.824Z] Server running on http://localhost:3000/
[2026-03-10T18:00:09.825Z] [Jobs] Inicializando jobs em background...
[2026-03-10T18:00:09.868Z] [DailySync] Job agendado para rodar diariamente às 18:00 (Brasília)
[2026-03-10T18:00:09.869Z] [Jobs] Todos os jobs foram inicializados
[2026-03-10T18:01:44.794Z] 2:01:44 PM [tsx] change in ./server/routers.ts Restarting...
[2026-03-10T18:01:46.205Z] c[OAuth] Initialized with baseURL: https://api.manus.im
[2026-03-10T18:01:46.435Z] [DirectLogin] Rota registrada: GET /api/direct-login/:token
[2026-03-10T18:01:46.477Z] Server running on http://localhost:3000/
[2026-03-10T18:01:46.477Z] [Jobs] Inicializando jobs em background...
[2026-03-10T18:01:46.492Z] [DailySync] Job agendado para rodar diariamente às 18:00 (Brasília)
[2026-03-10T18:01:46.493Z] [Jobs] Todos os jobs foram inicializados
[2026-03-10T18:04:15.031Z] [baseline-browser-mapping] The data in this module is over two months old.  To ensure accurate Baseline data, please update: `npm i baseline-browser-mapping@latest -D`
[2026-03-10T18:07:35.120Z] [Auth] Missing session cookie
[2026-03-10T18:07:35.353Z] [Auth] Missing session cookie
[2026-03-10T18:20:24.473Z] [Auth] Missing session cookie
[2026-03-10T18:20:24.738Z] [Auth] Missing session cookie
[2026-03-10T18:26:52.722Z] [Auth] Missing session cookie
[2026-03-10T18:26:52.917Z] [Auth] Missing session cookie
[2026-03-10T18:36:08.531Z] [Auth] Missing session cookie
[2026-03-10T18:36:08.729Z] [Auth] Missing session cookie
[2026-03-10T18:37:18.956Z] [Auth] Missing session cookie
[2026-03-10T18:37:19.139Z] [Auth] Missing session cookie
[2026-03-10T18:41:41.780Z] [Auth] Missing session cookie
[2026-03-10T18:41:42.002Z] [Auth] Missing session cookie
[2026-03-10T18:43:19.612Z] 2:43:19 PM [tsx] change in ./server/routers/admin-students.ts Restarting...
[2026-03-10T18:43:22.667Z] c[OAuth] Initialized with baseURL: https://api.manus.im
[2026-03-10T18:43:23.937Z] [DirectLogin] Rota registrada: GET /api/direct-login/:token
[2026-03-10T18:43:24.026Z] Server running on http://localhost:3000/
[2026-03-10T18:43:24.027Z] [Jobs] Inicializando jobs em background...
[2026-03-10T18:43:24.148Z] [DailySync] Job agendado para rodar diariamente às 18:00 (Brasília)
[2026-03-10T18:43:24.149Z] [Jobs] Todos os jobs foram inicializados
[2026-03-10T18:43:26.189Z] [baseline-browser-mapping] The data in this module is over two months old.  To ensure accurate Baseline data, please update: `npm i baseline-browser-mapping@latest -D`
[2026-03-10T18:43:33.619Z] [Auth] Missing session cookie
[2026-03-10T18:43:33.818Z] [Auth] Missing session cookie
[2026-03-10T18:45:24.853Z] 2:45:24 PM [vite] (client) hmr update /src/pages/AdminDashboard.tsx, /src/index.css
[2026-03-10T19:48:15.470Z] [Auth] Missing session cookie
[2026-03-10T19:48:15.670Z] [Auth] Missing session cookie
[2026-03-10T19:48:22.281Z] [Auth] Missing session cookie
[2026-03-10T19:48:22.467Z] [Auth] Missing session cookie
[2026-03-10T19:53:43.152Z] [Auth] Missing session cookie
[2026-03-10T19:53:43.349Z] [Auth] Missing session cookie
[2026-03-10T19:54:07.918Z] 3:54:07 PM [tsx] change in ./server/routers/admin-students.ts Restarting...
[2026-03-10T19:54:10.437Z] c[OAuth] Initialized with baseURL: https://api.manus.im
[2026-03-10T19:54:11.107Z] [DirectLogin] Rota registrada: GET /api/direct-login/:token
[2026-03-10T19:54:11.163Z] Server running on http://localhost:3000/
[2026-03-10T19:54:11.164Z] [Jobs] Inicializando jobs em background...
[2026-03-10T19:54:11.240Z] [DailySync] Job agendado para rodar diariamente às 18:00 (Brasília)
[2026-03-10T19:54:11.244Z] [Jobs] Todos os jobs foram inicializados
[2026-03-10T19:56:08.912Z] 3:56:08 PM [tsx] change in ./drizzle/schema.ts Restarting...
[2026-03-10T19:56:10.446Z] c[OAuth] Initialized with baseURL: https://api.manus.im
[2026-03-10T19:56:10.697Z] [DirectLogin] Rota registrada: GET /api/direct-login/:token
[2026-03-10T19:56:10.759Z] Server running on http://localhost:3000/
[2026-03-10T19:56:10.764Z] [Jobs] Inicializando jobs em background...
[2026-03-10T19:56:10.776Z] [DailySync] Job agendado para rodar diariamente às 18:00 (Brasília)
[2026-03-10T19:56:10.780Z] [Jobs] Todos os jobs foram inicializados
[2026-03-10T19:56:57.542Z] 3:56:57 PM [tsx] change in ./server/routers/admin-students.ts Restarting...
[2026-03-10T19:56:58.973Z] c[OAuth] Initialized with baseURL: https://api.manus.im
[2026-03-10T19:56:59.221Z] [DirectLogin] Rota registrada: GET /api/direct-login/:token
[2026-03-10T19:56:59.264Z] Server running on http://localhost:3000/
[2026-03-10T19:56:59.265Z] [Jobs] Inicializando jobs em background...
[2026-03-10T19:56:59.281Z] [DailySync] Job agendado para rodar diariamente às 18:00 (Brasília)
[2026-03-10T19:56:59.282Z] [Jobs] Todos os jobs foram inicializados
[2026-03-10T19:57:06.896Z] 3:57:06 PM [tsx] change in ./server/routers/admin-students.ts Restarting...
[2026-03-10T19:57:08.392Z] c[OAuth] Initialized with baseURL: https://api.manus.im
[2026-03-10T19:57:08.620Z] [DirectLogin] Rota registrada: GET /api/direct-login/:token
[2026-03-10T19:57:08.658Z] Server running on http://localhost:3000/
[2026-03-10T19:57:08.658Z] [Jobs] Inicializando jobs em background...
[2026-03-10T19:57:08.674Z] [DailySync] Job agendado para rodar diariamente às 18:00 (Brasília)
[2026-03-10T19:57:08.680Z] [Jobs] Todos os jobs foram inicializados
[2026-03-10T19:58:06.102Z] 3:58:06 PM [tsx] change in ./server/routers/auth-password.ts Restarting...
[2026-03-10T19:58:07.572Z] c[OAuth] Initialized with baseURL: https://api.manus.im
[2026-03-10T19:58:07.797Z] [DirectLogin] Rota registrada: GET /api/direct-login/:token
[2026-03-10T19:58:07.843Z] Server running on http://localhost:3000/
[2026-03-10T19:58:07.844Z] [Jobs] Inicializando jobs em background...
[2026-03-10T19:58:07.863Z] [DailySync] Job agendado para rodar diariamente às 18:00 (Brasília)
[2026-03-10T19:58:07.863Z] [Jobs] Todos os jobs foram inicializados
[2026-03-10T20:02:35.319Z] [Auth] Missing session cookie
[2026-03-10T20:03:04.298Z] [baseline-browser-mapping] The data in this module is over two months old.  To ensure accurate Baseline data, please update: `npm i baseline-browser-mapping@latest -D`
[2026-03-10T20:29:56.355Z] [Auth] Missing session cookie
[2026-03-10T20:29:56.546Z] [Auth] Missing session cookie
[2026-03-10T21:00:00.035Z] [DailySync] Executando sincronização agendada...
[2026-03-10T21:00:00.037Z] [DailySync] Iniciando sincronização com Dashboard Central...
[2026-03-10T21:00:00.636Z] [DailySync] Encontrados 1871 alunos no Dashboard Central
[2026-03-10T21:00:16.091Z] [DailySync] ✅ Sincronização concluída: 0 criados, 262 atualizados, 0 erros
[2026-03-10T23:48:19.682Z] [Auth] Missing session cookie
[2026-03-10T23:48:19.867Z] [Auth] Missing session cookie
[2026-03-11T01:08:41.787Z] [Auth] Missing session cookie
[2026-03-11T15:28:44.427Z] [Auth] Missing session cookie
[2026-03-11T15:28:44.640Z] [Auth] Missing session cookie
[2026-03-11T15:28:47.486Z] [Auth] Missing session cookie
[2026-03-11T15:28:47.681Z] [Auth] Missing session cookie
[2026-03-11T16:11:00.399Z] [Auth] Missing session cookie
[2026-03-11T16:11:00.590Z] [Auth] Missing session cookie
[2026-03-11T16:16:43.857Z] 12:16:43 PM [tsx] change in ./server/routers/auth-password.ts Restarting...
[2026-03-11T16:16:50.859Z] c[OAuth] Initialized with baseURL: https://api.manus.im
[2026-03-11T16:16:52.853Z] [DirectLogin] Rota registrada: GET /api/direct-login/:token
[2026-03-11T16:16:53.541Z] Server running on http://localhost:3000/
[2026-03-11T16:16:53.542Z] [Jobs] Inicializando jobs em background...
[2026-03-11T16:16:53.627Z] [DailySync] Job agendado para rodar diariamente às 18:00 (Brasília)
[2026-03-11T16:16:53.757Z] [Jobs] Todos os jobs foram inicializados
[2026-03-11T16:17:21.319Z] [Auth] Missing session cookie
[2026-03-11T16:19:30.867Z] [baseline-browser-mapping] The data in this module is over two months old.  To ensure accurate Baseline data, please update: `npm i baseline-browser-mapping@latest -D`
[2026-03-11T16:19:35.498Z] [Auth] Missing session cookie
[2026-03-11T16:19:35.691Z] [Auth] Missing session cookie
[2026-03-11T18:47:51.653Z] 2:47:51 PM [tsx] change in ./server/routers/gamification.ts Restarting...
[2026-03-11T18:48:00.132Z] c[OAuth] Initialized with baseURL: https://api.manus.im
[2026-03-11T18:48:00.805Z] [DirectLogin] Rota registrada: GET /api/direct-login/:token
[2026-03-11T18:48:01.265Z] Server running on http://localhost:3000/
[2026-03-11T18:48:01.267Z] [Jobs] Inicializando jobs em background...
[2026-03-11T18:48:01.359Z] [DailySync] Job agendado para rodar diariamente às 18:00 (Brasília)
[2026-03-11T18:48:01.359Z] [Jobs] Todos os jobs foram inicializados
[2026-03-11T18:52:17.080Z] [baseline-browser-mapping] The data in this module is over two months old.  To ensure accurate Baseline data, please update: `npm i baseline-browser-mapping@latest -D`
[2026-03-11T20:03:41.431Z] [Auth] Missing session cookie
[2026-03-11T20:03:41.637Z] [Auth] Missing session cookie
[2026-03-11T20:05:37.655Z] [Auth] Missing session cookie
[2026-03-11T20:05:37.868Z] [Auth] Missing session cookie
[2026-03-11T20:06:06.373Z] 4:06:06 PM [tsx] change in ./server/routers/chat.ts Restarting...
[2026-03-11T20:06:09.018Z] c[OAuth] Initialized with baseURL: https://api.manus.im
[2026-03-11T20:06:09.742Z] [DirectLogin] Rota registrada: GET /api/direct-login/:token
[2026-03-11T20:06:09.795Z] Server running on http://localhost:3000/
[2026-03-11T20:06:09.796Z] [Jobs] Inicializando jobs em background...
[2026-03-11T20:06:09.901Z] [DailySync] Job agendado para rodar diariamente às 18:00 (Brasília)
[2026-03-11T20:06:09.904Z] [Jobs] Todos os jobs foram inicializados
[2026-03-11T20:06:10.492Z] [baseline-browser-mapping] The data in this module is over two months old.  To ensure accurate Baseline data, please update: `npm i baseline-browser-mapping@latest -D`
[2026-03-11T20:06:16.355Z] [Auth] Missing session cookie
[2026-03-11T20:06:16.633Z] [Auth] Missing session cookie
[2026-03-11T20:08:47.017Z] 4:08:47 PM [vite] (client) hmr update /src/index.css, /src/pages/Chat.tsx
[2026-03-11T20:08:47.731Z] 4:08:47 PM [vite] Internal server error: Failed to resolve import "@/hooks/useAuth" from "client/src/pages/Chat.tsx". Does the file exist?
[2026-03-11T20:08:47.737Z] Plugin: vite:import-analysis
[2026-03-11T20:08:47.738Z] File: /home/ubuntu/influx-assistants/client/src/pages/Chat.tsx:1:24
[2026-03-11T20:08:47.739Z] 1  |  import { Fragment, jsxDEV } from "react/jsx-dev-runtime";
[2026-03-11T20:08:47.739Z] 2  |  var _s = $RefreshSig$(), _s2 = $RefreshSig$();
[2026-03-11T20:08:47.750Z] 3  |  import { useAuth } from "@/hooks/useAuth";
[2026-03-11T20:08:47.750Z] |                           ^
[2026-03-11T20:08:47.753Z] 4  |  import { Button } from "@/components/ui/button";
[2026-03-11T20:08:47.758Z] 5  |  import { Card, CardContent } from "@/components/ui/card";
[2026-03-11T20:08:47.760Z] at TransformPluginContext._formatLog (/home/ubuntu/influx-assistants/node_modules/.pnpm/vite@7.3.1_@types+node@24.7.0_jiti@2.6.1_lightningcss@1.30.1_tsx@4.20.6/node_modules/vite/dist/node/chunks/config.js:28999:43)
[2026-03-11T20:08:47.763Z] at TransformPluginContext.error (/home/ubuntu/influx-assistants/node_modules/.pnpm/vite@7.3.1_@types+node@24.7.0_jiti@2.6.1_lightningcss@1.30.1_tsx@4.20.6/node_modules/vite/dist/node/chunks/config.js:28996:14)
[2026-03-11T20:08:47.763Z] at normalizeUrl (/home/ubuntu/influx-assistants/node_modules/.pnpm/vite@7.3.1_@types+node@24.7.0_jiti@2.6.1_lightningcss@1.30.1_tsx@4.20.6/node_modules/vite/dist/node/chunks/config.js:27119:18)
[2026-03-11T20:08:47.765Z] at process.processTicksAndRejections (node:internal/process/task_queues:105:5)
[2026-03-11T20:08:47.768Z] at async <anonymous> (/home/ubuntu/influx-assistants/node_modules/.pnpm/vite@7.3.1_@types+node@24.7.0_jiti@2.6.1_lightningcss@1.30.1_tsx@4.20.6/node_modules/vite/dist/node/chunks/config.js:27177:32)
[2026-03-11T20:08:47.768Z] at async Promise.all (index 1)
[2026-03-11T20:08:47.769Z] at async TransformPluginContext.transform (/home/ubuntu/influx-assistants/node_modules/.pnpm/vite@7.3.1_@types+node@24.7.0_jiti@2.6.1_lightningcss@1.30.1_tsx@4.20.6/node_modules/vite/dist/node/chunks/config.js:27145:4)
[2026-03-11T20:08:47.769Z] at async EnvironmentPluginContainer.transform (/home/ubuntu/influx-assistants/node_modules/.pnpm/vite@7.3.1_@types+node@24.7.0_jiti@2.6.1_lightningcss@1.30.1_tsx@4.20.6/node_modules/vite/dist/node/chunks/config.js:28797:14)
[2026-03-11T20:08:47.770Z] at async loadAndTransform (/home/ubuntu/influx-assistants/node_modules/.pnpm/vite@7.3.1_@types+node@24.7.0_jiti@2.6.1_lightningcss@1.30.1_tsx@4.20.6/node_modules/vite/dist/node/chunks/config.js:22670:26)
[2026-03-11T20:08:47.770Z] at async viteTransformMiddleware (/home/ubuntu/influx-assistants/node_modules/.pnpm/vite@7.3.1_@types+node@24.7.0_jiti@2.6.1_lightningcss@1.30.1_tsx@4.20.6/node_modules/vite/dist/node/chunks/config.js:24542:20)
[2026-03-11T20:08:47.864Z] 4:08:47 PM [vite] (client) Pre-transform error: Failed to resolve import "@/hooks/useAuth" from "client/src/pages/Chat.tsx". Does the file exist?
[2026-03-11T20:08:47.865Z] Plugin: vite:import-analysis
[2026-03-11T20:08:47.866Z] File: /home/ubuntu/influx-assistants/client/src/pages/Chat.tsx:1:24
[2026-03-11T20:08:47.867Z] 1  |  import { Fragment, jsxDEV } from "react/jsx-dev-runtime";
[2026-03-11T20:08:47.868Z] 2  |  var _s = $RefreshSig$(), _s2 = $RefreshSig$();
[2026-03-11T20:08:47.869Z] 3  |  import { useAuth } from "@/hooks/useAuth";
[2026-03-11T20:08:47.869Z] |                           ^
[2026-03-11T20:08:47.869Z] 4  |  import { Button } from "@/components/ui/button";
[2026-03-11T20:08:47.869Z] 5  |  import { Card, CardContent } from "@/components/ui/card";
[2026-03-11T20:08:52.659Z] 4:08:52 PM [vite] Internal server error: Failed to resolve import "@/hooks/useAuth" from "client/src/pages/Chat.tsx". Does the file exist?
[2026-03-11T20:08:52.662Z] Plugin: vite:import-analysis
[2026-03-11T20:08:52.663Z] File: /home/ubuntu/influx-assistants/client/src/pages/Chat.tsx:1:24
[2026-03-11T20:08:52.669Z] 1  |  import { Fragment, jsxDEV } from "react/jsx-dev-runtime";
[2026-03-11T20:08:52.669Z] 2  |  var _s = $RefreshSig$(), _s2 = $RefreshSig$();
[2026-03-11T20:08:52.670Z] 3  |  import { useAuth } from "@/hooks/useAuth";
[2026-03-11T20:08:52.670Z] |                           ^
[2026-03-11T20:08:52.670Z] 4  |  import { Button } from "@/components/ui/button";
[2026-03-11T20:08:52.670Z] 5  |  import { Card, CardContent } from "@/components/ui/card";
[2026-03-11T20:08:52.671Z] at TransformPluginContext._formatLog (/home/ubuntu/influx-assistants/node_modules/.pnpm/vite@7.3.1_@types+node@24.7.0_jiti@2.6.1_lightningcss@1.30.1_tsx@4.20.6/node_modules/vite/dist/node/chunks/config.js:28999:43)
[2026-03-11T20:08:52.671Z] at TransformPluginContext.error (/home/ubuntu/influx-assistants/node_modules/.pnpm/vite@7.3.1_@types+node@24.7.0_jiti@2.6.1_lightningcss@1.30.1_tsx@4.20.6/node_modules/vite/dist/node/chunks/config.js:28996:14)
[2026-03-11T20:08:52.671Z] at normalizeUrl (/home/ubuntu/influx-assistants/node_modules/.pnpm/vite@7.3.1_@types+node@24.7.0_jiti@2.6.1_lightningcss@1.30.1_tsx@4.20.6/node_modules/vite/dist/node/chunks/config.js:27119:18)
[2026-03-11T20:08:52.674Z] at process.processTicksAndRejections (node:internal/process/task_queues:105:5)
[2026-03-11T20:08:52.675Z] at async <anonymous> (/home/ubuntu/influx-assistants/node_modules/.pnpm/vite@7.3.1_@types+node@24.7.0_jiti@2.6.1_lightningcss@1.30.1_tsx@4.20.6/node_modules/vite/dist/node/chunks/config.js:27177:32)
[2026-03-11T20:08:52.675Z] at async Promise.all (index 1)
[2026-03-11T20:08:52.675Z] at async TransformPluginContext.transform (/home/ubuntu/influx-assistants/node_modules/.pnpm/vite@7.3.1_@types+node@24.7.0_jiti@2.6.1_lightningcss@1.30.1_tsx@4.20.6/node_modules/vite/dist/node/chunks/config.js:27145:4)
[2026-03-11T20:08:52.676Z] at async EnvironmentPluginContainer.transform (/home/ubuntu/influx-assistants/node_modules/.pnpm/vite@7.3.1_@types+node@24.7.0_jiti@2.6.1_lightningcss@1.30.1_tsx@4.20.6/node_modules/vite/dist/node/chunks/config.js:28797:14)
[2026-03-11T20:08:52.676Z] at async loadAndTransform (/home/ubuntu/influx-assistants/node_modules/.pnpm/vite@7.3.1_@types+node@24.7.0_jiti@2.6.1_lightningcss@1.30.1_tsx@4.20.6/node_modules/vite/dist/node/chunks/config.js:22670:26)
[2026-03-11T20:08:52.676Z] at async viteTransformMiddleware (/home/ubuntu/influx-assistants/node_modules/.pnpm/vite@7.3.1_@types+node@24.7.0_jiti@2.6.1_lightningcss@1.30.1_tsx@4.20.6/node_modules/vite/dist/node/chunks/config.js:24542:20)
[2026-03-11T20:08:58.794Z] 4:08:58 PM [vite] (client) hmr update /src/index.css, /src/App.tsx
[2026-03-11T20:08:59.100Z] 4:08:59 PM [vite] (client) Pre-transform error: Failed to resolve import "@/contexts/AuthContext" from "client/src/pages/Chat.tsx". Does the file exist?
[2026-03-11T20:08:59.102Z] Plugin: vite:import-analysis
[2026-03-11T20:08:59.103Z] File: /home/ubuntu/influx-assistants/client/src/pages/Chat.tsx:1:24
[2026-03-11T20:08:59.103Z] 1  |  import { Fragment, jsxDEV } from "react/jsx-dev-runtime";
[2026-03-11T20:08:59.103Z] 2  |  var _s = $RefreshSig$(), _s2 = $RefreshSig$();
[2026-03-11T20:08:59.104Z] 3  |  import { useAuth } from "@/contexts/AuthContext";
[2026-03-11T20:08:59.104Z] |                           ^
[2026-03-11T20:08:59.104Z] 4  |  import { Button } from "@/components/ui/button";
[2026-03-11T20:08:59.105Z] 5  |  import { Card, CardContent } from "@/components/ui/card";
[2026-03-11T20:09:00.053Z] 4:09:00 PM [vite] Internal server error: Failed to resolve import "@/contexts/AuthContext" from "client/src/pages/Chat.tsx". Does the file exist?
[2026-03-11T20:09:00.054Z] Plugin: vite:import-analysis
[2026-03-11T20:09:00.055Z] File: /home/ubuntu/influx-assistants/client/src/pages/Chat.tsx:1:24
[2026-03-11T20:09:00.057Z] 1  |  import { Fragment, jsxDEV } from "react/jsx-dev-runtime";
[2026-03-11T20:09:00.058Z] 2  |  var _s = $RefreshSig$(), _s2 = $RefreshSig$();
[2026-03-11T20:09:00.058Z] 3  |  import { useAuth } from "@/contexts/AuthContext";
[2026-03-11T20:09:00.060Z] |                           ^
[2026-03-11T20:09:00.060Z] 4  |  import { Button } from "@/components/ui/button";
[2026-03-11T20:09:00.062Z] 5  |  import { Card, CardContent } from "@/components/ui/card";
[2026-03-11T20:09:00.062Z] at TransformPluginContext._formatLog (/home/ubuntu/influx-assistants/node_modules/.pnpm/vite@7.3.1_@types+node@24.7.0_jiti@2.6.1_lightningcss@1.30.1_tsx@4.20.6/node_modules/vite/dist/node/chunks/config.js:28999:43)
[2026-03-11T20:09:00.062Z] at TransformPluginContext.error (/home/ubuntu/influx-assistants/node_modules/.pnpm/vite@7.3.1_@types+node@24.7.0_jiti@2.6.1_lightningcss@1.30.1_tsx@4.20.6/node_modules/vite/dist/node/chunks/config.js:28996:14)
[2026-03-11T20:09:00.063Z] at normalizeUrl (/home/ubuntu/influx-assistants/node_modules/.pnpm/vite@7.3.1_@types+node@24.7.0_jiti@2.6.1_lightningcss@1.30.1_tsx@4.20.6/node_modules/vite/dist/node/chunks/config.js:27119:18)
[2026-03-11T20:09:00.063Z] at process.processTicksAndRejections (node:internal/process/task_queues:105:5)
[2026-03-11T20:09:00.063Z] at async <anonymous> (/home/ubuntu/influx-assistants/node_modules/.pnpm/vite@7.3.1_@types+node@24.7.0_jiti@2.6.1_lightningcss@1.30.1_tsx@4.20.6/node_modules/vite/dist/node/chunks/config.js:27177:32)
[2026-03-11T20:09:00.064Z] at async Promise.all (index 1)
[2026-03-11T20:09:00.064Z] at async TransformPluginContext.transform (/home/ubuntu/influx-assistants/node_modules/.pnpm/vite@7.3.1_@types+node@24.7.0_jiti@2.6.1_lightningcss@1.30.1_tsx@4.20.6/node_modules/vite/dist/node/chunks/config.js:27145:4)
[2026-03-11T20:09:00.065Z] at async EnvironmentPluginContainer.transform (/home/ubuntu/influx-assistants/node_modules/.pnpm/vite@7.3.1_@types+node@24.7.0_jiti@2.6.1_lightningcss@1.30.1_tsx@4.20.6/node_modules/vite/dist/node/chunks/config.js:28797:14)
[2026-03-11T20:09:00.065Z] at async loadAndTransform (/home/ubuntu/influx-assistants/node_modules/.pnpm/vite@7.3.1_@types+node@24.7.0_jiti@2.6.1_lightningcss@1.30.1_tsx@4.20.6/node_modules/vite/dist/node/chunks/config.js:22670:26)
[2026-03-11T20:09:00.065Z] at async viteTransformMiddleware (/home/ubuntu/influx-assistants/node_modules/.pnpm/vite@7.3.1_@types+node@24.7.0_jiti@2.6.1_lightningcss@1.30.1_tsx@4.20.6/node_modules/vite/dist/node/chunks/config.js:24542:20)
[2026-03-11T20:09:04.455Z] 4:09:04 PM [vite] Internal server error: Failed to resolve import "@/contexts/AuthContext" from "client/src/pages/Chat.tsx". Does the file exist?
[2026-03-11T20:09:04.456Z] Plugin: vite:import-analysis
[2026-03-11T20:09:04.457Z] File: /home/ubuntu/influx-assistants/client/src/pages/Chat.tsx:1:24
[2026-03-11T20:09:04.458Z] 1  |  import { Fragment, jsxDEV } from "react/jsx-dev-runtime";
[2026-03-11T20:09:04.459Z] 2  |  var _s = $RefreshSig$(), _s2 = $RefreshSig$();
[2026-03-11T20:09:04.459Z] 3  |  import { useAuth } from "@/contexts/AuthContext";
[2026-03-11T20:09:04.460Z] |                           ^
[2026-03-11T20:09:04.461Z] 4  |  import { Button } from "@/components/ui/button";
[2026-03-11T20:09:04.461Z] 5  |  import { Card, CardContent } from "@/components/ui/card";
[2026-03-11T20:09:04.462Z] at TransformPluginContext._formatLog (/home/ubuntu/influx-assistants/node_modules/.pnpm/vite@7.3.1_@types+node@24.7.0_jiti@2.6.1_lightningcss@1.30.1_tsx@4.20.6/node_modules/vite/dist/node/chunks/config.js:28999:43)
[2026-03-11T20:09:04.463Z] at TransformPluginContext.error (/home/ubuntu/influx-assistants/node_modules/.pnpm/vite@7.3.1_@types+node@24.7.0_jiti@2.6.1_lightningcss@1.30.1_tsx@4.20.6/node_modules/vite/dist/node/chunks/config.js:28996:14)
[2026-03-11T20:09:04.463Z] at normalizeUrl (/home/ubuntu/influx-assistants/node_modules/.pnpm/vite@7.3.1_@types+node@24.7.0_jiti@2.6.1_lightningcss@1.30.1_tsx@4.20.6/node_modules/vite/dist/node/chunks/config.js:27119:18)
[2026-03-11T20:09:04.463Z] at process.processTicksAndRejections (node:internal/process/task_queues:105:5)
[2026-03-11T20:09:04.464Z] at async <anonymous> (/home/ubuntu/influx-assistants/node_modules/.pnpm/vite@7.3.1_@types+node@24.7.0_jiti@2.6.1_lightningcss@1.30.1_tsx@4.20.6/node_modules/vite/dist/node/chunks/config.js:27177:32)
[2026-03-11T20:09:04.464Z] at async Promise.all (index 1)
[2026-03-11T20:09:04.464Z] at async TransformPluginContext.transform (/home/ubuntu/influx-assistants/node_modules/.pnpm/vite@7.3.1_@types+node@24.7.0_jiti@2.6.1_lightningcss@1.30.1_tsx@4.20.6/node_modules/vite/dist/node/chunks/config.js:27145:4)
[2026-03-11T20:09:04.465Z] at async EnvironmentPluginContainer.transform (/home/ubuntu/influx-assistants/node_modules/.pnpm/vite@7.3.1_@types+node@24.7.0_jiti@2.6.1_lightningcss@1.30.1_tsx@4.20.6/node_modules/vite/dist/node/chunks/config.js:28797:14)
[2026-03-11T20:09:04.465Z] at async loadAndTransform (/home/ubuntu/influx-assistants/node_modules/.pnpm/vite@7.3.1_@types+node@24.7.0_jiti@2.6.1_lightningcss@1.30.1_tsx@4.20.6/node_modules/vite/dist/node/chunks/config.js:22670:26)
[2026-03-11T20:09:04.466Z] at async viteTransformMiddleware (/home/ubuntu/influx-assistants/node_modules/.pnpm/vite@7.3.1_@types+node@24.7.0_jiti@2.6.1_lightningcss@1.30.1_tsx@4.20.6/node_modules/vite/dist/node/chunks/config.js:24542:20)
[2026-03-11T20:09:14.712Z] 4:09:14 PM [vite] (client) hmr update /src/index.css, /src/App.tsx
[2026-03-11T20:09:17.414Z] [Auth] Missing session cookie
[2026-03-11T20:09:17.631Z] [Auth] Missing session cookie
[2026-03-11T20:09:21.574Z] [Auth] Missing session cookie
[2026-03-11T20:09:21.769Z] [Auth] Missing session cookie
[2026-03-11T20:09:34.491Z] [Auth] Missing session cookie
[2026-03-11T20:10:20.863Z] [Auth] Missing session cookie
[2026-03-11T20:10:21.061Z] [Auth] Missing session cookie
[2026-03-11T20:21:46.310Z] [Auth] Missing session cookie
[2026-03-11T20:21:46.501Z] [Auth] Missing session cookie
[2026-03-11T20:21:49.801Z] [Auth] Missing session cookie
[2026-03-11T20:21:50.000Z] [Auth] Missing session cookie
[2026-03-11T21:00:00.025Z] [DailySync] Executando sincronização agendada...
[2026-03-11T21:00:00.026Z] [DailySync] Iniciando sincronização com Dashboard Central...
[2026-03-11T21:00:00.461Z] [DailySync] Encontrados 1871 alunos no Dashboard Central
[2026-03-11T21:00:14.623Z] [DailySync] ✅ Sincronização concluída: 0 criados, 262 atualizados, 0 erros
[2026-03-13T15:11:08.721Z] [2026-03-13T15:11:08.419Z] [PID: 154867] [32m[NODE-CRON][32m [33m[WARN][0m missed execution at Thu Mar 12 2026 17:00:00 GMT-0400 (Eastern Daylight Time)! Possible blocking IO or high CPU user at the same process used by node-cron.
[2026-03-13T15:11:14.487Z] [Auth] Missing session cookie
[2026-03-13T15:11:14.690Z] [Auth] Missing session cookie
[2026-03-13T15:11:17.729Z] [Auth] Missing session cookie
[2026-03-13T15:11:18.020Z] [Auth] Missing session cookie
[2026-03-13T15:11:45.065Z] Dev server process group stopped
[2026-03-13T15:11:46.344Z] ELIFECYCLE  Command failed.
[2026-03-13T15:11:46.906Z] Dev server exited with code -15
[2026-03-13T15:11:48.446Z] Starting dev server with command: pnpm run dev
[2026-03-13T15:11:49.808Z] 
[2026-03-13T15:11:49.809Z] > influx-personal-tutor@1.1.0 dev /home/ubuntu/influx-assistants
[2026-03-13T15:11:49.809Z] > NODE_ENV=development tsx watch server/_core/index.ts
[2026-03-13T15:11:49.810Z] 
[2026-03-13T15:11:53.710Z] [OAuth] Initialized with baseURL: https://api.manus.im
[2026-03-13T15:12:04.980Z] Starting dev server with command: pnpm run dev
[2026-03-13T15:12:05.503Z] 
[2026-03-13T15:12:05.504Z] > influx-personal-tutor@1.1.0 dev /home/ubuntu/influx-assistants
[2026-03-13T15:12:05.504Z] > NODE_ENV=development tsx watch server/_core/index.ts
[2026-03-13T15:12:05.505Z] 
[2026-03-13T15:12:07.142Z] [OAuth] Initialized with baseURL: https://api.manus.im
[2026-03-13T15:12:07.431Z] [DirectLogin] Rota registrada: GET /api/direct-login/:token
[2026-03-13T15:12:07.469Z] Server running on http://localhost:3000/
[2026-03-13T15:12:07.470Z] [Jobs] Inicializando jobs em background...
[2026-03-13T15:12:07.485Z] [DailySync] Job agendado para rodar diariamente às 18:00 (Brasília)
[2026-03-13T15:12:07.485Z] [Jobs] Todos os jobs foram inicializados
[2026-03-13T15:12:26.848Z] Starting dev server with command: pnpm run dev
[2026-03-13T15:12:27.471Z] 
[2026-03-13T15:12:27.472Z] > influx-personal-tutor@1.1.0 dev /home/ubuntu/influx-assistants
[2026-03-13T15:12:27.472Z] > NODE_ENV=development tsx watch server/_core/index.ts
[2026-03-13T15:12:27.472Z] 
[2026-03-13T15:12:28.980Z] [OAuth] Initialized with baseURL: https://api.manus.im
[2026-03-13T15:12:29.283Z] [DirectLogin] Rota registrada: GET /api/direct-login/:token
[2026-03-13T15:12:29.300Z] Server running on http://localhost:3000/
[2026-03-13T15:12:29.331Z] [Jobs] Inicializando jobs em background...
[2026-03-13T15:12:29.331Z] [DailySync] Job agendado para rodar diariamente às 18:00 (Brasília)
[2026-03-13T15:12:29.332Z] [Jobs] Todos os jobs foram inicializados
[2026-03-13T18:01:19.286Z] Starting dev server with command: pnpm run dev
[2026-03-13T18:01:19.920Z] 
[2026-03-13T18:01:19.921Z] > influx-personal-tutor@1.1.0 dev /home/ubuntu/influx-assistants
[2026-03-13T18:01:19.921Z] > NODE_ENV=development tsx watch server/_core/index.ts
[2026-03-13T18:01:19.921Z] 
[2026-03-13T18:01:21.828Z] [OAuth] Initialized with baseURL: https://api.manus.im
[2026-03-13T18:01:22.129Z] [DirectLogin] Rota registrada: GET /api/direct-login/:token
[2026-03-13T18:01:22.181Z] Server running on http://localhost:3000/
[2026-03-13T18:01:22.182Z] [Jobs] Inicializando jobs em background...
[2026-03-13T18:01:22.203Z] [DailySync] Job agendado para rodar diariamente às 18:00 (Brasília)
[2026-03-13T18:01:22.203Z] [Jobs] Todos os jobs foram inicializados
[2026-03-13T18:39:47.371Z] [baseline-browser-mapping] The data in this module is over two months old.  To ensure accurate Baseline data, please update: `npm i baseline-browser-mapping@latest -D`
[2026-03-13T18:39:53.944Z] [Auth] Missing session cookie
[2026-03-13T18:39:54.233Z] [Auth] Missing session cookie
[2026-03-13T18:45:09.320Z] [Auth] Missing session cookie
[2026-03-13T18:45:09.848Z] [Auth] Missing session cookie
[2026-03-13T18:48:20.065Z] 2:48:20 PM [tsx] change in ./drizzle/schema.ts Restarting...
[2026-03-13T18:48:21.562Z] c[OAuth] Initialized with baseURL: https://api.manus.im
[2026-03-13T18:48:21.837Z] [DirectLogin] Rota registrada: GET /api/direct-login/:token
[2026-03-13T18:48:21.885Z] Server running on http://localhost:3000/
[2026-03-13T18:48:21.886Z] [Jobs] Inicializando jobs em background...
[2026-03-13T18:48:21.905Z] [DailySync] Job agendado para rodar diariamente às 18:00 (Brasília)
[2026-03-13T18:48:21.906Z] [Jobs] Todos os jobs foram inicializados
[2026-03-13T18:49:51.769Z] [baseline-browser-mapping] The data in this module is over two months old.  To ensure accurate Baseline data, please update: `npm i baseline-browser-mapping@latest -D`
[2026-03-13T18:53:59.477Z] 2:53:59 PM [tsx] change in ./server/routers.ts Restarting...
[2026-03-13T18:54:01.127Z] c[OAuth] Initialized with baseURL: https://api.manus.im
[2026-03-13T18:54:01.410Z] [DirectLogin] Rota registrada: GET /api/direct-login/:token
[2026-03-13T18:54:01.457Z] Server running on http://localhost:3000/
[2026-03-13T18:54:01.457Z] [Jobs] Inicializando jobs em background...
[2026-03-13T18:54:01.476Z] [DailySync] Job agendado para rodar diariamente às 18:00 (Brasília)
[2026-03-13T18:54:01.476Z] [Jobs] Todos os jobs foram inicializados
[2026-03-13T19:03:49.053Z] [baseline-browser-mapping] The data in this module is over two months old.  To ensure accurate Baseline data, please update: `npm i baseline-browser-mapping@latest -D`
[2026-03-13T19:03:54.123Z] [Auth] Missing session cookie
[2026-03-13T19:03:54.326Z] [Auth] Missing session cookie
[2026-03-13T19:04:20.967Z] 3:04:20 PM [vite] (client) hmr update /src/App.tsx, /src/index.css
[2026-03-13T19:04:22.045Z] [Auth] Missing session cookie
[2026-03-13T19:04:28.264Z] [Auth] Missing session cookie
[2026-03-13T19:04:28.450Z] [Auth] Missing session cookie
[2026-03-13T19:04:53.555Z] Dev server process group stopped
[2026-03-13T19:04:53.557Z] ELIFECYCLE  Command failed.
[2026-03-13T19:04:53.585Z] Dev server exited with code -15
[2026-03-13T19:04:56.580Z] Starting dev server with command: pnpm run dev
[2026-03-13T19:04:57.207Z] 
[2026-03-13T19:04:57.208Z] > influx-personal-tutor@1.1.0 dev /home/ubuntu/influx-assistants
[2026-03-13T19:04:57.209Z] > NODE_ENV=development tsx watch server/_core/index.ts
[2026-03-13T19:04:57.209Z] 
[2026-03-13T19:04:58.799Z] [OAuth] Initialized with baseURL: https://api.manus.im
[2026-03-13T19:04:59.042Z] [DirectLogin] Rota registrada: GET /api/direct-login/:token
[2026-03-13T19:04:59.089Z] Server running on http://localhost:3000/
[2026-03-13T19:04:59.091Z] [Jobs] Inicializando jobs em background...
[2026-03-13T19:04:59.108Z] [DailySync] Job agendado para rodar diariamente às 18:00 (Brasília)
[2026-03-13T19:04:59.109Z] [Jobs] Todos os jobs foram inicializados
[2026-03-13T19:05:30.573Z] [baseline-browser-mapping] The data in this module is over two months old.  To ensure accurate Baseline data, please update: `npm i baseline-browser-mapping@latest -D`
[2026-03-13T19:06:13.027Z] [Auth] Missing session cookie
[2026-03-13T19:06:13.292Z] [Auth] Missing session cookie
[2026-03-13T19:06:26.902Z] [Auth] Missing session cookie
[2026-03-13T19:06:27.129Z] [Auth] Missing session cookie
[2026-03-13T19:07:05.603Z] [Auth] Missing session cookie
[2026-03-13T19:07:05.880Z] [Auth] Missing session cookie
[2026-03-13T20:12:07.446Z] [Auth] Missing session cookie
[2026-03-13T20:12:07.634Z] [Auth] Missing session cookie
[2026-03-13T20:12:11.822Z] [Auth] Missing session cookie
[2026-03-13T20:12:12.080Z] [Auth] Missing session cookie
[2026-03-13T20:24:13.168Z] [Auth] Missing session cookie
[2026-03-13T20:24:13.357Z] [Auth] Missing session cookie
[2026-03-13T21:00:00.012Z] [DailySync] Executando sincronização agendada...
[2026-03-13T21:00:00.013Z] [DailySync] Iniciando sincronização com Dashboard Central...
[2026-03-13T21:00:00.459Z] [DailySync] Encontrados 1865 alunos no Dashboard Central
[2026-03-13T21:00:11.769Z] [WelcomeEmail] Email preparado para ALESSANDRA MARIANO  6291 (amarianorocha@gmail.com)
[2026-03-13T21:00:11.770Z] [DailySync] ✓ Criado usuário para ALESSANDRA MARIANO  6291
[2026-03-13T21:00:15.165Z] [DailySync] ✅ Sincronização concluída: 1 criados, 262 atualizados, 0 erros
[2026-03-13T21:24:12.344Z] [Auth] Missing session cookie
[2026-03-13T21:24:12.564Z] [Auth] Missing session cookie
[2026-03-13T21:36:47.102Z] [Auth] Missing session cookie
[2026-03-13T21:36:47.345Z] [Auth] Missing session cookie
[2026-03-13T21:42:11.243Z] 5:42:11 PM [vite] (client) hmr update /src/pages/events/SpeakingChallenge.tsx, /src/index.css
[2026-03-13T21:42:34.912Z] 5:42:34 PM [vite] (client) hmr update /src/pages/events/SpeakingChallenge.tsx, /src/index.css
[2026-03-13T21:43:49.393Z] 5:43:49 PM [vite] (client) hmr update /src/pages/events/ChunkListening.tsx, /src/index.css
[2026-03-13T21:46:01.348Z] 5:46:01 PM [vite] (client) hmr update /src/App.tsx, /src/index.css
[2026-03-13T21:46:28.362Z] 5:46:28 PM [vite] (client) hmr update /src/pages/events/EventHub.tsx, /src/index.css
[2026-03-13T21:47:05.010Z] 5:47:05 PM [vite] (client) hmr update /src/pages/events/EventLanding.tsx, /src/index.css
[2026-03-13T21:47:23.140Z] 5:47:23 PM [vite] (client) hmr update /src/pages/events/EventHub.tsx, /src/index.css
[2026-03-13T21:57:26.691Z] [Auth] Missing session cookie
[2026-03-13T21:57:27.692Z] [Auth] Missing session cookie
[2026-03-14T14:44:33.847Z] [Auth] Missing session cookie
[2026-03-14T14:44:34.036Z] [Auth] Missing session cookie
[2026-03-14T14:44:36.481Z] [Auth] Missing session cookie
[2026-03-14T14:44:36.661Z] [Auth] Missing session cookie
[2026-03-14T15:42:48.556Z] [Auth] Missing session cookie
[2026-03-14T15:42:49.013Z] [Auth] Missing session cookie
[2026-03-14T15:56:55.103Z] [Auth] Missing session cookie
[2026-03-14T15:56:55.628Z] [Auth] Missing session cookie
[2026-03-14T23:30:09.924Z] [2026-03-14T23:30:09.909Z] [PID: 165994] [32m[NODE-CRON][32m [33m[WARN][0m missed execution at Sat Mar 14 2026 17:00:00 GMT-0400 (Eastern Daylight Time)! Possible blocking IO or high CPU user at the same process used by node-cron.
[2026-03-15T00:17:22.071Z] [Auth] Missing session cookie
[2026-03-15T00:17:22.300Z] [Auth] Missing session cookie
[2026-03-15T00:17:26.182Z] [Auth] Missing session cookie
[2026-03-15T00:17:26.447Z] [Auth] Missing session cookie
[2026-03-15T00:50:20.906Z] [Auth] Missing session cookie
[2026-03-15T00:50:21.188Z] [Auth] Missing session cookie
[2026-03-15T19:08:42.961Z] [Auth] Missing session cookie
[2026-03-15T19:08:43.264Z] [Auth] Missing session cookie
[2026-03-15T19:11:37.197Z] 3:11:37 PM [tsx] change in ./server/routers/pronunciation.ts Restarting...
[2026-03-15T19:11:45.338Z] c[OAuth] Initialized with baseURL: https://api.manus.im
[2026-03-15T19:11:46.370Z] [DirectLogin] Rota registrada: GET /api/direct-login/:token
[2026-03-15T19:11:46.908Z] Server running on http://localhost:3000/
[2026-03-15T19:11:46.909Z] [Jobs] Inicializando jobs em background...
[2026-03-15T19:11:46.928Z] [DailySync] Job agendado para rodar diariamente às 18:00 (Brasília)
[2026-03-15T19:11:46.928Z] [Jobs] Todos os jobs foram inicializados
[2026-03-15T19:13:09.847Z] 3:13:09 PM [tsx] change in ./server/_core/trpc.ts Restarting...
[2026-03-15T19:13:11.367Z] c[OAuth] Initialized with baseURL: https://api.manus.im
[2026-03-15T19:13:11.623Z] [DirectLogin] Rota registrada: GET /api/direct-login/:token
[2026-03-15T19:13:11.674Z] Server running on http://localhost:3000/
[2026-03-15T19:13:11.675Z] [Jobs] Inicializando jobs em background...
[2026-03-15T19:13:11.697Z] [DailySync] Job agendado para rodar diariamente às 18:00 (Brasília)
[2026-03-15T19:13:11.697Z] [Jobs] Todos os jobs foram inicializados
[2026-03-15T19:13:39.393Z] [baseline-browser-mapping] The data in this module is over two months old.  To ensure accurate Baseline data, please update: `npm i baseline-browser-mapping@latest -D`
[2026-03-15T19:13:43.719Z] [Auth] Missing session cookie
[2026-03-15T19:13:43.927Z] [Auth] Missing session cookie
[2026-03-15T19:14:39.120Z] 3:14:39 PM [vite] (client) hmr update /src/pages/events/EventScore.tsx, /src/index.css
[2026-03-15T19:16:17.747Z] 3:16:17 PM [vite] (client) hmr update /src/pages/Login.tsx, /src/index.css
[2026-03-15T19:17:19.409Z] 3:17:19 PM [tsx] change in ./vite.config.ts Restarting...
[2026-03-15T19:17:20.840Z] c[OAuth] Initialized with baseURL: https://api.manus.im
[2026-03-15T19:17:21.085Z] [DirectLogin] Rota registrada: GET /api/direct-login/:token
[2026-03-15T19:17:21.125Z] Server running on http://localhost:3000/
[2026-03-15T19:17:21.126Z] [Jobs] Inicializando jobs em background...
[2026-03-15T19:17:21.143Z] [DailySync] Job agendado para rodar diariamente às 18:00 (Brasília)
[2026-03-15T19:17:21.144Z] [Jobs] Todos os jobs foram inicializados
[2026-03-15T19:18:09.165Z] [Auth] Missing session cookie
[2026-03-15T19:20:14.633Z] [baseline-browser-mapping] The data in this module is over two months old.  To ensure accurate Baseline data, please update: `npm i baseline-browser-mapping@latest -D`
[2026-03-15T19:20:51.336Z] [Auth] Missing session cookie
[2026-03-15T19:20:51.559Z] [Auth] Missing session cookie
[2026-03-15T21:00:00.014Z] [DailySync] Executando sincronização agendada...
[2026-03-15T21:00:00.015Z] [DailySync] Iniciando sincronização com Dashboard Central...
[2026-03-15T21:00:00.558Z] [DailySync] Encontrados 1865 alunos no Dashboard Central
[2026-03-15T21:00:15.279Z] [DailySync] ✅ Sincronização concluída: 0 criados, 263 atualizados, 0 erros
[2026-03-15T21:34:39.171Z] 5:34:39 PM [tsx] change in ./drizzle/schema.ts Restarting...
[2026-03-15T21:34:41.238Z] c[OAuth] Initialized with baseURL: https://api.manus.im
[2026-03-15T21:34:41.811Z] [DirectLogin] Rota registrada: GET /api/direct-login/:token
[2026-03-15T21:34:41.872Z] Server running on http://localhost:3000/
[2026-03-15T21:34:41.873Z] [Jobs] Inicializando jobs em background...
[2026-03-15T21:34:41.928Z] [DailySync] Job agendado para rodar diariamente às 18:00 (Brasília)
[2026-03-15T21:34:41.929Z] [Jobs] Todos os jobs foram inicializados
[2026-03-15T21:37:32.199Z] 5:37:32 PM [tsx] change in ./server/routers/chat.ts Restarting...
[2026-03-15T21:37:33.733Z] c[OAuth] Initialized with baseURL: https://api.manus.im
[2026-03-15T21:37:33.983Z] [DirectLogin] Rota registrada: GET /api/direct-login/:token
[2026-03-15T21:37:34.029Z] Server running on http://localhost:3000/
[2026-03-15T21:37:34.030Z] [Jobs] Inicializando jobs em background...
[2026-03-15T21:37:34.049Z] [DailySync] Job agendado para rodar diariamente às 18:00 (Brasília)
[2026-03-15T21:37:34.049Z] [Jobs] Todos os jobs foram inicializados
[2026-03-15T21:37:54.407Z] 5:37:54 PM [tsx] change in ./server/routers/chat.ts Restarting...
[2026-03-15T21:37:55.938Z] c[OAuth] Initialized with baseURL: https://api.manus.im
[2026-03-15T21:37:56.175Z] [DirectLogin] Rota registrada: GET /api/direct-login/:token
[2026-03-15T21:37:56.222Z] Server running on http://localhost:3000/
[2026-03-15T21:37:56.222Z] [Jobs] Inicializando jobs em background...
[2026-03-15T21:37:56.241Z] [DailySync] Job agendado para rodar diariamente às 18:00 (Brasília)
[2026-03-15T21:37:56.241Z] [Jobs] Todos os jobs foram inicializados
[2026-03-15T21:39:21.532Z] 5:39:21 PM [tsx] change in ./server/routers.ts Restarting...
[2026-03-15T21:39:23.017Z] c[OAuth] Initialized with baseURL: https://api.manus.im
[2026-03-15T21:39:23.265Z] [DirectLogin] Rota registrada: GET /api/direct-login/:token
[2026-03-15T21:39:23.312Z] Server running on http://localhost:3000/
[2026-03-15T21:39:23.313Z] [Jobs] Inicializando jobs em background...
[2026-03-15T21:39:23.330Z] [DailySync] Job agendado para rodar diariamente às 18:00 (Brasília)
[2026-03-15T21:39:23.331Z] [Jobs] Todos os jobs foram inicializados
[2026-03-15T21:43:12.683Z] [baseline-browser-mapping] The data in this module is over two months old.  To ensure accurate Baseline data, please update: `npm i baseline-browser-mapping@latest -D`
[2026-03-15T21:43:30.544Z] [Auth] Missing session cookie
[2026-03-15T21:43:30.756Z] [Auth] Missing session cookie
[2026-03-15T21:43:34.734Z] [Auth] Missing session cookie
[2026-03-15T21:43:34.940Z] [Auth] Missing session cookie
[2026-03-15T21:44:45.946Z] [Auth] Missing session cookie
[2026-03-15T21:44:46.140Z] [Auth] Missing session cookie
[2026-03-15T21:45:08.704Z] [Auth] Missing session cookie
[2026-03-15T21:45:08.968Z] [Auth] Missing session cookie
[2026-03-16T18:16:59.184Z] [Auth] Missing session cookie
[2026-03-16T18:16:59.474Z] [Auth] Missing session cookie
[2026-03-16T18:17:03.385Z] [Auth] Missing session cookie
[2026-03-16T18:17:03.577Z] [Auth] Missing session cookie
[2026-03-18T12:58:21.168Z] Dev server process group stopped
[2026-03-18T12:58:23.169Z] Dev server process group force killed
[2026-03-18T12:58:24.202Z] Starting dev server with command: pnpm run dev
[2026-03-18T12:58:27.594Z] 
[2026-03-18T12:58:27.595Z] > influx-personal-tutor@1.1.0 dev /home/ubuntu/influx-assistants
[2026-03-18T12:58:27.595Z] > NODE_ENV=development tsx watch server/_core/index.ts
[2026-03-18T12:58:27.595Z] 
[2026-03-18T12:58:34.116Z] [OAuth] Initialized with baseURL: https://api.manus.im
[2026-03-18T12:58:34.792Z] [DirectLogin] Rota registrada: GET /api/direct-login/:token
[2026-03-18T12:58:35.017Z] Server running on http://localhost:3000/
[2026-03-18T12:58:35.019Z] [Jobs] Inicializando jobs em background...
[2026-03-18T12:58:35.042Z] [DailySync] Job agendado para rodar diariamente às 18:00 (Brasília)
[2026-03-18T12:58:35.042Z] [Jobs] Todos os jobs foram inicializados
[2026-03-18T12:58:41.895Z] Starting dev server with command: pnpm run dev
[2026-03-18T12:58:42.538Z] 
[2026-03-18T12:58:42.539Z] > influx-personal-tutor@1.1.0 dev /home/ubuntu/influx-assistants
[2026-03-18T12:58:42.539Z] > NODE_ENV=development tsx watch server/_core/index.ts
[2026-03-18T12:58:42.539Z] 
[2026-03-18T12:58:44.085Z] [OAuth] Initialized with baseURL: https://api.manus.im
[2026-03-18T12:58:44.342Z] [DirectLogin] Rota registrada: GET /api/direct-login/:token
[2026-03-18T12:58:44.386Z] Server running on http://localhost:3000/
[2026-03-18T12:58:44.387Z] [Jobs] Inicializando jobs em background...
[2026-03-18T12:58:44.406Z] [DailySync] Job agendado para rodar diariamente às 18:00 (Brasília)
[2026-03-18T12:58:44.407Z] [Jobs] Todos os jobs foram inicializados
[2026-03-20T19:10:10.086Z] Starting dev server with command: pnpm run dev
[2026-03-20T19:10:10.622Z] 
[2026-03-20T19:10:10.623Z] > influx-personal-tutor@1.1.0 dev /home/ubuntu/influx-assistants
[2026-03-20T19:10:10.623Z] > NODE_ENV=development tsx watch server/_core/index.ts
[2026-03-20T19:10:10.624Z] 
[2026-03-20T19:10:12.328Z] [OAuth] Initialized with baseURL: https://api.manus.im
[2026-03-20T19:10:12.606Z] [DirectLogin] Rota registrada: GET /api/direct-login/:token
[2026-03-20T19:10:12.650Z] Server running on http://localhost:3000/
[2026-03-20T19:10:12.651Z] [Jobs] Inicializando jobs em background...
[2026-03-20T19:10:12.669Z] [DailySync] Job agendado para rodar diariamente às 18:00 (Brasília)
[2026-03-20T19:10:12.670Z] [Jobs] Todos os jobs foram inicializados
[2026-03-20T19:16:55.968Z] 3:16:55 PM [tsx] change in ./server/routers/cultural-events.ts Restarting...
[2026-03-20T19:16:58.687Z] c[OAuth] Initialized with baseURL: https://api.manus.im
[2026-03-20T19:16:59.064Z] [DirectLogin] Rota registrada: GET /api/direct-login/:token
[2026-03-20T19:16:59.120Z] Server running on http://localhost:3000/
[2026-03-20T19:16:59.121Z] [Jobs] Inicializando jobs em background...
[2026-03-20T19:16:59.145Z] [DailySync] Job agendado para rodar diariamente às 18:00 (Brasília)
[2026-03-20T19:16:59.145Z] [Jobs] Todos os jobs foram inicializados
[2026-03-20T19:17:32.403Z] 3:17:32 PM [tsx] change in ./server/routers/cultural-events.ts Restarting...
[2026-03-20T19:17:33.841Z] c[OAuth] Initialized with baseURL: https://api.manus.im
[2026-03-20T19:17:34.100Z] [DirectLogin] Rota registrada: GET /api/direct-login/:token
[2026-03-20T19:17:34.143Z] Server running on http://localhost:3000/
[2026-03-20T19:17:34.144Z] [Jobs] Inicializando jobs em background...
[2026-03-20T19:17:34.168Z] [DailySync] Job agendado para rodar diariamente às 18:00 (Brasília)
[2026-03-20T19:17:34.169Z] [Jobs] Todos os jobs foram inicializados
[2026-03-20T19:17:37.353Z] [baseline-browser-mapping] The data in this module is over two months old.  To ensure accurate Baseline data, please update: `npm i baseline-browser-mapping@latest -D`
[2026-03-20T19:17:44.009Z] [Auth] Missing session cookie
[2026-03-20T19:17:44.299Z] [Auth] Missing session cookie
[2026-03-20T19:17:45.764Z] 3:17:45 PM [vite] (client) hmr update /src/index.css
[2026-03-20T19:17:51.721Z] [Auth] Missing session cookie
[2026-03-20T19:17:51.897Z] [Auth] Missing session cookie
[2026-03-20T19:17:56.717Z] [Auth] Missing session cookie
[2026-03-20T19:17:56.933Z] [Auth] Missing session cookie
[2026-03-20T19:18:31.941Z] 3:18:31 PM [vite] (client) hmr update /src/pages/events/EventHub.tsx, /src/index.css
[2026-03-20T19:18:56.842Z] 3:18:56 PM [vite] (client) hmr update /src/App.tsx, /src/index.css
[2026-03-20T19:22:07.937Z] [Auth] Missing session cookie
[2026-03-20T19:22:08.125Z] [Auth] Missing session cookie
[2026-03-20T19:28:25.008Z] [Auth] Missing session cookie
[2026-03-20T19:28:25.369Z] [Auth] Missing session cookie
[2026-03-20T20:05:22.936Z] [Auth] Missing session cookie
[2026-03-20T20:05:23.230Z] [Auth] Missing session cookie
[2026-03-20T20:10:36.590Z] 4:10:36 PM [vite] (client) hmr update /src/index.css, /src/pages/events/WhoAmIGame.tsx
[2026-03-20T20:20:35.837Z] [Auth] Missing session cookie
[2026-03-20T20:20:36.072Z] [Auth] Missing session cookie
[2026-03-20T20:22:21.746Z] 4:22:21 PM [vite] (client) hmr update /src/index.css, /src/pages/events/WhoAmIGame.tsx, /src/pages/events/TongueTwisterChallenge.tsx, /src/pages/events/FinishTheLyrics.tsx
[2026-03-20T21:00:00.040Z] [DailySync] Executando sincronização agendada...
[2026-03-20T21:00:00.045Z] [DailySync] Iniciando sincronização com Dashboard Central...
[2026-03-20T21:00:00.521Z] [DailySync] Encontrados 3077 alunos no Dashboard Central
[2026-03-20T21:00:16.245Z] [WelcomeEmail] Email preparado para Bianca Angelini de Sousa Basílio  (anaangelini47@gmail.com)
[2026-03-20T21:00:16.246Z] [DailySync] ✓ Criado usuário para Bianca Angelini de Sousa Basílio
[2026-03-20T21:00:16.656Z] [WelcomeEmail] Email preparado para Beatriz Pereira Souza Nilo  (bianilo2010@gmail.com)
[2026-03-20T21:00:16.657Z] [DailySync] ✓ Criado usuário para Beatriz Pereira Souza Nilo
[2026-03-20T21:00:25.891Z] [DailySync] ✅ Sincronização concluída: 2 criados, 422 atualizados, 0 erros
[2026-03-20T21:04:06.331Z] [Auth] Missing session cookie
[2026-03-20T21:04:06.517Z] [Auth] Missing session cookie
[2026-03-20T21:04:13.271Z] [Auth] Missing session cookie
[2026-03-20T21:04:13.461Z] [Auth] Missing session cookie
[2026-03-20T21:05:12.008Z] 5:05:12 PM [vite] (client) hmr update /src/index.css, /src/pages/events/WhoAmIGame.tsx, /src/pages/events/TongueTwisterChallenge.tsx, /src/pages/events/FinishTheLyrics.tsx
[2026-03-20T21:05:19.137Z] [Auth] Missing session cookie
[2026-03-20T21:05:19.353Z] [Auth] Missing session cookie
[2026-03-20T21:06:27.788Z] [Auth] Missing session cookie
[2026-03-20T21:06:28.179Z] [Auth] Missing session cookie
[2026-03-20T21:06:38.660Z] 5:06:38 PM [vite] (client) hmr update /src/index.css, /src/pages/events/WhoAmIGame.tsx
[2026-03-20T21:06:39.088Z] 5:06:39 PM [vite] Internal server error: /home/ubuntu/influx-assistants/client/src/pages/events/WhoAmIGame.tsx: Missing semicolon. (6:182)
[2026-03-20T21:06:39.089Z] 
[2026-03-20T21:06:39.089Z] 4 | import { Button } from "@/components/ui/button";
[2026-03-20T21:06:39.089Z] 5 | import { Input } from "@/components/ui/input";
[2026-03-20T21:06:39.089Z] > 6 | import { ChevronLeft, HelpCircle, Loader2, RefreshCw, Beer, Send, UserSearch } from "lucide-rimport { WHO_AM_I_CHARACTERS, WHO_AM_I_CATEGORIES_EXTENDED, type WhoAmICharacter } from "@/data/stpatricks/drinking-games"; = "select-category" | "playing" | "guessing" | "result";
[2026-03-20T21:06:39.090Z] |                                                                                                                                                                                       ^
[2026-03-20T21:06:39.090Z] 7 |
[2026-03-20T21:06:39.090Z] 8 | const CATEGORIES = WHO_AM_I_CATEGORIES_EXTENDED;
[2026-03-20T21:06:39.090Z] 9 |
[2026-03-20T21:06:39.090Z] Plugin: vite:react-babel
[2026-03-20T21:06:39.091Z] File: /home/ubuntu/influx-assistants/client/src/pages/events/WhoAmIGame.tsx:6:182
[2026-03-20T21:06:39.091Z] 4  |  import { Button } from "@/components/ui/button";
[2026-03-20T21:06:39.091Z] 5  |  import { Input } from "@/components/ui/input";
[2026-03-20T21:06:39.091Z] 6  |  ... WHO_AM_I_CATEGORIES_EXTENDED, type WhoAmICharacter } from "@/data/stpatricks/drinking-games"; = "select-category"...
[2026-03-20T21:06:39.091Z] |                                                                 ^
[2026-03-20T21:06:39.092Z] 7  |
[2026-03-20T21:06:39.092Z] 8  |  const CATEGORIES = WHO_AM_I_CATEGORIES_EXTENDED;
[2026-03-20T21:06:39.092Z] at toParseError (/home/ubuntu/influx-assistants/node_modules/.pnpm/@babel+parser@7.28.4/node_modules/@babel/parser/src/parse-error.ts:95:45)
[2026-03-20T21:06:39.092Z] at raise (/home/ubuntu/influx-assistants/node_modules/.pnpm/@babel+parser@7.28.4/node_modules/@babel/parser/src/tokenizer/index.ts:1503:19)
[2026-03-20T21:06:39.092Z] at semicolon (/home/ubuntu/influx-assistants/node_modules/.pnpm/@babel+parser@7.28.4/node_modules/@babel/parser/src/parser/util.ts:149:10)
[2026-03-20T21:06:39.094Z] at parseImportSourceAndAttributes (/home/ubuntu/influx-assistants/node_modules/.pnpm/@babel+parser@7.28.4/node_modules/@babel/parser/src/parser/statement.ts:3189:10)
[2026-03-20T21:06:39.095Z] at parseImportSpecifiersAndAfter (/home/ubuntu/influx-assistants/node_modules/.pnpm/@babel+parser@7.28.4/node_modules/@babel/parser/src/parser/statement.ts:3176:17)
[2026-03-20T21:06:39.095Z] at parseImport (/home/ubuntu/influx-assistants/node_modules/.pnpm/@babel+parser@7.28.4/node_modules/@babel/parser/src/parser/statement.ts:3142:17)
[2026-03-20T21:06:39.095Z] at parseImport (/home/ubuntu/influx-assistants/node_modules/.pnpm/@babel+parser@7.28.4/node_modules/@babel/parser/src/plugins/typescript/index.ts:3011:28)
[2026-03-20T21:06:39.095Z] at parseStatementContent (/home/ubuntu/influx-assistants/node_modules/.pnpm/@babel+parser@7.28.4/node_modules/@babel/parser/src/parser/statement.ts:642:25)
[2026-03-20T21:06:39.095Z] at parseStatementContent (/home/ubuntu/influx-assistants/node_modules/.pnpm/@babel+parser@7.28.4/node_modules/@babel/parser/src/plugins/typescript/index.ts:3185:20)
[2026-03-20T21:06:39.096Z] at parseStatementLike (/home/ubuntu/influx-assistants/node_modules/.pnpm/@babel+parser@7.28.4/node_modules/@babel/parser/src/parser/statement.ts:477:17)
[2026-03-20T21:06:39.096Z] at parseModuleItem (/home/ubuntu/influx-assistants/node_modules/.pnpm/@babel+parser@7.28.4/node_modules/@babel/parser/src/parser/statement.ts:414:17)
[2026-03-20T21:06:39.096Z] at parseBlockOrModuleBlockBody (/home/ubuntu/influx-assistants/node_modules/.pnpm/@babel+parser@7.28.4/node_modules/@babel/parser/src/parser/statement.ts:1438:16)
[2026-03-20T21:06:39.096Z] at parseBlockBody (/home/ubuntu/influx-assistants/node_modules/.pnpm/@babel+parser@7.28.4/node_modules/@babel/parser/src/parser/statement.ts:1412:10)
[2026-03-20T21:06:39.096Z] at parseProgram (/home/ubuntu/influx-assistants/node_modules/.pnpm/@babel+parser@7.28.4/node_modules/@babel/parser/src/parser/statement.ts:229:10)
[2026-03-20T21:06:39.097Z] at parseTopLevel (/home/ubuntu/influx-assistants/node_modules/.pnpm/@babel+parser@7.28.4/node_modules/@babel/parser/src/parser/statement.ts:203:25)
[2026-03-20T21:06:39.097Z] at parse (/home/ubuntu/influx-assistants/node_modules/.pnpm/@babel+parser@7.28.4/node_modules/@babel/parser/src/parser/index.ts:93:10)
[2026-03-20T21:06:39.097Z] at parse (/home/ubuntu/influx-assistants/node_modules/.pnpm/@babel+parser@7.28.4/node_modules/@babel/parser/src/plugins/typescript/index.ts:4309:20)
[2026-03-20T21:06:39.097Z] at parse (/home/ubuntu/influx-assistants/node_modules/.pnpm/@babel+parser@7.28.4/node_modules/@babel/parser/src/index.ts:92:38)
[2026-03-20T21:06:39.098Z] at parser (/home/ubuntu/influx-assistants/node_modules/.pnpm/@babel+core@7.28.4/node_modules/@babel/core/src/parser/index.ts:28:19)
[2026-03-20T21:06:39.098Z] at parser.next (<anonymous>)
[2026-03-20T21:06:39.102Z] at normalizeFile (/home/ubuntu/influx-assistants/node_modules/.pnpm/@babel+core@7.28.4/node_modules/@babel/core/src/transformation/normalize-file.ts:49:24)
[2026-03-20T21:06:39.103Z] at normalizeFile.next (<anonymous>)
[2026-03-20T21:06:39.103Z] at run (/home/ubuntu/influx-assistants/node_modules/.pnpm/@babel+core@7.28.4/node_modules/@babel/core/src/transformation/index.ts:40:36)
[2026-03-20T21:06:39.103Z] at run.next (<anonymous>)
[2026-03-20T21:06:39.104Z] at transform (/home/ubuntu/influx-assistants/node_modules/.pnpm/@babel+core@7.28.4/node_modules/@babel/core/src/transform.ts:29:20)
[2026-03-20T21:06:39.108Z] at transform.next (<anonymous>)
[2026-03-20T21:06:39.108Z] at step (/home/ubuntu/influx-assistants/node_modules/.pnpm/gensync@1.0.0-beta.2/node_modules/gensync/index.js:261:32)
[2026-03-20T21:06:39.110Z] at /home/ubuntu/influx-assistants/node_modules/.pnpm/gensync@1.0.0-beta.2/node_modules/gensync/index.js:273:13
[2026-03-20T21:06:39.110Z] at async.call.result.err.err (/home/ubuntu/influx-assistants/node_modules/.pnpm/gensync@1.0.0-beta.2/node_modules/gensync/index.js:223:11)
[2026-03-20T21:06:39.115Z] at /home/ubuntu/influx-assistants/node_modules/.pnpm/gensync@1.0.0-beta.2/node_modules/gensync/index.js:189:28
[2026-03-20T21:06:39.118Z] at <anonymous> (/home/ubuntu/influx-assistants/node_modules/.pnpm/@babel+core@7.28.4/node_modules/@babel/core/src/gensync-utils/async.ts:90:7)
[2026-03-20T21:06:39.119Z] at /home/ubuntu/influx-assistants/node_modules/.pnpm/gensync@1.0.0-beta.2/node_modules/gensync/index.js:113:33
[2026-03-20T21:06:39.119Z] at step (/home/ubuntu/influx-assistants/node_modules/.pnpm/gensync@1.0.0-beta.2/node_modules/gensync/index.js:287:14)
[2026-03-20T21:06:39.120Z] at /home/ubuntu/influx-assistants/node_modules/.pnpm/gensync@1.0.0-beta.2/node_modules/gensync/index.js:273:13
[2026-03-20T21:06:39.120Z] at async.call.result.err.err (/home/ubuntu/influx-assistants/node_modules/.pnpm/gensync@1.0.0-beta.2/node_modules/gensync/index.js:223:11)
[2026-03-20T21:06:39.191Z] 5:06:39 PM [vite] (client) Pre-transform error: /home/ubuntu/influx-assistants/client/src/pages/events/WhoAmIGame.tsx: Missing semicolon. (6:182)
[2026-03-20T21:06:39.191Z] 
[2026-03-20T21:06:39.192Z] 4 | import { Button } from "@/components/ui/button";
[2026-03-20T21:06:39.192Z] 5 | import { Input } from "@/components/ui/input";
[2026-03-20T21:06:39.192Z] > 6 | import { ChevronLeft, HelpCircle, Loader2, RefreshCw, Beer, Send, UserSearch } from "lucide-rimport { WHO_AM_I_CHARACTERS, WHO_AM_I_CATEGORIES_EXTENDED, type WhoAmICharacter } from "@/data/stpatricks/drinking-games"; = "select-category" | "playing" | "guessing" | "result";
[2026-03-20T21:06:39.192Z] |                                                                                                                                                                                       ^
[2026-03-20T21:06:39.192Z] 7 |
[2026-03-20T21:06:39.193Z] 8 | const CATEGORIES = WHO_AM_I_CATEGORIES_EXTENDED;
[2026-03-20T21:06:39.193Z] 9 |
[2026-03-20T21:06:39.193Z] Plugin: vite:react-babel
[2026-03-20T21:06:39.193Z] File: /home/ubuntu/influx-assistants/client/src/pages/events/WhoAmIGame.tsx:6:182
[2026-03-20T21:06:39.193Z] 4  |  import { Button } from "@/components/ui/button";
[2026-03-20T21:06:39.194Z] 5  |  import { Input } from "@/components/ui/input";
[2026-03-20T21:06:39.194Z] 6  |  ... WHO_AM_I_CATEGORIES_EXTENDED, type WhoAmICharacter } from "@/data/stpatricks/drinking-games"; = "select-category"...
[2026-03-20T21:06:39.194Z] |                                                                 ^
[2026-03-20T21:06:39.194Z] 7  |
[2026-03-20T21:06:39.194Z] 8  |  const CATEGORIES = WHO_AM_I_CATEGORIES_EXTENDED;
[2026-03-20T21:06:40.787Z] 5:06:40 PM [vite] Internal server error: /home/ubuntu/influx-assistants/client/src/pages/events/WhoAmIGame.tsx: Missing semicolon. (6:182)
[2026-03-20T21:06:40.788Z] 
[2026-03-20T21:06:40.788Z] 4 | import { Button } from "@/components/ui/button";
[2026-03-20T21:06:40.789Z] 5 | import { Input } from "@/components/ui/input";
[2026-03-20T21:06:40.789Z] > 6 | import { ChevronLeft, HelpCircle, Loader2, RefreshCw, Beer, Send, UserSearch } from "lucide-rimport { WHO_AM_I_CHARACTERS, WHO_AM_I_CATEGORIES_EXTENDED, type WhoAmICharacter } from "@/data/stpatricks/drinking-games"; = "select-category" | "playing" | "guessing" | "result";
[2026-03-20T21:06:40.789Z] |                                                                                                                                                                                       ^
[2026-03-20T21:06:40.790Z] 7 |
[2026-03-20T21:06:40.790Z] 8 | const CATEGORIES = WHO_AM_I_CATEGORIES_EXTENDED;
[2026-03-20T21:06:40.791Z] 9 |
[2026-03-20T21:06:40.791Z] Plugin: vite:react-babel
[2026-03-20T21:06:40.791Z] File: /home/ubuntu/influx-assistants/client/src/pages/events/WhoAmIGame.tsx:6:182
[2026-03-20T21:06:40.791Z] 4  |  import { Button } from "@/components/ui/button";
[2026-03-20T21:06:40.791Z] 5  |  import { Input } from "@/components/ui/input";
[2026-03-20T21:06:40.791Z] 6  |  ... WHO_AM_I_CATEGORIES_EXTENDED, type WhoAmICharacter } from "@/data/stpatricks/drinking-games"; = "select-category"...
[2026-03-20T21:06:40.792Z] |                                                                 ^
[2026-03-20T21:06:40.792Z] 7  |
[2026-03-20T21:06:40.792Z] 8  |  const CATEGORIES = WHO_AM_I_CATEGORIES_EXTENDED;
[2026-03-20T21:06:40.792Z] at toParseError (/home/ubuntu/influx-assistants/node_modules/.pnpm/@babel+parser@7.28.4/node_modules/@babel/parser/src/parse-error.ts:95:45)
[2026-03-20T21:06:40.792Z] at raise (/home/ubuntu/influx-assistants/node_modules/.pnpm/@babel+parser@7.28.4/node_modules/@babel/parser/src/tokenizer/index.ts:1503:19)
[2026-03-20T21:06:40.793Z] at semicolon (/home/ubuntu/influx-assistants/node_modules/.pnpm/@babel+parser@7.28.4/node_modules/@babel/parser/src/parser/util.ts:149:10)
[2026-03-20T21:06:40.793Z] at parseImportSourceAndAttributes (/home/ubuntu/influx-assistants/node_modules/.pnpm/@babel+parser@7.28.4/node_modules/@babel/parser/src/parser/statement.ts:3189:10)
[2026-03-20T21:06:40.793Z] at parseImportSpecifiersAndAfter (/home/ubuntu/influx-assistants/node_modules/.pnpm/@babel+parser@7.28.4/node_modules/@babel/parser/src/parser/statement.ts:3176:17)
[2026-03-20T21:06:40.793Z] at parseImport (/home/ubuntu/influx-assistants/node_modules/.pnpm/@babel+parser@7.28.4/node_modules/@babel/parser/src/parser/statement.ts:3142:17)
[2026-03-20T21:06:40.793Z] at parseImport (/home/ubuntu/influx-assistants/node_modules/.pnpm/@babel+parser@7.28.4/node_modules/@babel/parser/src/plugins/typescript/index.ts:3011:28)
[2026-03-20T21:06:40.793Z] at parseStatementContent (/home/ubuntu/influx-assistants/node_modules/.pnpm/@babel+parser@7.28.4/node_modules/@babel/parser/src/parser/statement.ts:642:25)
[2026-03-20T21:06:40.794Z] at parseStatementContent (/home/ubuntu/influx-assistants/node_modules/.pnpm/@babel+parser@7.28.4/node_modules/@babel/parser/src/plugins/typescript/index.ts:3185:20)
[2026-03-20T21:06:40.794Z] at parseStatementLike (/home/ubuntu/influx-assistants/node_modules/.pnpm/@babel+parser@7.28.4/node_modules/@babel/parser/src/parser/statement.ts:477:17)
[2026-03-20T21:06:40.794Z] at parseModuleItem (/home/ubuntu/influx-assistants/node_modules/.pnpm/@babel+parser@7.28.4/node_modules/@babel/parser/src/parser/statement.ts:414:17)
[2026-03-20T21:06:40.795Z] at parseBlockOrModuleBlockBody (/home/ubuntu/influx-assistants/node_modules/.pnpm/@babel+parser@7.28.4/node_modules/@babel/parser/src/parser/statement.ts:1438:16)
[2026-03-20T21:06:40.795Z] at parseBlockBody (/home/ubuntu/influx-assistants/node_modules/.pnpm/@babel+parser@7.28.4/node_modules/@babel/parser/src/parser/statement.ts:1412:10)
[2026-03-20T21:06:40.795Z] at parseProgram (/home/ubuntu/influx-assistants/node_modules/.pnpm/@babel+parser@7.28.4/node_modules/@babel/parser/src/parser/statement.ts:229:10)
[2026-03-20T21:06:40.795Z] at parseTopLevel (/home/ubuntu/influx-assistants/node_modules/.pnpm/@babel+parser@7.28.4/node_modules/@babel/parser/src/parser/statement.ts:203:25)
[2026-03-20T21:06:40.796Z] at parse (/home/ubuntu/influx-assistants/node_modules/.pnpm/@babel+parser@7.28.4/node_modules/@babel/parser/src/parser/index.ts:93:10)
[2026-03-20T21:06:40.796Z] at parse (/home/ubuntu/influx-assistants/node_modules/.pnpm/@babel+parser@7.28.4/node_modules/@babel/parser/src/plugins/typescript/index.ts:4309:20)
[2026-03-20T21:06:40.796Z] at parse (/home/ubuntu/influx-assistants/node_modules/.pnpm/@babel+parser@7.28.4/node_modules/@babel/parser/src/index.ts:92:38)
[2026-03-20T21:06:40.796Z] at parser (/home/ubuntu/influx-assistants/node_modules/.pnpm/@babel+core@7.28.4/node_modules/@babel/core/src/parser/index.ts:28:19)
[2026-03-20T21:06:40.797Z] at parser.next (<anonymous>)
[2026-03-20T21:06:40.797Z] at normalizeFile (/home/ubuntu/influx-assistants/node_modules/.pnpm/@babel+core@7.28.4/node_modules/@babel/core/src/transformation/normalize-file.ts:49:24)
[2026-03-20T21:06:40.797Z] at normalizeFile.next (<anonymous>)
[2026-03-20T21:06:40.797Z] at run (/home/ubuntu/influx-assistants/node_modules/.pnpm/@babel+core@7.28.4/node_modules/@babel/core/src/transformation/index.ts:40:36)
[2026-03-20T21:06:40.797Z] at run.next (<anonymous>)
[2026-03-20T21:06:40.798Z] at transform (/home/ubuntu/influx-assistants/node_modules/.pnpm/@babel+core@7.28.4/node_modules/@babel/core/src/transform.ts:29:20)
[2026-03-20T21:06:40.798Z] at transform.next (<anonymous>)
[2026-03-20T21:06:40.798Z] at step (/home/ubuntu/influx-assistants/node_modules/.pnpm/gensync@1.0.0-beta.2/node_modules/gensync/index.js:261:32)
[2026-03-20T21:06:40.798Z] at /home/ubuntu/influx-assistants/node_modules/.pnpm/gensync@1.0.0-beta.2/node_modules/gensync/index.js:273:13
[2026-03-20T21:06:40.799Z] at async.call.result.err.err (/home/ubuntu/influx-assistants/node_modules/.pnpm/gensync@1.0.0-beta.2/node_modules/gensync/index.js:223:11)
[2026-03-20T21:06:40.799Z] at /home/ubuntu/influx-assistants/node_modules/.pnpm/gensync@1.0.0-beta.2/node_modules/gensync/index.js:189:28
[2026-03-20T21:06:40.799Z] at <anonymous> (/home/ubuntu/influx-assistants/node_modules/.pnpm/@babel+core@7.28.4/node_modules/@babel/core/src/gensync-utils/async.ts:90:7)
[2026-03-20T21:06:40.799Z] at /home/ubuntu/influx-assistants/node_modules/.pnpm/gensync@1.0.0-beta.2/node_modules/gensync/index.js:113:33
[2026-03-20T21:06:40.799Z] at step (/home/ubuntu/influx-assistants/node_modules/.pnpm/gensync@1.0.0-beta.2/node_modules/gensync/index.js:287:14)
[2026-03-20T21:06:40.799Z] at /home/ubuntu/influx-assistants/node_modules/.pnpm/gensync@1.0.0-beta.2/node_modules/gensync/index.js:273:13
[2026-03-20T21:06:40.800Z] at async.call.result.err.err (/home/ubuntu/influx-assistants/node_modules/.pnpm/gensync@1.0.0-beta.2/node_modules/gensync/index.js:223:11)
[2026-03-20T21:06:49.774Z] 5:06:49 PM [vite] (client) hmr update /src/index.css, /src/pages/events/WhoAmIGame.tsx
[2026-03-20T21:06:51.915Z] [Auth] Missing session cookie
[2026-03-20T21:06:52.166Z] [Auth] Missing session cookie
[2026-03-20T21:06:57.965Z] [Auth] Missing session cookie
[2026-03-20T21:06:58.143Z] [Auth] Missing session cookie
[2026-03-20T21:07:23.799Z] 5:07:23 PM [vite] (client) hmr update /src/index.css, /src/pages/events/WhoAmIGame.tsx
[2026-03-20T21:07:23.971Z] 5:07:23 PM [vite] Internal server error: /home/ubuntu/influx-assistants/client/src/pages/events/WhoAmIGame.tsx: Identifier 'useState' has already been declared. (2:9)
[2026-03-20T21:07:23.971Z] 
[2026-03-20T21:07:23.972Z] 1 | import { useState, useRef, useEffect } from "react";
[2026-03-20T21:07:23.972Z] > 2 | import { useState, useRef, useEffect } from "react";
[2026-03-20T21:07:23.972Z] |          ^
[2026-03-20T21:07:23.972Z] 3 | import { useLocation } from "wouter";
[2026-03-20T21:07:23.972Z] 4 | import { trpc } from "@/lib/trpc";
[2026-03-20T21:07:23.973Z] 5 | import { Button } from "@/components/ui/button";
[2026-03-20T21:07:23.973Z] Plugin: vite:react-babel
[2026-03-20T21:07:23.973Z] File: /home/ubuntu/influx-assistants/client/src/pages/events/WhoAmIGame.tsx:2:9
[2026-03-20T21:07:23.973Z] 1  |  import { useState, useRef, useEffect } from "react";
[2026-03-20T21:07:23.973Z] 2  |  import { useState, useRef, useEffect } from "react";
[2026-03-20T21:07:23.974Z] |           ^
[2026-03-20T21:07:23.974Z] 3  |  import { useLocation } from "wouter";
[2026-03-20T21:07:23.974Z] 4  |  import { trpc } from "@/lib/trpc";
[2026-03-20T21:07:23.974Z] at toParseError (/home/ubuntu/influx-assistants/node_modules/.pnpm/@babel+parser@7.28.4/node_modules/@babel/parser/src/parse-error.ts:95:45)
[2026-03-20T21:07:23.974Z] at raise (/home/ubuntu/influx-assistants/node_modules/.pnpm/@babel+parser@7.28.4/node_modules/@babel/parser/src/tokenizer/index.ts:1503:19)
[2026-03-20T21:07:23.975Z] at declareName (/home/ubuntu/influx-assistants/node_modules/.pnpm/@babel+parser@7.28.4/node_modules/@babel/parser/src/plugins/typescript/scope.ts:72:21)
[2026-03-20T21:07:23.975Z] at declareNameFromIdentifier (/home/ubuntu/influx-assistants/node_modules/.pnpm/@babel+parser@7.28.4/node_modules/@babel/parser/src/parser/lval.ts:818:16)
[2026-03-20T21:07:23.976Z] at checkIdentifier (/home/ubuntu/influx-assistants/node_modules/.pnpm/@babel+parser@7.28.4/node_modules/@babel/parser/src/parser/lval.ts:813:12)
[2026-03-20T21:07:23.976Z] at checkLVal (/home/ubuntu/influx-assistants/node_modules/.pnpm/@babel+parser@7.28.4/node_modules/@babel/parser/src/parser/lval.ts:713:12)
[2026-03-20T21:07:23.976Z] at finishImportSpecifier (/home/ubuntu/influx-assistants/node_modules/.pnpm/@babel+parser@7.28.4/node_modules/@babel/parser/src/parser/statement.ts:3223:10)
[2026-03-20T21:07:23.977Z] at parseImportSpecifier (/home/ubuntu/influx-assistants/node_modules/.pnpm/@babel+parser@7.28.4/node_modules/@babel/parser/src/parser/statement.ts:3480:17)
[2026-03-20T21:07:23.977Z] at parseImportSpecifier (/home/ubuntu/influx-assistants/node_modules/.pnpm/@babel+parser@7.28.4/node_modules/@babel/parser/src/plugins/typescript/index.ts:4359:20)
[2026-03-20T21:07:23.977Z] at parseNamedImportSpecifiers (/home/ubuntu/influx-assistants/node_modules/.pnpm/@babel+parser@7.28.4/node_modules/@babel/parser/src/parser/statement.ts:3441:36)
[2026-03-20T21:07:23.978Z] at parseImportSpecifiersAndAfter (/home/ubuntu/influx-assistants/node_modules/.pnpm/@babel+parser@7.28.4/node_modules/@babel/parser/src/parser/statement.ts:3173:37)
[2026-03-20T21:07:23.978Z] at parseImport (/home/ubuntu/influx-assistants/node_modules/.pnpm/@babel+parser@7.28.4/node_modules/@babel/parser/src/parser/statement.ts:3142:17)
[2026-03-20T21:07:23.978Z] at parseImport (/home/ubuntu/influx-assistants/node_modules/.pnpm/@babel+parser@7.28.4/node_modules/@babel/parser/src/plugins/typescript/index.ts:3011:28)
[2026-03-20T21:07:23.979Z] at parseStatementContent (/home/ubuntu/influx-assistants/node_modules/.pnpm/@babel+parser@7.28.4/node_modules/@babel/parser/src/parser/statement.ts:642:25)
[2026-03-20T21:07:23.979Z] at parseStatementContent (/home/ubuntu/influx-assistants/node_modules/.pnpm/@babel+parser@7.28.4/node_modules/@babel/parser/src/plugins/typescript/index.ts:3185:20)
[2026-03-20T21:07:23.979Z] at parseStatementLike (/home/ubuntu/influx-assistants/node_modules/.pnpm/@babel+parser@7.28.4/node_modules/@babel/parser/src/parser/statement.ts:477:17)
[2026-03-20T21:07:23.980Z] at parseModuleItem (/home/ubuntu/influx-assistants/node_modules/.pnpm/@babel+parser@7.28.4/node_modules/@babel/parser/src/parser/statement.ts:414:17)
[2026-03-20T21:07:23.980Z] at parseBlockOrModuleBlockBody (/home/ubuntu/influx-assistants/node_modules/.pnpm/@babel+parser@7.28.4/node_modules/@babel/parser/src/parser/statement.ts:1438:16)
[2026-03-20T21:07:23.980Z] at parseBlockBody (/home/ubuntu/influx-assistants/node_modules/.pnpm/@babel+parser@7.28.4/node_modules/@babel/parser/src/parser/statement.ts:1412:10)
[2026-03-20T21:07:23.980Z] at parseProgram (/home/ubuntu/influx-assistants/node_modules/.pnpm/@babel+parser@7.28.4/node_modules/@babel/parser/src/parser/statement.ts:229:10)
[2026-03-20T21:07:23.981Z] at parseTopLevel (/home/ubuntu/influx-assistants/node_modules/.pnpm/@babel+parser@7.28.4/node_modules/@babel/parser/src/parser/statement.ts:203:25)
[2026-03-20T21:07:23.981Z] at parse (/home/ubuntu/influx-assistants/node_modules/.pnpm/@babel+parser@7.28.4/node_modules/@babel/parser/src/parser/index.ts:93:10)
[2026-03-20T21:07:23.981Z] at parse (/home/ubuntu/influx-assistants/node_modules/.pnpm/@babel+parser@7.28.4/node_modules/@babel/parser/src/plugins/typescript/index.ts:4309:20)
[2026-03-20T21:07:23.982Z] at parse (/home/ubuntu/influx-assistants/node_modules/.pnpm/@babel+parser@7.28.4/node_modules/@babel/parser/src/index.ts:92:38)
[2026-03-20T21:07:23.982Z] at parser (/home/ubuntu/influx-assistants/node_modules/.pnpm/@babel+core@7.28.4/node_modules/@babel/core/src/parser/index.ts:28:19)
[2026-03-20T21:07:23.982Z] at parser.next (<anonymous>)
[2026-03-20T21:07:23.982Z] at normalizeFile (/home/ubuntu/influx-assistants/node_modules/.pnpm/@babel+core@7.28.4/node_modules/@babel/core/src/transformation/normalize-file.ts:49:24)
[2026-03-20T21:07:23.983Z] at normalizeFile.next (<anonymous>)
[2026-03-20T21:07:23.983Z] at run (/home/ubuntu/influx-assistants/node_modules/.pnpm/@babel+core@7.28.4/node_modules/@babel/core/src/transformation/index.ts:40:36)
[2026-03-20T21:07:23.983Z] at run.next (<anonymous>)
[2026-03-20T21:07:23.983Z] at transform (/home/ubuntu/influx-assistants/node_modules/.pnpm/@babel+core@7.28.4/node_modules/@babel/core/src/transform.ts:29:20)
[2026-03-20T21:07:23.984Z] at transform.next (<anonymous>)
[2026-03-20T21:07:23.984Z] at step (/home/ubuntu/influx-assistants/node_modules/.pnpm/gensync@1.0.0-beta.2/node_modules/gensync/index.js:261:32)
[2026-03-20T21:07:23.984Z] at /home/ubuntu/influx-assistants/node_modules/.pnpm/gensync@1.0.0-beta.2/node_modules/gensync/index.js:273:13
[2026-03-20T21:07:23.985Z] at async.call.result.err.err (/home/ubuntu/influx-assistants/node_modules/.pnpm/gensync@1.0.0-beta.2/node_modules/gensync/index.js:223:11)
[2026-03-20T21:07:23.985Z] at /home/ubuntu/influx-assistants/node_modules/.pnpm/gensync@1.0.0-beta.2/node_modules/gensync/index.js:189:28
[2026-03-20T21:07:23.985Z] at <anonymous> (/home/ubuntu/influx-assistants/node_modules/.pnpm/@babel+core@7.28.4/node_modules/@babel/core/src/gensync-utils/async.ts:90:7)
[2026-03-20T21:07:23.985Z] at /home/ubuntu/influx-assistants/node_modules/.pnpm/gensync@1.0.0-beta.2/node_modules/gensync/index.js:113:33
[2026-03-20T21:07:23.986Z] at step (/home/ubuntu/influx-assistants/node_modules/.pnpm/gensync@1.0.0-beta.2/node_modules/gensync/index.js:287:14)
[2026-03-20T21:07:23.986Z] at /home/ubuntu/influx-assistants/node_modules/.pnpm/gensync@1.0.0-beta.2/node_modules/gensync/index.js:273:13
[2026-03-20T21:07:23.986Z] at async.call.result.err.err (/home/ubuntu/influx-assistants/node_modules/.pnpm/gensync@1.0.0-beta.2/node_modules/gensync/index.js:223:11)
[2026-03-20T21:07:24.011Z] 5:07:24 PM [vite] (client) Pre-transform error: /home/ubuntu/influx-assistants/client/src/pages/events/WhoAmIGame.tsx: Identifier 'useState' has already been declared. (2:9)
[2026-03-20T21:07:24.012Z] 
[2026-03-20T21:07:24.012Z] 1 | import { useState, useRef, useEffect } from "react";
[2026-03-20T21:07:24.012Z] > 2 | import { useState, useRef, useEffect } from "react";
[2026-03-20T21:07:24.012Z] |          ^
[2026-03-20T21:07:24.012Z] 3 | import { useLocation } from "wouter";
[2026-03-20T21:07:24.012Z] 4 | import { trpc } from "@/lib/trpc";
[2026-03-20T21:07:24.013Z] 5 | import { Button } from "@/components/ui/button";
[2026-03-20T21:07:24.013Z] Plugin: vite:react-babel
[2026-03-20T21:07:24.013Z] File: /home/ubuntu/influx-assistants/client/src/pages/events/WhoAmIGame.tsx:2:9
[2026-03-20T21:07:24.013Z] 1  |  import { useState, useRef, useEffect } from "react";
[2026-03-20T21:07:24.013Z] 2  |  import { useState, useRef, useEffect } from "react";
[2026-03-20T21:07:24.013Z] |           ^
[2026-03-20T21:07:24.013Z] 3  |  import { useLocation } from "wouter";
[2026-03-20T21:07:24.014Z] 4  |  import { trpc } from "@/lib/trpc";
[2026-03-20T21:07:29.122Z] 5:07:29 PM [vite] Internal server error: /home/ubuntu/influx-assistants/client/src/pages/events/WhoAmIGame.tsx: Identifier 'useState' has already been declared. (2:9)
[2026-03-20T21:07:29.123Z] 
[2026-03-20T21:07:29.123Z] 1 | import { useState, useRef, useEffect } from "react";
[2026-03-20T21:07:29.123Z] > 2 | import { useState, useRef, useEffect } from "react";
[2026-03-20T21:07:29.123Z] |          ^
[2026-03-20T21:07:29.124Z] 3 | import { useLocation } from "wouter";
[2026-03-20T21:07:29.124Z] 4 | import { trpc } from "@/lib/trpc";
[2026-03-20T21:07:29.124Z] 5 | import { Button } from "@/components/ui/button";
[2026-03-20T21:07:29.124Z] Plugin: vite:react-babel
[2026-03-20T21:07:29.124Z] File: /home/ubuntu/influx-assistants/client/src/pages/events/WhoAmIGame.tsx:2:9
[2026-03-20T21:07:29.124Z] 1  |  import { useState, useRef, useEffect } from "react";
[2026-03-20T21:07:29.125Z] 2  |  import { useState, useRef, useEffect } from "react";
[2026-03-20T21:07:29.125Z] |           ^
[2026-03-20T21:07:29.125Z] 3  |  import { useLocation } from "wouter";
[2026-03-20T21:07:29.125Z] 4  |  import { trpc } from "@/lib/trpc";
[2026-03-20T21:07:29.125Z] at toParseError (/home/ubuntu/influx-assistants/node_modules/.pnpm/@babel+parser@7.28.4/node_modules/@babel/parser/src/parse-error.ts:95:45)
[2026-03-20T21:07:29.125Z] at raise (/home/ubuntu/influx-assistants/node_modules/.pnpm/@babel+parser@7.28.4/node_modules/@babel/parser/src/tokenizer/index.ts:1503:19)
[2026-03-20T21:07:29.126Z] at declareName (/home/ubuntu/influx-assistants/node_modules/.pnpm/@babel+parser@7.28.4/node_modules/@babel/parser/src/plugins/typescript/scope.ts:72:21)
[2026-03-20T21:07:29.126Z] at declareNameFromIdentifier (/home/ubuntu/influx-assistants/node_modules/.pnpm/@babel+parser@7.28.4/node_modules/@babel/parser/src/parser/lval.ts:818:16)
[2026-03-20T21:07:29.126Z] at checkIdentifier (/home/ubuntu/influx-assistants/node_modules/.pnpm/@babel+parser@7.28.4/node_modules/@babel/parser/src/parser/lval.ts:813:12)
[2026-03-20T21:07:29.126Z] at checkLVal (/home/ubuntu/influx-assistants/node_modules/.pnpm/@babel+parser@7.28.4/node_modules/@babel/parser/src/parser/lval.ts:713:12)
[2026-03-20T21:07:29.126Z] at finishImportSpecifier (/home/ubuntu/influx-assistants/node_modules/.pnpm/@babel+parser@7.28.4/node_modules/@babel/parser/src/parser/statement.ts:3223:10)
[2026-03-20T21:07:29.127Z] at parseImportSpecifier (/home/ubuntu/influx-assistants/node_modules/.pnpm/@babel+parser@7.28.4/node_modules/@babel/parser/src/parser/statement.ts:3480:17)
[2026-03-20T21:07:29.127Z] at parseImportSpecifier (/home/ubuntu/influx-assistants/node_modules/.pnpm/@babel+parser@7.28.4/node_modules/@babel/parser/src/plugins/typescript/index.ts:4359:20)
[2026-03-20T21:07:29.127Z] at parseNamedImportSpecifiers (/home/ubuntu/influx-assistants/node_modules/.pnpm/@babel+parser@7.28.4/node_modules/@babel/parser/src/parser/statement.ts:3441:36)
[2026-03-20T21:07:29.127Z] at parseImportSpecifiersAndAfter (/home/ubuntu/influx-assistants/node_modules/.pnpm/@babel+parser@7.28.4/node_modules/@babel/parser/src/parser/statement.ts:3173:37)
[2026-03-20T21:07:29.127Z] at parseImport (/home/ubuntu/influx-assistants/node_modules/.pnpm/@babel+parser@7.28.4/node_modules/@babel/parser/src/parser/statement.ts:3142:17)
[2026-03-20T21:07:29.128Z] at parseImport (/home/ubuntu/influx-assistants/node_modules/.pnpm/@babel+parser@7.28.4/node_modules/@babel/parser/src/plugins/typescript/index.ts:3011:28)
[2026-03-20T21:07:29.128Z] at parseStatementContent (/home/ubuntu/influx-assistants/node_modules/.pnpm/@babel+parser@7.28.4/node_modules/@babel/parser/src/parser/statement.ts:642:25)
[2026-03-20T21:07:29.128Z] at parseStatementContent (/home/ubuntu/influx-assistants/node_modules/.pnpm/@babel+parser@7.28.4/node_modules/@babel/parser/src/plugins/typescript/index.ts:3185:20)
[2026-03-20T21:07:29.128Z] at parseStatementLike (/home/ubuntu/influx-assistants/node_modules/.pnpm/@babel+parser@7.28.4/node_modules/@babel/parser/src/parser/statement.ts:477:17)
[2026-03-20T21:07:29.128Z] at parseModuleItem (/home/ubuntu/influx-assistants/node_modules/.pnpm/@babel+parser@7.28.4/node_modules/@babel/parser/src/parser/statement.ts:414:17)
[2026-03-20T21:07:29.128Z] at parseBlockOrModuleBlockBody (/home/ubuntu/influx-assistants/node_modules/.pnpm/@babel+parser@7.28.4/node_modules/@babel/parser/src/parser/statement.ts:1438:16)
[2026-03-20T21:07:29.129Z] at parseBlockBody (/home/ubuntu/influx-assistants/node_modules/.pnpm/@babel+parser@7.28.4/node_modules/@babel/parser/src/parser/statement.ts:1412:10)
[2026-03-20T21:07:29.129Z] at parseProgram (/home/ubuntu/influx-assistants/node_modules/.pnpm/@babel+parser@7.28.4/node_modules/@babel/parser/src/parser/statement.ts:229:10)
[2026-03-20T21:07:29.129Z] at parseTopLevel (/home/ubuntu/influx-assistants/node_modules/.pnpm/@babel+parser@7.28.4/node_modules/@babel/parser/src/parser/statement.ts:203:25)
[2026-03-20T21:07:29.129Z] at parse (/home/ubuntu/influx-assistants/node_modules/.pnpm/@babel+parser@7.28.4/node_modules/@babel/parser/src/parser/index.ts:93:10)
[2026-03-20T21:07:29.129Z] at parse (/home/ubuntu/influx-assistants/node_modules/.pnpm/@babel+parser@7.28.4/node_modules/@babel/parser/src/plugins/typescript/index.ts:4309:20)
[2026-03-20T21:07:29.129Z] at parse (/home/ubuntu/influx-assistants/node_modules/.pnpm/@babel+parser@7.28.4/node_modules/@babel/parser/src/index.ts:92:38)
[2026-03-20T21:07:29.130Z] at parser (/home/ubuntu/influx-assistants/node_modules/.pnpm/@babel+core@7.28.4/node_modules/@babel/core/src/parser/index.ts:28:19)
[2026-03-20T21:07:29.130Z] at parser.next (<anonymous>)
[2026-03-20T21:07:29.130Z] at normalizeFile (/home/ubuntu/influx-assistants/node_modules/.pnpm/@babel+core@7.28.4/node_modules/@babel/core/src/transformation/normalize-file.ts:49:24)
[2026-03-20T21:07:29.130Z] at normalizeFile.next (<anonymous>)
[2026-03-20T21:07:29.130Z] at run (/home/ubuntu/influx-assistants/node_modules/.pnpm/@babel+core@7.28.4/node_modules/@babel/core/src/transformation/index.ts:40:36)
[2026-03-20T21:07:29.131Z] at run.next (<anonymous>)
[2026-03-20T21:07:29.131Z] at transform (/home/ubuntu/influx-assistants/node_modules/.pnpm/@babel+core@7.28.4/node_modules/@babel/core/src/transform.ts:29:20)
[2026-03-20T21:07:29.131Z] at transform.next (<anonymous>)
[2026-03-20T21:07:29.131Z] at step (/home/ubuntu/influx-assistants/node_modules/.pnpm/gensync@1.0.0-beta.2/node_modules/gensync/index.js:261:32)
[2026-03-20T21:07:29.131Z] at /home/ubuntu/influx-assistants/node_modules/.pnpm/gensync@1.0.0-beta.2/node_modules/gensync/index.js:273:13
[2026-03-20T21:07:29.132Z] at async.call.result.err.err (/home/ubuntu/influx-assistants/node_modules/.pnpm/gensync@1.0.0-beta.2/node_modules/gensync/index.js:223:11)
[2026-03-20T21:07:29.133Z] at /home/ubuntu/influx-assistants/node_modules/.pnpm/gensync@1.0.0-beta.2/node_modules/gensync/index.js:189:28
[2026-03-20T21:07:29.133Z] at <anonymous> (/home/ubuntu/influx-assistants/node_modules/.pnpm/@babel+core@7.28.4/node_modules/@babel/core/src/gensync-utils/async.ts:90:7)
[2026-03-20T21:07:29.133Z] at /home/ubuntu/influx-assistants/node_modules/.pnpm/gensync@1.0.0-beta.2/node_modules/gensync/index.js:113:33
[2026-03-20T21:07:29.133Z] at step (/home/ubuntu/influx-assistants/node_modules/.pnpm/gensync@1.0.0-beta.2/node_modules/gensync/index.js:287:14)
[2026-03-20T21:07:29.134Z] at /home/ubuntu/influx-assistants/node_modules/.pnpm/gensync@1.0.0-beta.2/node_modules/gensync/index.js:273:13
[2026-03-20T21:07:29.134Z] at async.call.result.err.err (/home/ubuntu/influx-assistants/node_modules/.pnpm/gensync@1.0.0-beta.2/node_modules/gensync/index.js:223:11)
[2026-03-20T21:07:34.035Z] 5:07:34 PM [vite] (client) hmr update /src/index.css, /src/pages/events/WhoAmIGame.tsx
[2026-03-20T21:07:37.811Z] [Auth] Missing session cookie
[2026-03-20T21:07:39.926Z] [Auth] Missing session cookie
[2026-03-20T21:07:40.103Z] [Auth] Missing session cookie
[2026-03-20T21:08:11.501Z] 5:08:11 PM [vite] (client) hmr update /src/App.tsx, /src/index.css
[2026-03-20T21:08:12.393Z] [Auth] Missing session cookie
[2026-03-20T21:08:18.253Z] [Auth] Missing session cookie
[2026-03-20T21:08:18.649Z] [Auth] Missing session cookie
[2026-03-20T21:09:11.144Z] 5:09:11 PM [vite] (client) hmr update /src/pages/events/EventHub.tsx, /src/index.css
[2026-03-20T21:09:17.116Z] [Auth] Missing session cookie
[2026-03-20T21:09:17.372Z] [Auth] Missing session cookie
[2026-03-20T21:09:30.174Z] Dev server process group stopped
[2026-03-20T21:09:30.603Z] ELIFECYCLE  Command failed.
[2026-03-20T21:09:30.842Z] Dev server exited with code -15
[2026-03-20T21:09:33.229Z] Starting dev server with command: pnpm run dev
[2026-03-20T21:09:34.497Z] 
[2026-03-20T21:09:34.498Z] > influx-personal-tutor@1.1.0 dev /home/ubuntu/influx-assistants
[2026-03-20T21:09:34.499Z] > NODE_ENV=development tsx watch server/_core/index.ts
[2026-03-20T21:09:34.499Z] 
[2026-03-20T21:09:36.403Z] [OAuth] Initialized with baseURL: https://api.manus.im
[2026-03-20T21:09:36.923Z] [DirectLogin] Rota registrada: GET /api/direct-login/:token
[2026-03-20T21:09:37.124Z] Server running on http://localhost:3000/
[2026-03-20T21:09:37.125Z] [Jobs] Inicializando jobs em background...
[2026-03-20T21:09:37.216Z] [DailySync] Job agendado para rodar diariamente às 18:00 (Brasília)
[2026-03-20T21:09:37.217Z] [Jobs] Todos os jobs foram inicializados
[2026-03-20T21:09:39.065Z] [baseline-browser-mapping] The data in this module is over two months old.  To ensure accurate Baseline data, please update: `npm i baseline-browser-mapping@latest -D`
[2026-03-20T21:09:43.432Z] [Auth] Missing session cookie
[2026-03-20T21:09:43.623Z] [Auth] Missing session cookie
[2026-03-20T22:23:06.047Z] [Auth] Missing session cookie
[2026-03-20T22:23:06.250Z] [Auth] Missing session cookie
[2026-03-20T22:25:16.411Z] 6:25:16 PM [vite] (client) hmr update /src/index.css, /src/pages/events/TongueTwisterChallenge.tsx, /src/pages/events/FinishTheLyrics.tsx, /src/pages/events/HotSeatGame.tsx, /src/pages/events/WhoAmIGame.tsx
[2026-03-20T22:25:24.917Z] [Auth] Missing session cookie
[2026-03-20T22:25:25.131Z] [Auth] Missing session cookie
[2026-03-20T22:26:17.912Z] [Auth] Missing session cookie
[2026-03-20T22:26:18.100Z] [Auth] Missing session cookie
[2026-03-20T22:26:47.942Z] 6:26:47 PM [vite] (client) hmr update /src/pages/events/FinishTheLyrics.tsx, /src/index.css
[2026-03-20T22:26:48.175Z] 6:26:48 PM [vite] Internal server error: /home/ubuntu/influx-assistants/client/src/pages/events/FinishTheLyrics.tsx: Identifier 'useState' has already been declared. (2:9)
[2026-03-20T22:26:48.176Z] 
[2026-03-20T22:26:48.176Z] 1 | import { useState } from "react";
[2026-03-20T22:26:48.177Z] > 2 | import { useState, useMemo } from "react";
[2026-03-20T22:26:48.177Z] |          ^
[2026-03-20T22:26:48.177Z] 3 | import { useLocation } from "wouter";
[2026-03-20T22:26:48.177Z] 4 | import { trpc } from "@/lib/trpc";
[2026-03-20T22:26:48.177Z] 5 | import { Button } from "@/components/ui/button";
[2026-03-20T22:26:48.177Z] Plugin: vite:react-babel
[2026-03-20T22:26:48.178Z] File: /home/ubuntu/influx-assistants/client/src/pages/events/FinishTheLyrics.tsx:2:9
[2026-03-20T22:26:48.178Z] 1  |  import { useState } from "react";
[2026-03-20T22:26:48.178Z] 2  |  import { useState, useMemo } from "react";
[2026-03-20T22:26:48.178Z] |           ^
[2026-03-20T22:26:48.178Z] 3  |  import { useLocation } from "wouter";
[2026-03-20T22:26:48.178Z] 4  |  import { trpc } from "@/lib/trpc";
[2026-03-20T22:26:48.179Z] at toParseError (/home/ubuntu/influx-assistants/node_modules/.pnpm/@babel+parser@7.28.4/node_modules/@babel/parser/src/parse-error.ts:95:45)
[2026-03-20T22:26:48.179Z] at raise (/home/ubuntu/influx-assistants/node_modules/.pnpm/@babel+parser@7.28.4/node_modules/@babel/parser/src/tokenizer/index.ts:1503:19)
[2026-03-20T22:26:48.179Z] at declareName (/home/ubuntu/influx-assistants/node_modules/.pnpm/@babel+parser@7.28.4/node_modules/@babel/parser/src/plugins/typescript/scope.ts:72:21)
[2026-03-20T22:26:48.179Z] at declareNameFromIdentifier (/home/ubuntu/influx-assistants/node_modules/.pnpm/@babel+parser@7.28.4/node_modules/@babel/parser/src/parser/lval.ts:818:16)
[2026-03-20T22:26:48.179Z] at checkIdentifier (/home/ubuntu/influx-assistants/node_modules/.pnpm/@babel+parser@7.28.4/node_modules/@babel/parser/src/parser/lval.ts:813:12)
[2026-03-20T22:26:48.179Z] at checkLVal (/home/ubuntu/influx-assistants/node_modules/.pnpm/@babel+parser@7.28.4/node_modules/@babel/parser/src/parser/lval.ts:713:12)
[2026-03-20T22:26:48.179Z] at finishImportSpecifier (/home/ubuntu/influx-assistants/node_modules/.pnpm/@babel+parser@7.28.4/node_modules/@babel/parser/src/parser/statement.ts:3223:10)
[2026-03-20T22:26:48.180Z] at parseImportSpecifier (/home/ubuntu/influx-assistants/node_modules/.pnpm/@babel+parser@7.28.4/node_modules/@babel/parser/src/parser/statement.ts:3480:17)
[2026-03-20T22:26:48.180Z] at parseImportSpecifier (/home/ubuntu/influx-assistants/node_modules/.pnpm/@babel+parser@7.28.4/node_modules/@babel/parser/src/plugins/typescript/index.ts:4359:20)
[2026-03-20T22:26:48.180Z] at parseNamedImportSpecifiers (/home/ubuntu/influx-assistants/node_modules/.pnpm/@babel+parser@7.28.4/node_modules/@babel/parser/src/parser/statement.ts:3441:36)
[2026-03-20T22:26:48.180Z] at parseImportSpecifiersAndAfter (/home/ubuntu/influx-assistants/node_modules/.pnpm/@babel+parser@7.28.4/node_modules/@babel/parser/src/parser/statement.ts:3173:37)
[2026-03-20T22:26:48.180Z] at parseImport (/home/ubuntu/influx-assistants/node_modules/.pnpm/@babel+parser@7.28.4/node_modules/@babel/parser/src/parser/statement.ts:3142:17)
[2026-03-20T22:26:48.180Z] at parseImport (/home/ubuntu/influx-assistants/node_modules/.pnpm/@babel+parser@7.28.4/node_modules/@babel/parser/src/plugins/typescript/index.ts:3011:28)
[2026-03-20T22:26:48.180Z] at parseStatementContent (/home/ubuntu/influx-assistants/node_modules/.pnpm/@babel+parser@7.28.4/node_modules/@babel/parser/src/parser/statement.ts:642:25)
[2026-03-20T22:26:48.180Z] at parseStatementContent (/home/ubuntu/influx-assistants/node_modules/.pnpm/@babel+parser@7.28.4/node_modules/@babel/parser/src/plugins/typescript/index.ts:3185:20)
[2026-03-20T22:26:48.181Z] at parseStatementLike (/home/ubuntu/influx-assistants/node_modules/.pnpm/@babel+parser@7.28.4/node_modules/@babel/parser/src/parser/statement.ts:477:17)
[2026-03-20T22:26:48.181Z] at parseModuleItem (/home/ubuntu/influx-assistants/node_modules/.pnpm/@babel+parser@7.28.4/node_modules/@babel/parser/src/parser/statement.ts:414:17)
[2026-03-20T22:26:48.181Z] at parseBlockOrModuleBlockBody (/home/ubuntu/influx-assistants/node_modules/.pnpm/@babel+parser@7.28.4/node_modules/@babel/parser/src/parser/statement.ts:1438:16)
[2026-03-20T22:26:48.187Z] at parseBlockBody (/home/ubuntu/influx-assistants/node_modules/.pnpm/@babel+parser@7.28.4/node_modules/@babel/parser/src/parser/statement.ts:1412:10)
[2026-03-20T22:26:48.187Z] at parseProgram (/home/ubuntu/influx-assistants/node_modules/.pnpm/@babel+parser@7.28.4/node_modules/@babel/parser/src/parser/statement.ts:229:10)
[2026-03-20T22:26:48.188Z] at parseTopLevel (/home/ubuntu/influx-assistants/node_modules/.pnpm/@babel+parser@7.28.4/node_modules/@babel/parser/src/parser/statement.ts:203:25)
[2026-03-20T22:26:48.188Z] at parse (/home/ubuntu/influx-assistants/node_modules/.pnpm/@babel+parser@7.28.4/node_modules/@babel/parser/src/parser/index.ts:93:10)
[2026-03-20T22:26:48.189Z] at parse (/home/ubuntu/influx-assistants/node_modules/.pnpm/@babel+parser@7.28.4/node_modules/@babel/parser/src/plugins/typescript/index.ts:4309:20)
[2026-03-20T22:26:48.189Z] at parse (/home/ubuntu/influx-assistants/node_modules/.pnpm/@babel+parser@7.28.4/node_modules/@babel/parser/src/index.ts:92:38)
[2026-03-20T22:26:48.190Z] at parser (/home/ubuntu/influx-assistants/node_modules/.pnpm/@babel+core@7.28.4/node_modules/@babel/core/src/parser/index.ts:28:19)
[2026-03-20T22:26:48.190Z] at parser.next (<anonymous>)
[2026-03-20T22:26:48.191Z] at normalizeFile (/home/ubuntu/influx-assistants/node_modules/.pnpm/@babel+core@7.28.4/node_modules/@babel/core/src/transformation/normalize-file.ts:49:24)
[2026-03-20T22:26:48.191Z] at normalizeFile.next (<anonymous>)
[2026-03-20T22:26:48.191Z] at run (/home/ubuntu/influx-assistants/node_modules/.pnpm/@babel+core@7.28.4/node_modules/@babel/core/src/transformation/index.ts:40:36)
[2026-03-20T22:26:48.192Z] at run.next (<anonymous>)
[2026-03-20T22:26:48.192Z] at transform (/home/ubuntu/influx-assistants/node_modules/.pnpm/@babel+core@7.28.4/node_modules/@babel/core/src/transform.ts:29:20)
[2026-03-20T22:26:48.193Z] at transform.next (<anonymous>)
[2026-03-20T22:26:48.193Z] at step (/home/ubuntu/influx-assistants/node_modules/.pnpm/gensync@1.0.0-beta.2/node_modules/gensync/index.js:261:32)
[2026-03-20T22:26:48.193Z] at /home/ubuntu/influx-assistants/node_modules/.pnpm/gensync@1.0.0-beta.2/node_modules/gensync/index.js:273:13
[2026-03-20T22:26:48.194Z] at async.call.result.err.err (/home/ubuntu/influx-assistants/node_modules/.pnpm/gensync@1.0.0-beta.2/node_modules/gensync/index.js:223:11)
[2026-03-20T22:26:48.194Z] at /home/ubuntu/influx-assistants/node_modules/.pnpm/gensync@1.0.0-beta.2/node_modules/gensync/index.js:189:28
[2026-03-20T22:26:48.195Z] at <anonymous> (/home/ubuntu/influx-assistants/node_modules/.pnpm/@babel+core@7.28.4/node_modules/@babel/core/src/gensync-utils/async.ts:90:7)
[2026-03-20T22:26:48.195Z] at /home/ubuntu/influx-assistants/node_modules/.pnpm/gensync@1.0.0-beta.2/node_modules/gensync/index.js:113:33
[2026-03-20T22:26:48.195Z] at step (/home/ubuntu/influx-assistants/node_modules/.pnpm/gensync@1.0.0-beta.2/node_modules/gensync/index.js:287:14)
[2026-03-20T22:26:48.196Z] at /home/ubuntu/influx-assistants/node_modules/.pnpm/gensync@1.0.0-beta.2/node_modules/gensync/index.js:273:13
[2026-03-20T22:26:48.196Z] at async.call.result.err.err (/home/ubuntu/influx-assistants/node_modules/.pnpm/gensync@1.0.0-beta.2/node_modules/gensync/index.js:223:11)
[2026-03-20T22:26:48.281Z] 6:26:48 PM [vite] (client) Pre-transform error: /home/ubuntu/influx-assistants/client/src/pages/events/FinishTheLyrics.tsx: Identifier 'useState' has already been declared. (2:9)
[2026-03-20T22:26:48.281Z] 
[2026-03-20T22:26:48.282Z] 1 | import { useState } from "react";
[2026-03-20T22:26:48.282Z] > 2 | import { useState, useMemo } from "react";
[2026-03-20T22:26:48.282Z] |          ^
[2026-03-20T22:26:48.282Z] 3 | import { useLocation } from "wouter";
[2026-03-20T22:26:48.283Z] 4 | import { trpc } from "@/lib/trpc";
[2026-03-20T22:26:48.283Z] 5 | import { Button } from "@/components/ui/button";
[2026-03-20T22:26:48.284Z] Plugin: vite:react-babel
[2026-03-20T22:26:48.284Z] File: /home/ubuntu/influx-assistants/client/src/pages/events/FinishTheLyrics.tsx:2:9
[2026-03-20T22:26:48.284Z] 1  |  import { useState } from "react";
[2026-03-20T22:26:48.284Z] 2  |  import { useState, useMemo } from "react";
[2026-03-20T22:26:48.285Z] |           ^
[2026-03-20T22:26:48.285Z] 3  |  import { useLocation } from "wouter";
[2026-03-20T22:26:48.285Z] 4  |  import { trpc } from "@/lib/trpc";
[2026-03-20T22:26:52.832Z] 6:26:52 PM [vite] Internal server error: /home/ubuntu/influx-assistants/client/src/pages/events/FinishTheLyrics.tsx: Identifier 'useState' has already been declared. (2:9)
[2026-03-20T22:26:52.833Z] 
[2026-03-20T22:26:52.833Z] 1 | import { useState } from "react";
[2026-03-20T22:26:52.833Z] > 2 | import { useState, useMemo } from "react";
[2026-03-20T22:26:52.834Z] |          ^
[2026-03-20T22:26:52.834Z] 3 | import { useLocation } from "wouter";
[2026-03-20T22:26:52.834Z] 4 | import { trpc } from "@/lib/trpc";
[2026-03-20T22:26:52.834Z] 5 | import { Button } from "@/components/ui/button";
[2026-03-20T22:26:52.834Z] Plugin: vite:react-babel
[2026-03-20T22:26:52.835Z] File: /home/ubuntu/influx-assistants/client/src/pages/events/FinishTheLyrics.tsx:2:9
[2026-03-20T22:26:52.835Z] 1  |  import { useState } from "react";
[2026-03-20T22:26:52.835Z] 2  |  import { useState, useMemo } from "react";
[2026-03-20T22:26:52.835Z] |           ^
[2026-03-20T22:26:52.835Z] 3  |  import { useLocation } from "wouter";
[2026-03-20T22:26:52.836Z] 4  |  import { trpc } from "@/lib/trpc";
[2026-03-20T22:26:52.836Z] at toParseError (/home/ubuntu/influx-assistants/node_modules/.pnpm/@babel+parser@7.28.4/node_modules/@babel/parser/src/parse-error.ts:95:45)
[2026-03-20T22:26:52.836Z] at raise (/home/ubuntu/influx-assistants/node_modules/.pnpm/@babel+parser@7.28.4/node_modules/@babel/parser/src/tokenizer/index.ts:1503:19)
[2026-03-20T22:26:52.836Z] at declareName (/home/ubuntu/influx-assistants/node_modules/.pnpm/@babel+parser@7.28.4/node_modules/@babel/parser/src/plugins/typescript/scope.ts:72:21)
[2026-03-20T22:26:52.836Z] at declareNameFromIdentifier (/home/ubuntu/influx-assistants/node_modules/.pnpm/@babel+parser@7.28.4/node_modules/@babel/parser/src/parser/lval.ts:818:16)
[2026-03-20T22:26:52.836Z] at checkIdentifier (/home/ubuntu/influx-assistants/node_modules/.pnpm/@babel+parser@7.28.4/node_modules/@babel/parser/src/parser/lval.ts:813:12)
[2026-03-20T22:26:52.837Z] at checkLVal (/home/ubuntu/influx-assistants/node_modules/.pnpm/@babel+parser@7.28.4/node_modules/@babel/parser/src/parser/lval.ts:713:12)
[2026-03-20T22:26:52.837Z] at finishImportSpecifier (/home/ubuntu/influx-assistants/node_modules/.pnpm/@babel+parser@7.28.4/node_modules/@babel/parser/src/parser/statement.ts:3223:10)
[2026-03-20T22:26:52.837Z] at parseImportSpecifier (/home/ubuntu/influx-assistants/node_modules/.pnpm/@babel+parser@7.28.4/node_modules/@babel/parser/src/parser/statement.ts:3480:17)
[2026-03-20T22:26:52.837Z] at parseImportSpecifier (/home/ubuntu/influx-assistants/node_modules/.pnpm/@babel+parser@7.28.4/node_modules/@babel/parser/src/plugins/typescript/index.ts:4359:20)
[2026-03-20T22:26:52.837Z] at parseNamedImportSpecifiers (/home/ubuntu/influx-assistants/node_modules/.pnpm/@babel+parser@7.28.4/node_modules/@babel/parser/src/parser/statement.ts:3441:36)
[2026-03-20T22:26:52.838Z] at parseImportSpecifiersAndAfter (/home/ubuntu/influx-assistants/node_modules/.pnpm/@babel+parser@7.28.4/node_modules/@babel/parser/src/parser/statement.ts:3173:37)
[2026-03-20T22:26:52.838Z] at parseImport (/home/ubuntu/influx-assistants/node_modules/.pnpm/@babel+parser@7.28.4/node_modules/@babel/parser/src/parser/statement.ts:3142:17)
[2026-03-20T22:26:52.838Z] at parseImport (/home/ubuntu/influx-assistants/node_modules/.pnpm/@babel+parser@7.28.4/node_modules/@babel/parser/src/plugins/typescript/index.ts:3011:28)
[2026-03-20T22:26:52.838Z] at parseStatementContent (/home/ubuntu/influx-assistants/node_modules/.pnpm/@babel+parser@7.28.4/node_modules/@babel/parser/src/parser/statement.ts:642:25)
[2026-03-20T22:26:52.839Z] at parseStatementContent (/home/ubuntu/influx-assistants/node_modules/.pnpm/@babel+parser@7.28.4/node_modules/@babel/parser/src/plugins/typescript/index.ts:3185:20)
[2026-03-20T22:26:52.839Z] at parseStatementLike (/home/ubuntu/influx-assistants/node_modules/.pnpm/@babel+parser@7.28.4/node_modules/@babel/parser/src/parser/statement.ts:477:17)
[2026-03-20T22:26:52.840Z] at parseModuleItem (/home/ubuntu/influx-assistants/node_modules/.pnpm/@babel+parser@7.28.4/node_modules/@babel/parser/src/parser/statement.ts:414:17)
[2026-03-20T22:26:52.840Z] at parseBlockOrModuleBlockBody (/home/ubuntu/influx-assistants/node_modules/.pnpm/@babel+parser@7.28.4/node_modules/@babel/parser/src/parser/statement.ts:1438:16)
[2026-03-20T22:26:52.840Z] at parseBlockBody (/home/ubuntu/influx-assistants/node_modules/.pnpm/@babel+parser@7.28.4/node_modules/@babel/parser/src/parser/statement.ts:1412:10)
[2026-03-20T22:26:52.840Z] at parseProgram (/home/ubuntu/influx-assistants/node_modules/.pnpm/@babel+parser@7.28.4/node_modules/@babel/parser/src/parser/statement.ts:229:10)
[2026-03-20T22:26:52.841Z] at parseTopLevel (/home/ubuntu/influx-assistants/node_modules/.pnpm/@babel+parser@7.28.4/node_modules/@babel/parser/src/parser/statement.ts:203:25)
[2026-03-20T22:26:52.841Z] at parse (/home/ubuntu/influx-assistants/node_modules/.pnpm/@babel+parser@7.28.4/node_modules/@babel/parser/src/parser/index.ts:93:10)
[2026-03-20T22:26:52.841Z] at parse (/home/ubuntu/influx-assistants/node_modules/.pnpm/@babel+parser@7.28.4/node_modules/@babel/parser/src/plugins/typescript/index.ts:4309:20)
[2026-03-20T22:26:52.841Z] at parse (/home/ubuntu/influx-assistants/node_modules/.pnpm/@babel+parser@7.28.4/node_modules/@babel/parser/src/index.ts:92:38)
[2026-03-20T22:26:52.841Z] at parser (/home/ubuntu/influx-assistants/node_modules/.pnpm/@babel+core@7.28.4/node_modules/@babel/core/src/parser/index.ts:28:19)
[2026-03-20T22:26:52.841Z] at parser.next (<anonymous>)
[2026-03-20T22:26:52.842Z] at normalizeFile (/home/ubuntu/influx-assistants/node_modules/.pnpm/@babel+core@7.28.4/node_modules/@babel/core/src/transformation/normalize-file.ts:49:24)
[2026-03-20T22:26:52.842Z] at normalizeFile.next (<anonymous>)
[2026-03-20T22:26:52.842Z] at run (/home/ubuntu/influx-assistants/node_modules/.pnpm/@babel+core@7.28.4/node_modules/@babel/core/src/transformation/index.ts:40:36)
[2026-03-20T22:26:52.842Z] at run.next (<anonymous>)
[2026-03-20T22:26:52.842Z] at transform (/home/ubuntu/influx-assistants/node_modules/.pnpm/@babel+core@7.28.4/node_modules/@babel/core/src/transform.ts:29:20)
[2026-03-20T22:26:52.842Z] at transform.next (<anonymous>)
[2026-03-20T22:26:52.843Z] at step (/home/ubuntu/influx-assistants/node_modules/.pnpm/gensync@1.0.0-beta.2/node_modules/gensync/index.js:261:32)
[2026-03-20T22:26:52.843Z] at /home/ubuntu/influx-assistants/node_modules/.pnpm/gensync@1.0.0-beta.2/node_modules/gensync/index.js:273:13
[2026-03-20T22:26:52.843Z] at async.call.result.err.err (/home/ubuntu/influx-assistants/node_modules/.pnpm/gensync@1.0.0-beta.2/node_modules/gensync/index.js:223:11)
[2026-03-20T22:26:52.843Z] at /home/ubuntu/influx-assistants/node_modules/.pnpm/gensync@1.0.0-beta.2/node_modules/gensync/index.js:189:28
[2026-03-20T22:26:52.843Z] at <anonymous> (/home/ubuntu/influx-assistants/node_modules/.pnpm/@babel+core@7.28.4/node_modules/@babel/core/src/gensync-utils/async.ts:90:7)
[2026-03-20T22:26:52.843Z] at /home/ubuntu/influx-assistants/node_modules/.pnpm/gensync@1.0.0-beta.2/node_modules/gensync/index.js:113:33
[2026-03-20T22:26:52.844Z] at step (/home/ubuntu/influx-assistants/node_modules/.pnpm/gensync@1.0.0-beta.2/node_modules/gensync/index.js:287:14)
[2026-03-20T22:26:52.844Z] at /home/ubuntu/influx-assistants/node_modules/.pnpm/gensync@1.0.0-beta.2/node_modules/gensync/index.js:273:13
[2026-03-20T22:26:52.844Z] at async.call.result.err.err (/home/ubuntu/influx-assistants/node_modules/.pnpm/gensync@1.0.0-beta.2/node_modules/gensync/index.js:223:11)
[2026-03-20T22:26:56.633Z] 6:26:56 PM [vite] (client) hmr update /src/pages/events/FinishTheLyrics.tsx, /src/index.css
[2026-03-20T22:26:59.456Z] [Auth] Missing session cookie
[2026-03-20T22:26:59.651Z] [Auth] Missing session cookie
[2026-03-20T22:27:03.958Z] [Auth] Missing session cookie
[2026-03-20T22:27:04.153Z] [Auth] Missing session cookie
[2026-03-20T22:27:07.170Z] 6:27:07 PM [vite] (client) hmr update /src/App.tsx, /src/index.css
[2026-03-20T22:27:07.891Z] [Auth] Missing session cookie
[2026-03-20T22:27:13.081Z] [Auth] Missing session cookie
[2026-03-20T22:27:13.277Z] [Auth] Missing session cookie
[2026-03-20T22:27:29.130Z] Dev server process group stopped
[2026-03-20T22:27:29.133Z] ELIFECYCLE  Command failed.
[2026-03-20T22:27:29.156Z] Dev server exited with code -15
[2026-03-20T22:27:32.176Z] Starting dev server with command: pnpm run dev
[2026-03-20T22:27:32.816Z] 
[2026-03-20T22:27:32.818Z] > influx-personal-tutor@1.1.0 dev /home/ubuntu/influx-assistants
[2026-03-20T22:27:32.819Z] > NODE_ENV=development tsx watch server/_core/index.ts
[2026-03-20T22:27:32.822Z] 
[2026-03-20T22:27:34.880Z] [OAuth] Initialized with baseURL: https://api.manus.im
[2026-03-20T22:27:35.506Z] [DirectLogin] Rota registrada: GET /api/direct-login/:token
[2026-03-20T22:27:35.569Z] Server running on http://localhost:3000/
[2026-03-20T22:27:35.570Z] [Jobs] Inicializando jobs em background...
[2026-03-20T22:27:35.589Z] [DailySync] Job agendado para rodar diariamente às 18:00 (Brasília)
[2026-03-20T22:27:35.590Z] [Jobs] Todos os jobs foram inicializados
[2026-03-20T22:27:36.856Z] [baseline-browser-mapping] The data in this module is over two months old.  To ensure accurate Baseline data, please update: `npm i baseline-browser-mapping@latest -D`
[2026-03-20T22:27:41.194Z] [Auth] Missing session cookie
[2026-03-20T22:27:41.384Z] [Auth] Missing session cookie
[2026-03-20T22:59:20.684Z] [Auth] Missing session cookie
[2026-03-20T22:59:20.913Z] [Auth] Missing session cookie
[2026-03-20T23:00:28.821Z] [Auth] Missing session cookie
[2026-03-20T23:00:35.660Z] [Auth] Missing session cookie
[2026-03-20T23:00:43.569Z] [Auth] Missing session cookie
[2026-03-20T23:11:37.858Z] [Auth] Missing session cookie
[2026-03-20T23:11:38.123Z] [Auth] Missing session cookie
[2026-03-20T23:13:36.969Z] 7:13:36 PM [vite] (client) hmr update /src/index.css, /src/pages/events/FinishTheLyrics.tsx, /src/pages/events/TongueTwisterChallenge.tsx, /src/pages/events/HotSeatPresenter.tsx, /src/pages/events/HotSeatGame.tsx, /src/pages/events/WhoAmIGame.tsx
[2026-03-20T23:13:37.217Z] 7:13:37 PM [vite] (client) Pre-transform error: Transform failed with 1 error:
[2026-03-20T23:13:37.218Z] /home/ubuntu/influx-assistants/client/src/data/stpatricks/drinking-games.ts:108:8: ERROR: Expected ";" but found ":"
[2026-03-20T23:13:37.219Z] Plugin: vite:esbuild
[2026-03-20T23:13:37.219Z] File: /home/ubuntu/influx-assistants/client/src/data/stpatricks/drinking-games.ts:108:8
[2026-03-20T23:13:37.219Z] 
[2026-03-20T23:13:37.219Z] Expected ";" but found ":"
[2026-03-20T23:13:37.220Z] 106 |    {
[2026-03-20T23:13:37.220Z] 107 |      id: "tt13",
[2026-03-20T23:13:37.220Z] 108 |      text: "Betty Botter bought some butter, but the butter was bitter.",
[2026-03-20T23:13:37.220Z] |          ^
[2026-03-20T23:13:37.220Z] 109 |      level: "easy",
[2026-03-20T23:13:37.220Z] 110 |      tip: "Focus on the 'b' and 'tt' sounds — don't rush!",
[2026-03-20T23:13:37.220Z] 
[2026-03-20T23:13:37.221Z] 7:13:37 PM [vite] (client) Pre-transform error: Transform failed with 1 error:
[2026-03-20T23:13:37.221Z] /home/ubuntu/influx-assistants/client/src/data/stpatricks/drinking-games.ts:108:8: ERROR: Expected ";" but found ":"
[2026-03-20T23:13:37.221Z] Plugin: vite:esbuild
[2026-03-20T23:13:37.221Z] File: /home/ubuntu/influx-assistants/client/src/data/stpatricks/drinking-games.ts:108:8
[2026-03-20T23:13:37.221Z] 
[2026-03-20T23:13:37.221Z] Expected ";" but found ":"
[2026-03-20T23:13:37.222Z] 106 |    {
[2026-03-20T23:13:37.222Z] 107 |      id: "tt13",
[2026-03-20T23:13:37.222Z] 108 |      text: "Betty Botter bought some butter, but the butter was bitter.",
[2026-03-20T23:13:37.222Z] |          ^
[2026-03-20T23:13:37.222Z] 109 |      level: "easy",
[2026-03-20T23:13:37.222Z] 110 |      tip: "Focus on the 'b' and 'tt' sounds — don't rush!",
[2026-03-20T23:13:37.222Z] 
[2026-03-20T23:13:37.223Z] 7:13:37 PM [vite] (client) Pre-transform error: Transform failed with 1 error:
[2026-03-20T23:13:37.223Z] /home/ubuntu/influx-assistants/client/src/data/stpatricks/drinking-games.ts:108:8: ERROR: Expected ";" but found ":"
[2026-03-20T23:13:37.223Z] Plugin: vite:esbuild
[2026-03-20T23:13:37.224Z] File: /home/ubuntu/influx-assistants/client/src/data/stpatricks/drinking-games.ts:108:8
[2026-03-20T23:13:37.224Z] 
[2026-03-20T23:13:37.224Z] Expected ";" but found ":"
[2026-03-20T23:13:37.224Z] 106 |    {
[2026-03-20T23:13:37.224Z] 107 |      id: "tt13",
[2026-03-20T23:13:37.225Z] 108 |      text: "Betty Botter bought some butter, but the butter was bitter.",
[2026-03-20T23:13:37.225Z] |          ^
[2026-03-20T23:13:37.225Z] 109 |      level: "easy",
[2026-03-20T23:13:37.225Z] 110 |      tip: "Focus on the 'b' and 'tt' sounds — don't rush!",
[2026-03-20T23:13:37.225Z] 
[2026-03-20T23:13:37.226Z] 7:13:37 PM [vite] (client) Pre-transform error: Transform failed with 1 error:
[2026-03-20T23:13:37.226Z] /home/ubuntu/influx-assistants/client/src/data/stpatricks/drinking-games.ts:108:8: ERROR: Expected ";" but found ":"
[2026-03-20T23:13:37.227Z] Plugin: vite:esbuild
[2026-03-20T23:13:37.227Z] File: /home/ubuntu/influx-assistants/client/src/data/stpatricks/drinking-games.ts:108:8
[2026-03-20T23:13:37.227Z] 
[2026-03-20T23:13:37.227Z] Expected ";" but found ":"
[2026-03-20T23:13:37.228Z] 106 |    {
[2026-03-20T23:13:37.228Z] 107 |      id: "tt13",
[2026-03-20T23:13:37.228Z] 108 |      text: "Betty Botter bought some butter, but the butter was bitter.",
[2026-03-20T23:13:37.228Z] |          ^
[2026-03-20T23:13:37.228Z] 109 |      level: "easy",
[2026-03-20T23:13:37.228Z] 110 |      tip: "Focus on the 'b' and 'tt' sounds — don't rush!",
[2026-03-20T23:13:37.229Z] 
[2026-03-20T23:13:37.229Z] 7:13:37 PM [vite] (client) Pre-transform error: Transform failed with 1 error:
[2026-03-20T23:13:37.229Z] /home/ubuntu/influx-assistants/client/src/data/stpatricks/drinking-games.ts:108:8: ERROR: Expected ";" but found ":"
[2026-03-20T23:13:37.229Z] Plugin: vite:esbuild
[2026-03-20T23:13:37.229Z] File: /home/ubuntu/influx-assistants/client/src/data/stpatricks/drinking-games.ts:108:8
[2026-03-20T23:13:37.229Z] 
[2026-03-20T23:13:37.230Z] Expected ";" but found ":"
[2026-03-20T23:13:37.230Z] 106 |    {
[2026-03-20T23:13:37.230Z] 107 |      id: "tt13",
[2026-03-20T23:13:37.230Z] 108 |      text: "Betty Botter bought some butter, but the butter was bitter.",
[2026-03-20T23:13:37.230Z] |          ^
[2026-03-20T23:13:37.230Z] 109 |      level: "easy",
[2026-03-20T23:13:37.231Z] 110 |      tip: "Focus on the 'b' and 'tt' sounds — don't rush!",
[2026-03-20T23:13:37.231Z] 
[2026-03-20T23:13:37.618Z] 7:13:37 PM [vite] Internal server error: Transform failed with 1 error:
[2026-03-20T23:13:37.619Z] /home/ubuntu/influx-assistants/client/src/data/stpatricks/drinking-games.ts:108:8: ERROR: Expected ";" but found ":"
[2026-03-20T23:13:37.619Z] Plugin: vite:esbuild
[2026-03-20T23:13:37.619Z] File: /home/ubuntu/influx-assistants/client/src/data/stpatricks/drinking-games.ts:108:8
[2026-03-20T23:13:37.620Z] 
[2026-03-20T23:13:37.620Z] Expected ";" but found ":"
[2026-03-20T23:13:37.620Z] 106 |    {
[2026-03-20T23:13:37.620Z] 107 |      id: "tt13",
[2026-03-20T23:13:37.620Z] 108 |      text: "Betty Botter bought some butter, but the butter was bitter.",
[2026-03-20T23:13:37.620Z] |          ^
[2026-03-20T23:13:37.621Z] 109 |      level: "easy",
[2026-03-20T23:13:37.621Z] 110 |      tip: "Focus on the 'b' and 'tt' sounds — don't rush!",
[2026-03-20T23:13:37.621Z] 
[2026-03-20T23:13:37.621Z] at failureErrorWithLog (/home/ubuntu/influx-assistants/node_modules/.pnpm/esbuild@0.27.2/node_modules/esbuild/lib/main.js:1467:15)
[2026-03-20T23:13:37.621Z] at /home/ubuntu/influx-assistants/node_modules/.pnpm/esbuild@0.27.2/node_modules/esbuild/lib/main.js:736:50
[2026-03-20T23:13:37.621Z] at responseCallbacks.<computed> (/home/ubuntu/influx-assistants/node_modules/.pnpm/esbuild@0.27.2/node_modules/esbuild/lib/main.js:603:9)
[2026-03-20T23:13:37.621Z] at handleIncomingPacket (/home/ubuntu/influx-assistants/node_modules/.pnpm/esbuild@0.27.2/node_modules/esbuild/lib/main.js:658:12)
[2026-03-20T23:13:37.622Z] at Socket.readFromStdout (/home/ubuntu/influx-assistants/node_modules/.pnpm/esbuild@0.27.2/node_modules/esbuild/lib/main.js:581:7)
[2026-03-20T23:13:37.622Z] at Socket.emit (node:events:524:28)
[2026-03-20T23:13:37.622Z] at addChunk (node:internal/streams/readable:561:12)
[2026-03-20T23:13:37.622Z] at readableAddChunkPushByteMode (node:internal/streams/readable:512:3)
[2026-03-20T23:13:37.622Z] at Readable.push (node:internal/streams/readable:392:5)
[2026-03-20T23:13:37.622Z] at Pipe.onStreamRead (node:internal/stream_base_commons:189:23)
[2026-03-20T23:13:39.663Z] 7:13:39 PM [vite] Internal server error: Transform failed with 1 error:
[2026-03-20T23:13:39.664Z] /home/ubuntu/influx-assistants/client/src/data/stpatricks/drinking-games.ts:108:8: ERROR: Expected ";" but found ":"
[2026-03-20T23:13:39.664Z] Plugin: vite:esbuild
[2026-03-20T23:13:39.664Z] File: /home/ubuntu/influx-assistants/client/src/data/stpatricks/drinking-games.ts:108:8
[2026-03-20T23:13:39.664Z] 
[2026-03-20T23:13:39.665Z] Expected ";" but found ":"
[2026-03-20T23:13:39.665Z] 106 |    {
[2026-03-20T23:13:39.665Z] 107 |      id: "tt13",
[2026-03-20T23:13:39.665Z] 108 |      text: "Betty Botter bought some butter, but the butter was bitter.",
[2026-03-20T23:13:39.665Z] |          ^
[2026-03-20T23:13:39.665Z] 109 |      level: "easy",
[2026-03-20T23:13:39.666Z] 110 |      tip: "Focus on the 'b' and 'tt' sounds — don't rush!",
[2026-03-20T23:13:39.666Z] 
[2026-03-20T23:13:39.666Z] at failureErrorWithLog (/home/ubuntu/influx-assistants/node_modules/.pnpm/esbuild@0.27.2/node_modules/esbuild/lib/main.js:1467:15)
[2026-03-20T23:13:39.666Z] at /home/ubuntu/influx-assistants/node_modules/.pnpm/esbuild@0.27.2/node_modules/esbuild/lib/main.js:736:50
[2026-03-20T23:13:39.666Z] at responseCallbacks.<computed> (/home/ubuntu/influx-assistants/node_modules/.pnpm/esbuild@0.27.2/node_modules/esbuild/lib/main.js:603:9)
[2026-03-20T23:13:39.666Z] at handleIncomingPacket (/home/ubuntu/influx-assistants/node_modules/.pnpm/esbuild@0.27.2/node_modules/esbuild/lib/main.js:658:12)
[2026-03-20T23:13:39.667Z] at Socket.readFromStdout (/home/ubuntu/influx-assistants/node_modules/.pnpm/esbuild@0.27.2/node_modules/esbuild/lib/main.js:581:7)
[2026-03-20T23:13:39.667Z] at Socket.emit (node:events:524:28)
[2026-03-20T23:13:39.667Z] at addChunk (node:internal/streams/readable:561:12)
[2026-03-20T23:13:39.667Z] at readableAddChunkPushByteMode (node:internal/streams/readable:512:3)
[2026-03-20T23:13:39.667Z] at Readable.push (node:internal/streams/readable:392:5)
[2026-03-20T23:13:39.667Z] at Pipe.onStreamRead (node:internal/stream_base_commons:189:23)
[2026-03-20T23:13:43.888Z] 7:13:43 PM [vite] (client) hmr update /src/index.css, /src/pages/events/FinishTheLyrics.tsx, /src/pages/events/TongueTwisterChallenge.tsx, /src/pages/events/HotSeatPresenter.tsx, /src/pages/events/HotSeatGame.tsx, /src/pages/events/WhoAmIGame.tsx
[2026-03-20T23:13:46.996Z] [Auth] Missing session cookie
[2026-03-20T23:13:47.184Z] [Auth] Missing session cookie
[2026-03-20T23:13:48.955Z] 7:13:48 PM [vite] (client) hmr update /src/index.css, /src/pages/events/FinishTheLyrics.tsx, /src/pages/events/TongueTwisterChallenge.tsx, /src/pages/events/HotSeatPresenter.tsx, /src/pages/events/HotSeatGame.tsx, /src/pages/events/WhoAmIGame.tsx
[2026-03-20T23:13:52.278Z] [Auth] Missing session cookie
[2026-03-20T23:13:52.562Z] [Auth] Missing session cookie
[2026-03-20T23:14:20.645Z] 7:14:20 PM [vite] (client) hmr update /src/index.css, /src/pages/events/FinishTheLyrics.tsx, /src/pages/events/TongueTwisterChallenge.tsx, /src/pages/events/HotSeatPresenter.tsx, /src/pages/events/HotSeatGame.tsx, /src/pages/events/WhoAmIGame.tsx
[2026-03-20T23:14:20.908Z] 7:14:20 PM [vite] (client) warning: Duplicate key "name" in object literal
[2026-03-20T23:14:20.909Z] 332 |
[2026-03-20T23:14:20.909Z] 333 |    // 🎥 SÉRIES & FILMES — novos
[2026-03-20T23:14:20.910Z] 334 |    { id: "f1", name: "Walter White", name: "Walter White", category: "fiction", categoryLabel: "🎬 Série/Filme", diffi...
[2026-03-20T23:14:20.910Z] |                                      ^
[2026-03-20T23:14:20.910Z] 335 |      hints: ["I'm a fictional character", "I'm a chemistry teacher turned criminal", "My show is called Breaking Bad"] },
[2026-03-20T23:14:20.910Z] 336 |    { id: "f2", name: "Tony Stark", category: "fiction", categoryLabel: "🎬 Série/Filme", difficulty: "easy",
[2026-03-20T23:14:20.910Z] 
[2026-03-20T23:14:20.911Z] Plugin: vite:esbuild
[2026-03-20T23:14:20.911Z] File: /home/ubuntu/influx-assistants/client/src/data/stpatricks/drinking-games.ts
[2026-03-20T23:14:24.795Z] [Auth] Missing session cookie
[2026-03-20T23:14:24.980Z] [Auth] Missing session cookie
[2026-03-20T23:14:26.480Z] 7:14:26 PM [vite] (client) hmr update /src/index.css, /src/pages/events/FinishTheLyrics.tsx, /src/pages/events/TongueTwisterChallenge.tsx, /src/pages/events/HotSeatPresenter.tsx, /src/pages/events/HotSeatGame.tsx, /src/pages/events/WhoAmIGame.tsx
[2026-03-20T23:14:30.025Z] [Auth] Missing session cookie
[2026-03-20T23:14:30.516Z] [Auth] Missing session cookie
[2026-03-20T23:14:41.355Z] 7:14:41 PM [vite] (client) hmr update /src/index.css, /src/pages/events/FinishTheLyrics.tsx, /src/pages/events/TongueTwisterChallenge.tsx, /src/pages/events/HotSeatPresenter.tsx, /src/pages/events/HotSeatGame.tsx, /src/pages/events/WhoAmIGame.tsx
[2026-03-20T23:14:44.304Z] [Auth] Missing session cookie
[2026-03-20T23:14:44.477Z] [Auth] Missing session cookie
[2026-03-20T23:14:51.570Z] 7:14:51 PM [vite] (client) hmr update /src/index.css, /src/pages/events/FinishTheLyrics.tsx, /src/pages/events/TongueTwisterChallenge.tsx, /src/pages/events/HotSeatPresenter.tsx, /src/pages/events/HotSeatGame.tsx, /src/pages/events/WhoAmIGame.tsx
[2026-03-20T23:14:54.531Z] [Auth] Missing session cookie
[2026-03-20T23:14:54.790Z] [Auth] Missing session cookie
[2026-03-20T23:15:27.529Z] 7:15:27 PM [vite] (client) hmr update /src/index.css, /src/pages/events/FinishTheLyrics.tsx, /src/pages/events/TongueTwisterChallenge.tsx, /src/pages/events/HotSeatPresenter.tsx, /src/pages/events/HotSeatGame.tsx, /src/pages/events/WhoAmIGame.tsx
[2026-03-20T23:15:30.758Z] [Auth] Missing session cookie
[2026-03-20T23:15:30.942Z] [Auth] Missing session cookie
[2026-03-20T23:15:33.721Z] 7:15:33 PM [vite] (client) hmr update /src/index.css, /src/pages/events/FinishTheLyrics.tsx, /src/pages/events/TongueTwisterChallenge.tsx, /src/pages/events/HotSeatPresenter.tsx, /src/pages/events/HotSeatGame.tsx, /src/pages/events/WhoAmIGame.tsx
[2026-03-20T23:15:40.608Z] [Auth] Missing session cookie
[2026-03-20T23:15:40.780Z] [Auth] Missing session cookie
[2026-03-20T23:15:42.564Z] Dev server process group stopped
[2026-03-20T23:15:42.567Z] ELIFECYCLE  Command failed.
[2026-03-20T23:15:42.602Z] Dev server exited with code -15
[2026-03-20T23:15:45.608Z] Starting dev server with command: pnpm run dev
[2026-03-20T23:15:46.311Z] 
[2026-03-20T23:15:46.312Z] > influx-personal-tutor@1.1.0 dev /home/ubuntu/influx-assistants
[2026-03-20T23:15:46.312Z] > NODE_ENV=development tsx watch server/_core/index.ts
[2026-03-20T23:15:46.313Z] 
[2026-03-20T23:15:48.412Z] [OAuth] Initialized with baseURL: https://api.manus.im
[2026-03-20T23:15:49.039Z] [DirectLogin] Rota registrada: GET /api/direct-login/:token
[2026-03-20T23:15:49.088Z] Server running on http://localhost:3000/
[2026-03-20T23:15:49.089Z] [Jobs] Inicializando jobs em background...
[2026-03-20T23:15:49.167Z] [DailySync] Job agendado para rodar diariamente às 18:00 (Brasília)
[2026-03-20T23:15:49.168Z] [Jobs] Todos os jobs foram inicializados
[2026-03-20T23:15:50.330Z] [baseline-browser-mapping] The data in this module is over two months old.  To ensure accurate Baseline data, please update: `npm i baseline-browser-mapping@latest -D`
[2026-03-20T23:15:54.471Z] [Auth] Missing session cookie
[2026-03-20T23:15:54.645Z] [Auth] Missing session cookie
[2026-03-21T08:11:21.080Z] [Auth] Missing session cookie
[2026-03-21T08:11:21.383Z] [Auth] Missing session cookie
[2026-03-21T09:26:52.886Z] [Auth] Missing session cookie
[2026-03-21T09:26:53.088Z] [Auth] Missing session cookie
[2026-03-21T09:26:59.079Z] [Auth] Missing session cookie
[2026-03-21T09:26:59.252Z] [Auth] Missing session cookie
[2026-03-21T09:27:04.075Z] [Auth] Missing session cookie
[2026-03-21T09:27:04.313Z] [Auth] Missing session cookie
[2026-03-21T09:27:09.535Z] [Auth] Missing session cookie
[2026-03-21T09:27:09.748Z] [Auth] Missing session cookie
[2026-03-21T09:27:14.601Z] [Auth] Missing session cookie
[2026-03-21T09:27:14.786Z] [Auth] Missing session cookie
[2026-03-21T09:27:19.942Z] [Auth] Missing session cookie
[2026-03-21T09:27:20.194Z] [Auth] Missing session cookie
[2026-03-21T09:27:25.057Z] [Auth] Missing session cookie
[2026-03-21T09:27:25.240Z] [Auth] Missing session cookie
[2026-03-21T09:27:30.290Z] [Auth] Missing session cookie
[2026-03-21T09:27:30.522Z] [Auth] Missing session cookie
[2026-03-21T10:08:10.355Z] 6:08:10 AM [vite] (client) hmr update /src/pages/events/TongueTwisterChallenge.tsx, /src/index.css
[2026-03-21T10:09:18.048Z] 6:09:18 AM [vite] (client) hmr update /src/App.tsx, /src/index.css
[2026-03-21T10:10:11.875Z] 6:10:11 AM [vite] (client) hmr update /src/pages/events/EventHub.tsx, /src/index.css
[2026-03-21T10:13:38.549Z] [Auth] Missing session cookie
[2026-03-21T10:13:38.795Z] [Auth] Missing session cookie
[2026-03-21T10:21:06.118Z] [Auth] Missing session cookie
[2026-03-21T10:21:06.510Z] [Auth] Missing session cookie
[2026-03-21T10:23:04.747Z] 6:23:04 AM [vite] (client) hmr update /src/App.tsx, /src/index.css
[2026-03-21T10:24:31.145Z] [Auth] Missing session cookie
[2026-03-21T10:24:31.355Z] [Auth] Missing session cookie
[2026-03-21T10:25:02.579Z] 6:25:02 AM [vite] (client) hmr update /src/pages/events/FinishTheLyrics.tsx, /src/index.css
[2026-03-21T10:25:08.558Z] [Auth] Missing session cookie
[2026-03-21T10:25:08.957Z] [Auth] Missing session cookie
[2026-03-21T10:29:23.357Z] 6:29:23 AM [tsx] change in ./server/routers/chat.ts Restarting...
[2026-03-21T10:29:26.172Z] c[OAuth] Initialized with baseURL: https://api.manus.im
[2026-03-21T10:29:26.521Z] [DirectLogin] Rota registrada: GET /api/direct-login/:token
[2026-03-21T10:29:27.004Z] Server running on http://localhost:3000/
[2026-03-21T10:29:27.006Z] [Jobs] Inicializando jobs em background...
[2026-03-21T10:29:27.020Z] [DailySync] Job agendado para rodar diariamente às 18:00 (Brasília)
[2026-03-21T10:29:27.021Z] [Jobs] Todos os jobs foram inicializados
[2026-03-21T10:29:29.023Z] [baseline-browser-mapping] The data in this module is over two months old.  To ensure accurate Baseline data, please update: `npm i baseline-browser-mapping@latest -D`
[2026-03-21T10:29:33.845Z] [Auth] Missing session cookie
[2026-03-21T10:29:34.037Z] [Auth] Missing session cookie
[2026-03-21T10:29:35.771Z] 6:29:35 AM [tsx] change in ./server/routers/chat.ts Restarting...
[2026-03-21T10:29:37.060Z] c[OAuth] Initialized with baseURL: https://api.manus.im
[2026-03-21T10:29:37.283Z] [DirectLogin] Rota registrada: GET /api/direct-login/:token
[2026-03-21T10:29:37.319Z] Server running on http://localhost:3000/
[2026-03-21T10:29:37.320Z] [Jobs] Inicializando jobs em background...
[2026-03-21T10:29:37.336Z] [DailySync] Job agendado para rodar diariamente às 18:00 (Brasília)
[2026-03-21T10:29:37.336Z] [Jobs] Todos os jobs foram inicializados
[2026-03-21T10:29:37.783Z] [baseline-browser-mapping] The data in this module is over two months old.  To ensure accurate Baseline data, please update: `npm i baseline-browser-mapping@latest -D`
[2026-03-21T10:29:46.194Z] [Auth] Missing session cookie
[2026-03-21T10:29:46.650Z] [Auth] Missing session cookie
[2026-03-21T10:30:13.705Z] 6:30:13 AM [vite] (client) hmr update /src/pages/Chat.tsx, /src/index.css
[2026-03-21T10:30:29.802Z] [Auth] Missing session cookie
[2026-03-21T10:30:29.993Z] [Auth] Missing session cookie
[2026-03-21T10:31:17.555Z] [Auth] Missing session cookie
[2026-03-21T10:31:17.748Z] [Auth] Missing session cookie
[2026-03-21T10:31:38.123Z] 6:31:38 AM [vite] (client) hmr update /src/App.tsx, /src/index.css
[2026-03-21T10:31:38.987Z] [Auth] Missing session cookie
[2026-03-21T10:31:43.986Z] [Auth] Missing session cookie
[2026-03-21T10:31:44.164Z] [Auth] Missing session cookie
[2026-03-21T10:32:22.011Z] 6:32:22 AM [vite] (client) hmr update /src/pages/events/EventHub.tsx, /src/index.css
[2026-03-21T10:32:28.236Z] [Auth] Missing session cookie
[2026-03-21T10:32:28.426Z] [Auth] Missing session cookie
[2026-03-21T10:38:07.998Z] [Auth] Missing session cookie
[2026-03-21T10:38:08.352Z] [Auth] Missing session cookie
[2026-03-21T10:38:44.112Z] [Auth] Missing session cookie
[2026-03-21T10:38:44.353Z] [Auth] Missing session cookie
[2026-03-21T10:38:53.856Z] [Auth] Missing session cookie
[2026-03-21T10:38:54.038Z] [Auth] Missing session cookie
[2026-03-21T10:39:49.583Z] 6:39:49 AM [vite] (client) hmr update /src/index.css, /src/pages/events/LeaderboardTV.tsx
[2026-03-21T10:39:55.851Z] [Auth] Missing session cookie
[2026-03-21T10:39:56.047Z] [Auth] Missing session cookie
[2026-03-21T10:40:13.596Z] 6:40:13 AM [vite] (client) hmr update /src/App.tsx, /src/index.css
[2026-03-21T10:40:14.448Z] [Auth] Missing session cookie
[2026-03-21T10:40:30.576Z] [Auth] Missing session cookie
[2026-03-21T10:40:30.774Z] [Auth] Missing session cookie
[2026-03-21T10:40:49.438Z] 6:40:49 AM [vite] (client) hmr update /src/pages/events/EventHub.tsx, /src/index.css
[2026-03-21T10:41:58.488Z] [Auth] Missing session cookie
[2026-03-21T10:41:58.903Z] [Auth] Missing session cookie
[2026-03-21T10:43:24.155Z] 6:43:24 AM [vite] (client) hmr update /src/index.css, /src/pages/events/TeacherDashboard.tsx
[2026-03-21T10:43:30.394Z] [Auth] Missing session cookie
[2026-03-21T10:43:31.616Z] [Auth] Missing session cookie
[2026-03-21T10:43:42.577Z] 6:43:42 AM [vite] (client) hmr update /src/index.css, /src/pages/events/TeacherDashboard.tsx
[2026-03-21T10:43:48.447Z] [Auth] Missing session cookie
[2026-03-21T10:43:48.639Z] [Auth] Missing session cookie
[2026-03-21T10:44:40.750Z] 6:44:40 AM [tsx] change in ./server/routers/cultural-events.ts Restarting...
[2026-03-21T10:44:42.359Z] c[OAuth] Initialized with baseURL: https://api.manus.im
[2026-03-21T10:44:42.661Z] [DirectLogin] Rota registrada: GET /api/direct-login/:token
[2026-03-21T10:44:42.707Z] Server running on http://localhost:3000/
[2026-03-21T10:44:42.709Z] [Jobs] Inicializando jobs em background...
[2026-03-21T10:44:42.749Z] [DailySync] Job agendado para rodar diariamente às 18:00 (Brasília)
[2026-03-21T10:44:42.749Z] [Jobs] Todos os jobs foram inicializados
[2026-03-21T10:44:43.546Z] [baseline-browser-mapping] The data in this module is over two months old.  To ensure accurate Baseline data, please update: `npm i baseline-browser-mapping@latest -D`
[2026-03-21T10:44:47.533Z] [Auth] Missing session cookie
[2026-03-21T10:44:47.716Z] [Auth] Missing session cookie
[2026-03-21T10:44:50.329Z] [Auth] Missing session cookie
[2026-03-21T10:44:50.522Z] [Auth] Missing session cookie
[2026-03-21T10:45:26.620Z] 6:45:26 AM [vite] (client) hmr update /src/pages/events/TeacherDashboard.tsx, /src/index.css
[2026-03-21T10:45:32.637Z] [Auth] Missing session cookie
[2026-03-21T10:45:32.872Z] [Auth] Missing session cookie
[2026-03-21T10:45:52.403Z] 6:45:52 AM [vite] (client) hmr update /src/pages/events/TeacherDashboard.tsx, /src/index.css
[2026-03-21T10:45:58.388Z] [Auth] Missing session cookie
[2026-03-21T10:45:58.661Z] [Auth] Missing session cookie
[2026-03-21T10:52:35.651Z] 6:52:35 AM [tsx] change in ./server/routers/cultural-events.ts Restarting...
[2026-03-21T10:52:37.249Z] c[OAuth] Initialized with baseURL: https://api.manus.im
[2026-03-21T10:52:37.616Z] [DirectLogin] Rota registrada: GET /api/direct-login/:token
[2026-03-21T10:52:37.656Z] Server running on http://localhost:3000/
[2026-03-21T10:52:37.657Z] [Jobs] Inicializando jobs em background...
[2026-03-21T10:52:37.684Z] [DailySync] Job agendado para rodar diariamente às 18:00 (Brasília)
[2026-03-21T10:52:37.684Z] [Jobs] Todos os jobs foram inicializados
[2026-03-21T10:53:31.771Z] [baseline-browser-mapping] The data in this module is over two months old.  To ensure accurate Baseline data, please update: `npm i baseline-browser-mapping@latest -D`
[2026-03-21T11:09:37.291Z] 7:09:37 AM [vite] (client) hmr update /src/index.css, /src/pages/events/FinishTheLyrics.tsx, /src/pages/events/WhoAmIGame.tsx, /src/pages/events/TongueTwisterChallenge.tsx, /src/pages/events/HotSeatPresenter.tsx, /src/pages/events/HotSeatGame.tsx
[2026-03-21T11:13:36.393Z] [Auth] Missing session cookie
[2026-03-21T11:13:56.355Z] 7:13:56 AM [vite] (client) hmr update /src/App.tsx, /src/index.css
[2026-03-21T11:14:38.985Z] 7:14:38 AM [vite] (client) hmr update /src/pages/events/EventHub.tsx, /src/index.css
[2026-03-21T12:00:02.513Z] [Auth] Missing session cookie
[2026-03-21T12:00:02.872Z] [Auth] Missing session cookie
[2026-03-21T12:04:55.046Z] 8:04:55 AM [tsx] change in ./server/routers/cultural-events.ts Restarting...
[2026-03-21T12:04:57.193Z] c[OAuth] Initialized with baseURL: https://api.manus.im
[2026-03-21T12:04:57.601Z] [DirectLogin] Rota registrada: GET /api/direct-login/:token
[2026-03-21T12:04:57.658Z] Server running on http://localhost:3000/
[2026-03-21T12:04:57.661Z] [Jobs] Inicializando jobs em background...
[2026-03-21T12:04:57.695Z] [DailySync] Job agendado para rodar diariamente às 18:00 (Brasília)
[2026-03-21T12:04:57.696Z] [Jobs] Todos os jobs foram inicializados
[2026-03-21T12:04:59.618Z] [baseline-browser-mapping] The data in this module is over two months old.  To ensure accurate Baseline data, please update: `npm i baseline-browser-mapping@latest -D`
[2026-03-21T12:05:05.269Z] [Auth] Missing session cookie
[2026-03-21T12:05:05.459Z] [Auth] Missing session cookie
[2026-03-21T12:06:06.906Z] 8:06:06 AM [vite] (client) hmr update /src/pages/events/SpeakingChallenge.tsx, /src/index.css
[2026-03-21T12:06:33.574Z] [Auth] Missing session cookie
[2026-03-21T12:06:33.850Z] [Auth] Missing session cookie
[2026-03-21T12:37:45.159Z] [Auth] Missing session cookie
[2026-03-21T12:37:45.340Z] [Auth] Missing session cookie
[2026-03-21T12:39:25.737Z] 8:39:25 AM [vite] (client) hmr update /src/pages/events/TongueTwisterChallenge.tsx, /src/index.css
[2026-03-21T12:39:34.780Z] [Auth] Missing session cookie
[2026-03-21T12:39:34.989Z] [Auth] Missing session cookie
[2026-03-21T12:42:45.356Z] 8:42:45 AM [vite] (client) hmr update /src/pages/events/TongueTwisterChallenge.tsx, /src/index.css
[2026-03-21T12:43:50.282Z] [Auth] Missing session cookie
[2026-03-21T12:43:50.655Z] [Auth] Missing session cookie
[2026-03-21T12:45:33.627Z] [Auth] Missing session cookie
[2026-03-21T12:45:33.891Z] [Auth] Missing session cookie
[2026-03-21T12:45:43.566Z] 8:45:43 AM [vite] (client) hmr update /src/App.tsx, /src/index.css
[2026-03-21T12:45:45.186Z] [Auth] Missing session cookie
[2026-03-21T12:45:49.455Z] [Auth] Missing session cookie
[2026-03-21T12:45:49.647Z] [Auth] Missing session cookie
[2026-03-21T12:46:08.817Z] 8:46:08 AM [vite] (client) hmr update /src/pages/events/TeacherDashboard.tsx, /src/index.css
[2026-03-21T12:46:27.937Z] [Auth] Missing session cookie
[2026-03-21T12:46:28.470Z] [Auth] Missing session cookie
[2026-03-21T13:02:14.143Z] [Auth] Missing session cookie
[2026-03-21T13:02:14.455Z] [Auth] Missing session cookie
[2026-03-21T13:10:28.186Z] [Auth] Missing session cookie
[2026-03-21T13:10:28.474Z] [Auth] Missing session cookie
[2026-03-21T13:26:26.770Z] 9:26:26 AM [vite] (client) hmr update /src/pages/events/StPatricksIntro.tsx, /src/index.css
[2026-03-21T13:31:41.422Z] [Auth] Missing session cookie
[2026-03-21T13:31:41.671Z] [Auth] Missing session cookie
[2026-03-21T13:39:54.020Z] 9:39:54 AM [vite] (client) hmr update /src/pages/events/EventLanding.tsx, /src/index.css
[2026-03-21T13:40:49.686Z] 9:40:49 AM [vite] (client) hmr update /src/pages/events/EventHub.tsx, /src/index.css
[2026-03-21T17:23:26.445Z] 1:23:26 PM [vite] (client) hmr update /src/pages/events/StPatricksIntro.tsx, /src/index.css
[2026-03-21T17:24:50.504Z] 1:24:50 PM [vite] (client) hmr update /src/pages/events/StPatricksIntro.tsx, /src/index.css
[2026-03-21T17:25:06.025Z] 1:25:06 PM [vite] (client) hmr update /src/pages/events/StPatricksIntro.tsx, /src/index.css
[2026-03-21T17:25:15.431Z] 1:25:15 PM [vite] (client) hmr update /src/pages/events/StPatricksIntro.tsx, /src/index.css
[2026-03-21T17:25:33.906Z] 1:25:33 PM [vite] (client) hmr update /src/pages/events/StPatricksIntro.tsx, /src/index.css
[2026-03-21T22:57:38.999Z] 6:57:38 PM [vite] (client) hmr update /src/pages/events/StPatricksIntro.tsx, /src/index.css
[2026-03-21T22:57:48.605Z] 6:57:48 PM [vite] (client) hmr update /src/pages/events/StPatricksIntro.tsx, /src/index.css
[2026-03-21T22:57:58.033Z] 6:57:58 PM [vite] (client) hmr update /src/pages/events/StPatricksIntro.tsx, /src/index.css
[2026-03-21T22:58:07.223Z] 6:58:07 PM [vite] (client) hmr update /src/pages/events/StPatricksIntro.tsx, /src/index.css
[2026-03-21T22:58:32.512Z] 6:58:32 PM [vite] (client) hmr update /src/App.tsx, /src/index.css
[2026-03-21T22:59:17.541Z] 6:59:17 PM [vite] (client) hmr update /src/pages/events/TeacherDashboard.tsx, /src/index.css
[2026-03-21T22:59:41.936Z] 6:59:41 PM [vite] (client) hmr update /src/pages/events/TeacherDashboard.tsx, /src/index.css
[2026-03-23T12:35:16.428Z] [2026-03-23T12:35:15.890Z] [PID: 237407] [32m[NODE-CRON][32m [33m[WARN][0m missed execution at Sun Mar 22 2026 17:00:00 GMT-0400 (Eastern Daylight Time)! Possible blocking IO or high CPU user at the same process used by node-cron.
[2026-03-23T13:41:02.371Z] 9:41:02 AM [vite] (client) hmr update /src/index.css, /src/components/InfluxHeader.tsx
[2026-03-23T13:41:39.710Z] 9:41:39 AM [vite] (client) hmr update /src/pages/Home.tsx, /src/index.css
[2026-03-23T13:42:48.017Z] 9:42:48 AM [vite] (client) hmr update /src/pages/StudentDashboard.tsx, /src/index.css
[2026-03-23T13:43:07.248Z] 9:43:07 AM [vite] (client) hmr update /src/pages/StudentDashboard.tsx, /src/index.css
[2026-03-23T13:43:42.671Z] 9:43:42 AM [vite] (client) hmr update /src/index.css, /src/components/OnboardingTutorial.tsx
[2026-03-23T13:44:20.751Z] 9:44:20 AM [vite] (client) hmr update /src/pages/Chat.tsx, /src/index.css
[2026-03-23T13:44:43.429Z] 9:44:43 AM [vite] (client) hmr update /src/index.css, /src/components/MeuTutorTab.tsx
[2026-03-23T13:44:55.027Z] 9:44:55 AM [vite] (client) hmr update /src/index.css, /src/components/BadgesDisplay.tsx
[2026-03-23T13:45:06.932Z] 9:45:06 AM [vite] (client) hmr update /src/index.css, /src/components/MyFavoriteTips.tsx
[2026-03-23T13:45:44.270Z] 9:45:44 AM [vite] (client) hmr update /src/pages/Login.tsx, /src/index.css
[2026-03-23T15:57:26.646Z] [Auth] Missing session cookie
[2026-03-23T15:57:26.962Z] [Auth] Missing session cookie
[2026-03-23T15:57:29.543Z] [Auth] Missing session cookie
[2026-03-23T15:57:30.105Z] [Auth] Missing session cookie
[2026-03-23T16:19:56.347Z] Dev server process group stopped
[2026-03-23T16:19:58.349Z] Dev server process group force killed
[2026-03-23T16:19:58.609Z] Dev server exited with code -15
[2026-03-23T16:19:59.394Z] Starting dev server with command: pnpm run dev
[2026-03-23T16:20:00.526Z] 
[2026-03-23T16:20:00.526Z] > influx-personal-tutor@1.1.0 dev /home/ubuntu/influx-assistants
[2026-03-23T16:20:00.527Z] > NODE_ENV=development tsx watch server/_core/index.ts
[2026-03-23T16:20:00.527Z] 
[2026-03-23T16:20:04.388Z] [OAuth] Initialized with baseURL: https://api.manus.im
[2026-03-23T16:20:05.098Z] [DirectLogin] Rota registrada: GET /api/direct-login/:token
[2026-03-23T16:20:05.354Z] Server running on http://localhost:3000/
[2026-03-23T16:20:05.355Z] [Jobs] Inicializando jobs em background...
[2026-03-23T16:20:05.480Z] [DailySync] Job agendado para rodar diariamente às 18:00 (Brasília)
[2026-03-23T16:20:05.480Z] [Jobs] Todos os jobs foram inicializados
[2026-03-23T16:20:07.215Z] [baseline-browser-mapping] The data in this module is over two months old.  To ensure accurate Baseline data, please update: `npm i baseline-browser-mapping@latest -D`
[2026-03-23T16:20:38.894Z] 12:20:38 PM [tsx] change in ./server/_core/textToSpeech.ts Restarting...
[2026-03-23T16:20:40.415Z] c[OAuth] Initialized with baseURL: https://api.manus.im
[2026-03-23T16:20:40.655Z] [DirectLogin] Rota registrada: GET /api/direct-login/:token
[2026-03-23T16:20:40.702Z] Server running on http://localhost:3000/
[2026-03-23T16:20:40.703Z] [Jobs] Inicializando jobs em background...
[2026-03-23T16:20:40.719Z] [DailySync] Job agendado para rodar diariamente às 18:00 (Brasília)
[2026-03-23T16:20:40.720Z] [Jobs] Todos os jobs foram inicializados
[2026-03-23T16:20:46.246Z] [baseline-browser-mapping] The data in this module is over two months old.  To ensure accurate Baseline data, please update: `npm i baseline-browser-mapping@latest -D`
[2026-03-23T16:21:02.244Z] 12:21:02 PM [tsx] change in ./server/routers/tts.ts Restarting...
[2026-03-23T16:21:03.765Z] c[OAuth] Initialized with baseURL: https://api.manus.im
[2026-03-23T16:21:04.007Z] [DirectLogin] Rota registrada: GET /api/direct-login/:token
[2026-03-23T16:21:04.048Z] Server running on http://localhost:3000/
[2026-03-23T16:21:04.049Z] [Jobs] Inicializando jobs em background...
[2026-03-23T16:21:04.064Z] [DailySync] Job agendado para rodar diariamente às 18:00 (Brasília)
[2026-03-23T16:21:04.065Z] [Jobs] Todos os jobs foram inicializados
[2026-03-23T16:21:09.580Z] [baseline-browser-mapping] The data in this module is over two months old.  To ensure accurate Baseline data, please update: `npm i baseline-browser-mapping@latest -D`
[2026-03-23T16:21:44.353Z] 12:21:44 PM [tsx] change in ./server/_core/textToSpeech.ts Restarting...
[2026-03-23T16:21:46.533Z] c[OAuth] Initialized with baseURL: https://api.manus.im
[2026-03-23T16:21:46.906Z] [DirectLogin] Rota registrada: GET /api/direct-login/:token
[2026-03-23T16:21:46.952Z] Server running on http://localhost:3000/
[2026-03-23T16:21:46.952Z] [Jobs] Inicializando jobs em background...
[2026-03-23T16:21:47.002Z] [DailySync] Job agendado para rodar diariamente às 18:00 (Brasília)
[2026-03-23T16:21:47.003Z] [Jobs] Todos os jobs foram inicializados
[2026-03-23T16:21:51.936Z] [baseline-browser-mapping] The data in this module is over two months old.  To ensure accurate Baseline data, please update: `npm i baseline-browser-mapping@latest -D`
[2026-03-23T16:22:46.243Z] 12:22:46 PM [tsx] change in ./server/_core/textToSpeech.ts Restarting...
[2026-03-23T16:22:48.104Z] c[OAuth] Initialized with baseURL: https://api.manus.im
[2026-03-23T16:22:48.457Z] [DirectLogin] Rota registrada: GET /api/direct-login/:token
[2026-03-23T16:22:48.501Z] Server running on http://localhost:3000/
[2026-03-23T16:22:48.502Z] [Jobs] Inicializando jobs em background...
[2026-03-23T16:22:48.533Z] [DailySync] Job agendado para rodar diariamente às 18:00 (Brasília)
[2026-03-23T16:22:48.534Z] [Jobs] Todos os jobs foram inicializados
[2026-03-23T16:22:53.753Z] [baseline-browser-mapping] The data in this module is over two months old.  To ensure accurate Baseline data, please update: `npm i baseline-browser-mapping@latest -D`
[2026-03-23T16:27:01.217Z] [Auth] Missing session cookie
[2026-03-23T16:27:01.417Z] [Auth] Missing session cookie
[2026-03-23T16:29:45.429Z] [Auth] Missing session cookie
[2026-03-23T16:29:45.629Z] [Auth] Missing session cookie
[2026-03-23T16:30:31.071Z] [Auth] Missing session cookie
[2026-03-23T16:30:31.291Z] [Auth] Missing session cookie
[2026-03-23T16:31:11.741Z] 12:31:11 PM [vite] (client) hmr update /src/pages/StudentDashboard.tsx, /src/index.css
[2026-03-23T16:31:21.284Z] [Auth] Missing session cookie
[2026-03-23T16:31:21.480Z] [Auth] Missing session cookie
[2026-03-23T16:40:12.949Z] [Auth] Missing session cookie
[2026-03-23T16:40:13.196Z] [Auth] Missing session cookie
[2026-03-23T16:57:45.410Z] [Auth] Missing session cookie
[2026-03-23T16:57:45.628Z] [Auth] Missing session cookie
[2026-03-23T17:05:47.985Z] [Auth] Missing session cookie
[2026-03-23T17:05:48.344Z] [Auth] Missing session cookie
[2026-03-23T17:05:51.461Z] [Auth] Missing session cookie
[2026-03-23T17:05:51.647Z] [Auth] Missing session cookie
[2026-03-23T17:15:53.913Z] [Auth] Missing session cookie
[2026-03-23T17:15:54.115Z] [Auth] Missing session cookie
[2026-03-23T17:22:04.502Z] [Auth] Missing session cookie
[2026-03-23T17:22:04.744Z] [Auth] Missing session cookie
[2026-03-23T17:30:36.078Z] [Auth] Missing session cookie
[2026-03-23T17:30:36.277Z] [Auth] Missing session cookie
[2026-03-23T17:35:08.725Z] [Auth] Missing session cookie
[2026-03-23T17:35:08.952Z] [Auth] Missing session cookie
[2026-03-23T17:37:26.452Z] [Auth] Missing session cookie
[2026-03-23T17:37:26.784Z] [Auth] Missing session cookie
[2026-03-23T17:37:34.790Z] [Auth] Missing session cookie
[2026-03-23T17:37:34.986Z] [Auth] Missing session cookie
[2026-03-23T17:37:38.484Z] [Auth] Missing session cookie
[2026-03-23T17:37:39.674Z] [Auth] Missing session cookie
[2026-03-23T17:37:41.985Z] [Auth] Missing session cookie
[2026-03-23T17:37:46.192Z] [Auth] Missing session cookie
[2026-03-23T17:56:43.181Z] [Auth] Missing session cookie
[2026-03-23T17:56:43.445Z] [Auth] Missing session cookie
[2026-03-23T18:01:04.214Z] [Auth] Missing session cookie
[2026-03-23T18:01:04.424Z] [Auth] Missing session cookie
[2026-03-23T18:04:16.475Z] [Auth] Missing session cookie
[2026-03-23T18:04:16.958Z] [Auth] Missing session cookie
[2026-03-23T18:06:13.932Z] [Auth] Missing session cookie
[2026-03-23T18:06:14.127Z] [Auth] Missing session cookie
[2026-03-23T18:12:33.370Z] [Auth] Missing session cookie
[2026-03-23T18:12:33.567Z] [Auth] Missing session cookie
[2026-03-23T21:59:49.699Z] [Auth] Missing session cookie
[2026-03-23T21:59:49.908Z] [Auth] Missing session cookie
[2026-03-23T22:00:02.978Z] [Auth] Missing session cookie
[2026-03-23T22:00:03.346Z] [Auth] Missing session cookie
[2026-03-23T23:30:24.515Z] [Auth] Missing session cookie
[2026-03-23T23:30:24.725Z] [Auth] Missing session cookie
[2026-03-23T23:30:27.964Z] [Auth] Missing session cookie
[2026-03-23T23:30:28.155Z] [Auth] Missing session cookie
[2026-03-23T23:50:20.423Z] [Auth] Missing session cookie
[2026-03-23T23:50:20.645Z] [Auth] Missing session cookie
[2026-03-23T23:50:23.903Z] [Auth] Missing session cookie
[2026-03-23T23:50:24.107Z] [Auth] Missing session cookie
[2026-03-24T00:02:33.536Z] [Auth] Missing session cookie
[2026-03-24T00:02:33.769Z] [Auth] Missing session cookie
[2026-03-28T23:50:18.784Z] [2026-03-28T23:50:18.342Z] [PID: 269751] [32m[NODE-CRON][32m [33m[WARN][0m missed execution at Tue Mar 24 2026 17:00:00 GMT-0400 (Eastern Daylight Time)! Possible blocking IO or high CPU user at the same process used by node-cron.
[2026-03-28T23:50:18.785Z] [2026-03-28T23:50:18.781Z] [PID: 269751] [32m[NODE-CRON][32m [33m[WARN][0m missed execution at Wed Mar 25 2026 17:00:00 GMT-0400 (Eastern Daylight Time)! Possible blocking IO or high CPU user at the same process used by node-cron.
[2026-03-28T23:50:18.785Z] [2026-03-28T23:50:18.784Z] [PID: 269751] [32m[NODE-CRON][32m [33m[WARN][0m missed execution at Thu Mar 26 2026 17:00:00 GMT-0400 (Eastern Daylight Time)! Possible blocking IO or high CPU user at the same process used by node-cron.
[2026-03-28T23:50:18.786Z] [2026-03-28T23:50:18.786Z] [PID: 269751] [32m[NODE-CRON][32m [33m[WARN][0m missed execution at Fri Mar 27 2026 17:00:00 GMT-0400 (Eastern Daylight Time)! Possible blocking IO or high CPU user at the same process used by node-cron.
[2026-03-28T23:50:18.788Z] [2026-03-28T23:50:18.788Z] [PID: 269751] [32m[NODE-CRON][32m [33m[WARN][0m missed execution at Sat Mar 28 2026 17:00:00 GMT-0400 (Eastern Daylight Time)! Possible blocking IO or high CPU user at the same process used by node-cron.
[2026-03-31T18:37:15.652Z] [2026-03-31T18:37:15.644Z] [PID: 269751] [32m[NODE-CRON][32m [33m[WARN][0m missed execution at Sun Mar 29 2026 17:00:00 GMT-0400 (Eastern Daylight Time)! Possible blocking IO or high CPU user at the same process used by node-cron.
[2026-03-31T18:37:15.962Z] [2026-03-31T18:37:15.961Z] [PID: 269751] [32m[NODE-CRON][32m [33m[WARN][0m missed execution at Mon Mar 30 2026 17:00:00 GMT-0400 (Eastern Daylight Time)! Possible blocking IO or high CPU user at the same process used by node-cron.
[2026-03-31T18:37:30.116Z] Dev server process group stopped
[2026-03-31T18:37:33.155Z] Starting dev server with command: pnpm run dev
[2026-03-31T18:37:33.848Z] 
[2026-03-31T18:37:33.849Z] > influx-personal-tutor@1.1.0 dev /home/ubuntu/influx-assistants
[2026-03-31T18:37:33.849Z] > NODE_ENV=development tsx watch server/_core/index.ts
[2026-03-31T18:37:33.849Z] 
[2026-03-31T18:37:36.417Z] [OAuth] Initialized with baseURL: https://api.manus.im
[2026-03-31T18:37:36.953Z] [DirectLogin] Rota registrada: GET /api/direct-login/:token
[2026-03-31T18:37:37.731Z] Server running on http://localhost:3000/
[2026-03-31T18:37:37.733Z] [Jobs] Inicializando jobs em background...
[2026-03-31T18:37:37.757Z] [DailySync] Job agendado para rodar diariamente às 18:00 (Brasília)
[2026-03-31T18:37:37.758Z] [Jobs] Todos os jobs foram inicializados
[2026-03-31T18:37:39.623Z] [baseline-browser-mapping] The data in this module is over two months old.  To ensure accurate Baseline data, please update: `npm i baseline-browser-mapping@latest -D`
[2026-03-31T21:00:00.010Z] [DailySync] Executando sincronização agendada...
[2026-03-31T21:00:00.010Z] [DailySync] Iniciando sincronização com Dashboard Central...
[2026-03-31T21:00:00.507Z] [DailySync] Encontrados 3078 alunos no Dashboard Central
[2026-03-31T21:00:24.705Z] [WelcomeEmail] Email preparado para Letícia Andreia Pereira (leticiaandreiapereira@gmail.com)
[2026-03-31T21:00:24.706Z] [DailySync] ✓ Criado usuário para Letícia Andreia Pereira
[2026-03-31T21:00:24.707Z] [DailySync] ✅ Sincronização concluída: 1 criados, 423 atualizados, 0 erros
[2026-04-02T13:39:16.729Z] [2026-04-02T13:39:16.596Z] [PID: 291369] [32m[NODE-CRON][32m [33m[WARN][0m missed execution at Wed Apr 01 2026 17:00:00 GMT-0400 (Eastern Daylight Time)! Possible blocking IO or high CPU user at the same process used by node-cron.
[2026-04-02T13:39:21.467Z] [Auth] Missing session cookie
[2026-04-02T13:39:21.690Z] [Auth] Missing session cookie
[2026-04-02T13:42:11.334Z] Dev server process group stopped
[2026-04-02T13:42:11.338Z] ELIFECYCLE  Command failed.
[2026-04-02T13:42:11.364Z] Dev server exited with code -15
[2026-04-02T13:42:14.364Z] Starting dev server with command: pnpm run dev
[2026-04-02T13:42:15.776Z] 
[2026-04-02T13:42:15.777Z] > influx-personal-tutor@1.1.0 dev /home/ubuntu/influx-assistants
[2026-04-02T13:42:15.777Z] > NODE_ENV=development tsx watch server/_core/index.ts
[2026-04-02T13:42:15.778Z] 
[2026-04-02T13:42:17.358Z] [OAuth] Initialized with baseURL: https://api.manus.im
[2026-04-02T13:42:17.710Z] [DirectLogin] Rota registrada: GET /api/direct-login/:token
[2026-04-02T13:42:17.753Z] Server running on http://localhost:3000/
[2026-04-02T13:42:17.754Z] [Jobs] Inicializando jobs em background...
[2026-04-02T13:42:17.773Z] [DailySync] Job agendado para rodar diariamente às 18:00 (Brasília)
[2026-04-02T13:42:17.774Z] [Jobs] Todos os jobs foram inicializados
[2026-04-02T13:42:18.954Z] [baseline-browser-mapping] The data in this module is over two months old.  To ensure accurate Baseline data, please update: `npm i baseline-browser-mapping@latest -D`
[2026-04-05T02:49:59.328Z] [Auth] Missing session cookie
[2026-04-05T02:49:59.605Z] [Auth] Missing session cookie
[2026-04-05T02:50:01.858Z] [Auth] Missing session cookie
[2026-04-05T02:50:02.075Z] [Auth] Missing session cookie
[2026-04-05T03:06:00.588Z] [Auth] Missing session cookie
[2026-04-05T03:06:00.778Z] [Auth] Missing session cookie
[2026-04-05T03:06:03.523Z] [Auth] Missing session cookie
[2026-04-05T03:06:03.696Z] [Auth] Missing session cookie
[2026-04-05T04:24:10.985Z] [Auth] Missing session cookie
[2026-04-05T04:24:11.184Z] [Auth] Missing session cookie
[2026-04-07T20:02:08.260Z] [2026-04-07T20:02:08.031Z] [PID: 301388] [32m[NODE-CRON][32m [33m[WARN][0m missed execution at Sun Apr 05 2026 17:00:00 GMT-0400 (Eastern Daylight Time)! Possible blocking IO or high CPU user at the same process used by node-cron.
[2026-04-07T20:02:08.260Z] [2026-04-07T20:02:08.258Z] [PID: 301388] [32m[NODE-CRON][32m [33m[WARN][0m missed execution at Mon Apr 06 2026 17:00:00 GMT-0400 (Eastern Daylight Time)! Possible blocking IO or high CPU user at the same process used by node-cron.
[2026-04-07T20:02:14.140Z] [Auth] Missing session cookie
[2026-04-07T20:02:14.335Z] [Auth] Missing session cookie
[2026-04-07T20:02:17.146Z] [Auth] Missing session cookie
[2026-04-07T20:02:17.446Z] [Auth] Missing session cookie
[2026-04-07T20:22:19.522Z] [Auth] Missing session cookie
[2026-04-07T20:22:19.703Z] [Auth] Missing session cookie
[2026-04-07T20:35:33.090Z] [Auth] Missing session cookie
[2026-04-07T20:35:33.366Z] [Auth] Missing session cookie
[2026-04-07T20:55:55.187Z] [Auth] Missing session cookie
[2026-04-07T20:55:55.381Z] [Auth] Missing session cookie
[2026-04-07T21:00:00.008Z] [DailySync] Executando sincronização agendada...
[2026-04-07T21:00:00.009Z] [DailySync] Iniciando sincronização com Dashboard Central...
[2026-04-07T21:00:01.735Z] [DailySync] Encontrados 3078 alunos no Dashboard Central
[2026-04-07T21:00:25.311Z] [DailySync] ✅ Sincronização concluída: 0 criados, 426 atualizados, 0 erros
[2026-04-07T21:05:28.432Z] [Auth] Missing session cookie
[2026-04-07T21:05:28.648Z] [Auth] Missing session cookie
[2026-04-07T21:06:02.074Z] 5:06:02 PM [vite] (client) page reload index.html
[2026-04-07T21:06:02.117Z] 5:06:02 PM [vite] (client) hmr update /src/index.css
[2026-04-07T21:06:02.119Z] 5:06:02 PM [vite] (client) hmr update /src/App.tsx, /src/pages/AdminDashboard.tsx, /src/pages/Home.tsx, /src/pages/StudentDashboard.tsx, /src/pages/EditProfile.tsx, /src/pages/Chat.tsx, /src/pages/StudentProfileEditPage.tsx, /src/pages/ImportStudentDataPage.tsx, /src/pages/BadgesPage.tsx, /src/components/InfluxHeader.tsx, /src/components/LessonPractice.tsx, /src/components/ReadingClubFeed.tsx, /src/index.css
[2026-04-07T21:06:02.120Z] 5:06:02 PM [vite] (client) hmr update /src/index.css, /src/components/AllBooksProgress.tsx
[2026-04-07T21:06:02.121Z] 5:06:02 PM [vite] (client) hmr update /src/index.css, /src/components/AudioRecorder.tsx
[2026-04-07T21:06:02.123Z] 5:06:02 PM [vite] (client) hmr update /src/index.css, /src/components/BoogeymanExperience.tsx
[2026-04-07T21:06:02.124Z] 5:06:02 PM [vite] (client) hmr update /src/index.css, /src/components/BoogeymanPhotoGallery.tsx
[2026-04-07T21:06:02.125Z] 5:06:02 PM [vite] (client) hmr update /src/index.css, /src/components/CreateTiagoUser.tsx
[2026-04-07T21:06:02.125Z] 5:06:02 PM [vite] (client) hmr update /src/index.css, /src/components/CrossAnalysisView.tsx
[2026-04-07T21:06:02.126Z] 5:06:02 PM [vite] (client) hmr update /src/index.css
[2026-04-07T21:06:02.126Z] 5:06:02 PM [vite] (client) hmr update /src/components/ErrorBoundary.tsx, /src/index.css
[2026-04-07T21:06:02.126Z] 5:06:02 PM [vite] (client) hmr update /src/index.css
[2026-04-07T21:06:02.127Z] 5:06:02 PM [vite] (client) hmr update /src/index.css
[2026-04-07T21:06:02.127Z] 5:06:02 PM [vite] (client) hmr update /src/index.css
[2026-04-07T21:06:02.127Z] 5:06:02 PM [vite] (client) hmr update /src/index.css
[2026-04-07T21:06:02.128Z] 5:06:02 PM [vite] (client) hmr update /src/index.css, /src/components/RecommendedTipsSection.tsx
[2026-04-07T21:06:02.128Z] 5:06:02 PM [vite] (client) hmr update /src/index.css, /src/components/SimulationReport.tsx
[2026-04-07T21:06:02.128Z] 5:06:02 PM [vite] (client) hmr update /src/index.css
[2026-04-07T21:06:02.129Z] 5:06:02 PM [vite] (client) hmr update /src/index.css, /src/components/SponteDataSection.tsx
[2026-04-07T21:06:02.129Z] 5:06:02 PM [vite] (client) hmr update /src/index.css
[2026-04-07T21:06:02.129Z] 5:06:02 PM [vite] (client) hmr update /src/index.css
[2026-04-07T21:06:02.129Z] 5:06:02 PM [vite] (client) hmr update /src/index.css
[2026-04-07T21:06:02.129Z] 5:06:02 PM [vite] (client) hmr update /src/index.css, /src/components/VacationCertificate.tsx
[2026-04-07T21:06:02.130Z] 5:06:02 PM [vite] (client) hmr update /src/index.css, /src/components/VoiceChat.tsx
[2026-04-07T21:06:02.130Z] 5:06:02 PM [vite] (client) hmr update /src/index.css, /src/components/events/CharacterBubble.tsx
[2026-04-07T21:06:02.130Z] 5:06:02 PM [vite] (client) hmr update /src/index.css, /src/components/events/EventUI.tsx
[2026-04-07T21:06:02.130Z] 5:06:02 PM [vite] (client) hmr update /src/index.css, /src/components/events/FlipCard.tsx
[2026-04-07T21:06:02.130Z] 5:06:02 PM [vite] (client) hmr update /src/index.css, /src/components/events/LevelSelector.tsx
[2026-04-07T21:06:02.130Z] 5:06:02 PM [vite] (client) hmr update /src/index.css
[2026-04-07T21:06:02.130Z] 5:06:02 PM [vite] (client) hmr update /src/index.css
[2026-04-07T21:06:02.131Z] 5:06:02 PM [vite] (client) hmr update /src/index.css, /src/components/ui/alert.tsx
[2026-04-07T21:06:02.131Z] 5:06:02 PM [vite] (client) hmr update /src/index.css
[2026-04-07T21:06:02.131Z] 5:06:02 PM [vite] (client) hmr update /src/index.css, /src/components/ui/avatar.tsx
[2026-04-07T21:06:02.131Z] 5:06:02 PM [vite] (client) hmr update /src/index.css, /src/components/ui/badge.tsx
[2026-04-07T21:06:02.131Z] 5:06:02 PM [vite] (client) hmr update /src/index.css
[2026-04-07T21:06:02.131Z] 5:06:02 PM [vite] (client) hmr update /src/index.css
[2026-04-07T21:06:02.131Z] 5:06:02 PM [vite] (client) hmr update /src/index.css, /src/components/ui/button.tsx
[2026-04-07T21:06:02.131Z] 5:06:02 PM [vite] (client) hmr update /src/index.css
[2026-04-07T21:06:02.132Z] 5:06:02 PM [vite] (client) hmr update /src/index.css, /src/components/ui/card.tsx
[2026-04-07T21:06:02.132Z] 5:06:02 PM [vite] (client) hmr update /src/index.css
[2026-04-07T21:06:02.132Z] 5:06:02 PM [vite] (client) hmr update /src/index.css
[2026-04-07T21:06:02.132Z] 5:06:02 PM [vite] (client) hmr update /src/index.css, /src/components/ui/checkbox.tsx
[2026-04-07T21:06:02.132Z] 5:06:02 PM [vite] (client) hmr update /src/index.css
[2026-04-07T21:06:02.133Z] 5:06:02 PM [vite] (client) hmr update /src/index.css
[2026-04-07T21:06:02.133Z] 5:06:02 PM [vite] (client) hmr update /src/index.css
[2026-04-07T21:06:02.134Z] 5:06:02 PM [vite] (client) hmr update /src/index.css, /src/components/ui/dialog.tsx
[2026-04-07T21:06:02.136Z] 5:06:02 PM [vite] (client) hmr update /src/index.css
[2026-04-07T21:06:02.138Z] 5:06:02 PM [vite] (client) hmr update /src/index.css, /src/components/ui/dropdown-menu.tsx
[2026-04-07T21:06:02.138Z] 5:06:02 PM [vite] (client) hmr update /src/index.css
[2026-04-07T21:06:02.139Z] 5:06:02 PM [vite] (client) hmr update /src/index.css
[2026-04-07T21:06:02.139Z] 5:06:02 PM [vite] (client) hmr update /src/index.css
[2026-04-07T21:06:02.140Z] 5:06:02 PM [vite] (client) hmr update /src/index.css
[2026-04-07T21:06:02.140Z] 5:06:02 PM [vite] (client) hmr update /src/index.css
[2026-04-07T21:06:02.141Z] 5:06:02 PM [vite] (client) hmr update /src/index.css
[2026-04-07T21:06:02.141Z] 5:06:02 PM [vite] (client) hmr update /src/index.css, /src/components/ui/input.tsx
[2026-04-07T21:06:02.142Z] 5:06:02 PM [vite] (client) hmr update /src/index.css
[2026-04-07T21:06:02.143Z] 5:06:02 PM [vite] (client) hmr update /src/index.css
[2026-04-07T21:06:02.145Z] 5:06:02 PM [vite] (client) hmr update /src/index.css, /src/components/ui/label.tsx
[2026-04-07T21:06:02.145Z] 5:06:02 PM [vite] (client) hmr update /src/index.css
[2026-04-07T21:06:02.145Z] 5:06:02 PM [vite] (client) hmr update /src/index.css
[2026-04-07T21:06:02.146Z] 5:06:02 PM [vite] (client) hmr update /src/index.css
[2026-04-07T21:06:02.146Z] 5:06:02 PM [vite] (client) hmr update /src/index.css
[2026-04-07T21:06:02.147Z] 5:06:02 PM [vite] (client) hmr update /src/index.css, /src/components/ui/progress.tsx
[2026-04-07T21:06:02.148Z] 5:06:02 PM [vite] (client) hmr update /src/index.css
[2026-04-07T21:06:02.148Z] 5:06:02 PM [vite] (client) hmr update /src/index.css
[2026-04-07T21:06:02.149Z] 5:06:02 PM [vite] (client) hmr update /src/index.css, /src/components/ui/scroll-area.tsx
[2026-04-07T21:06:02.151Z] 5:06:02 PM [vite] (client) hmr update /src/index.css, /src/components/ui/select.tsx
[2026-04-07T21:06:02.152Z] 5:06:02 PM [vite] (client) hmr update /src/index.css
[2026-04-07T21:06:02.154Z] 5:06:02 PM [vite] (client) hmr update /src/index.css
[2026-04-07T21:06:02.156Z] 5:06:02 PM [vite] (client) hmr update /src/index.css
[2026-04-07T21:06:02.157Z] 5:06:02 PM [vite] (client) hmr update /src/index.css
[2026-04-07T21:06:02.158Z] 5:06:02 PM [vite] (client) hmr update /src/index.css
[2026-04-07T21:06:02.159Z] 5:06:02 PM [vite] (client) hmr update /src/components/ui/sonner.tsx, /src/index.css
[2026-04-07T21:06:02.160Z] 5:06:02 PM [vite] (client) hmr update /src/index.css
[2026-04-07T21:06:02.160Z] 5:06:02 PM [vite] (client) hmr update /src/index.css, /src/components/ui/switch.tsx
[2026-04-07T21:06:02.161Z] 5:06:02 PM [vite] (client) hmr update /src/index.css
[2026-04-07T21:06:02.161Z] 5:06:02 PM [vite] (client) hmr update /src/index.css, /src/components/ui/tabs.tsx
[2026-04-07T21:06:02.161Z] 5:06:02 PM [vite] (client) hmr update /src/index.css, /src/components/ui/textarea.tsx
[2026-04-07T21:06:02.161Z] 5:06:02 PM [vite] (client) hmr update /src/index.css
[2026-04-07T21:06:02.162Z] 5:06:02 PM [vite] (client) hmr update /src/index.css
[2026-04-07T21:06:02.162Z] 5:06:02 PM [vite] (client) hmr update /src/components/ui/tooltip.tsx, /src/index.css
[2026-04-07T21:06:02.162Z] 5:06:02 PM [vite] (client) hmr update /src/index.css, /src/components/vacation-plus-2/AnimationScriptCard.tsx
[2026-04-07T21:06:02.162Z] 5:06:02 PM [vite] (client) hmr update /src/index.css, /src/components/vacation-plus-2/AnimationScriptsTab.tsx
[2026-04-07T21:06:02.162Z] 5:06:02 PM [vite] (client) hmr update /src/index.css, /src/components/vacation-plus-2/BadgeDisplay.tsx
[2026-04-07T21:06:02.162Z] 5:06:02 PM [vite] (client) hmr update /src/index.css, /src/components/vacation-plus-2/ChunkCard.tsx
[2026-04-07T21:06:02.163Z] 5:06:02 PM [vite] (client) hmr update /src/index.css, /src/components/vacation-plus-2/CulturalFactCard.tsx
[2026-04-07T21:06:02.163Z] 5:06:02 PM [vite] (client) hmr update /src/index.css, /src/components/vacation-plus-2/LessonExpandedContent.tsx
[2026-04-07T21:06:02.163Z] 5:06:02 PM [vite] (client) hmr update /src/index.css, /src/components/vacation-plus-2/RealEnglishTab.tsx
[2026-04-07T21:06:02.164Z] 5:06:02 PM [vite] (client) hmr update /src/index.css, /src/components/vacation-plus-2/TouristSpotCard.tsx
[2026-04-07T21:06:02.164Z] 5:06:02 PM [vite] (client) hmr update /src/index.css
[2026-04-07T21:06:02.164Z] 5:06:02 PM [vite] (client) hmr update /src/index.css, /src/components/vacation-plus-2/VideoQuiz.tsx
[2026-04-07T21:06:02.164Z] 5:06:02 PM [vite] (client) page reload src/const.ts
[2026-04-07T21:06:02.164Z] 5:06:02 PM [vite] (client) hmr update /src/contexts/ThemeContext.tsx, /src/index.css
[2026-04-07T21:06:02.164Z] 5:06:02 PM [vite] (client) page reload src/data/animation-scripts.ts
[2026-04-07T21:06:02.165Z] 5:06:02 PM [vite] (client) page reload src/data/vacation-plus-2-expanded.ts
[2026-04-07T21:06:02.165Z] 5:06:02 PM [vite] (client) page reload src/data/vacation-plus-2-quizzes.ts
[2026-04-07T21:06:02.165Z] 5:06:02 PM [vite] (client) page reload src/data/vacation-plus-2-real-english.ts
[2026-04-07T21:06:02.165Z] 5:06:02 PM [vite] (client) page reload src/data/stpatricks/chunks.ts
[2026-04-07T21:06:02.165Z] 5:06:02 PM [vite] (client) page reload src/data/stpatricks/drinking-games.ts
[2026-04-07T21:06:02.165Z] 5:06:02 PM [vite] (client) page reload src/data/stpatricks/quiz.ts
[2026-04-07T21:06:02.165Z] 5:06:02 PM [vite] (client) page reload src/data/stpatricks/listening.ts
[2026-04-07T21:06:02.165Z] 5:06:02 PM [vite] (client) page reload src/data/stpatricks/speaking.ts
[2026-04-07T21:06:02.166Z] 5:06:02 PM [vite] (client) page reload src/hooks/useComposition.ts
[2026-04-07T21:06:02.166Z] 5:06:02 PM [vite] (client) hmr update /src/index.css
[2026-04-07T21:06:02.166Z] 5:06:02 PM [vite] (client) page reload src/hooks/usePersistFn.ts
[2026-04-07T21:06:02.166Z] 5:06:02 PM [vite] (client) hmr update /src/index.css
[2026-04-07T21:06:02.166Z] 5:06:02 PM [vite] (client) hmr update /src/index.css, /src/pages/StudentDashboard.tsx
[2026-04-07T21:06:02.166Z] 5:06:02 PM [vite] (client) page reload src/lib/trpc.ts
[2026-04-07T21:06:02.167Z] 5:06:02 PM [vite] (client) hmr update /src/index.css, /src/components/NotificationBadge.tsx, /src/components/OnboardingTutorial.tsx
[2026-04-07T21:06:02.167Z] 5:06:02 PM [vite] (client) hmr update /src/pages/AdminNotifications.tsx, /src/index.css
[2026-04-07T21:06:02.167Z] 5:06:02 PM [vite] (client) hmr update /src/pages/BlogTips.tsx, /src/index.css
[2026-04-07T21:06:02.167Z] 5:06:02 PM [vite] (client) hmr update /src/index.css
[2026-04-07T21:06:02.167Z] 5:06:02 PM [vite] (client) hmr update /src/pages/Exercises.tsx, /src/index.css
[2026-04-07T21:06:02.167Z] 5:06:02 PM [vite] (client) hmr update /src/pages/GeminiChat.tsx, /src/index.css
[2026-04-07T21:06:02.167Z] 5:06:02 PM [vite] (client) hmr update /src/pages/GeminiStrategicAnalysis.tsx, /src/index.css
[2026-04-07T21:06:02.168Z] 5:06:02 PM [vite] (client) hmr update /src/pages/GeminiSuggestions.tsx, /src/index.css
[2026-04-07T21:06:02.168Z] 5:06:02 PM [vite] (client) hmr update /src/index.css
[2026-04-07T21:06:02.168Z] 5:06:02 PM [vite] (client) hmr update /src/pages/MaterialUploadPage.tsx, /src/index.css
[2026-04-07T21:06:02.168Z] 5:06:02 PM [vite] (client) hmr update /src/pages/NotFound.tsx, /src/index.css
[2026-04-07T21:06:02.169Z] 5:06:02 PM [vite] (client) hmr update /src/pages/PersonalizedLinksManager.tsx, /src/index.css
[2026-04-07T21:06:02.169Z] 5:06:02 PM [vite] (client) hmr update /src/pages/SituationSimulator.tsx, /src/index.css
[2026-04-07T21:06:02.169Z] 5:06:02 PM [vite] (client) hmr update /src/pages/StudentCrossAnalysisPage.tsx, /src/index.css
[2026-04-07T21:06:02.169Z] 5:06:02 PM [vite] (client) hmr update /src/pages/StudentProfile.tsx, /src/index.css
[2026-04-07T21:06:02.170Z] 5:06:02 PM [vite] (client) hmr update /src/index.css
[2026-04-07T21:06:02.170Z] 5:06:02 PM [vite] (client) hmr update /src/pages/TestLogin.tsx, /src/index.css
[2026-04-07T21:06:02.170Z] 5:06:02 PM [vite] (client) hmr update /src/pages/VoiceChatPage.tsx, /src/index.css
[2026-04-07T21:06:02.170Z] 5:06:02 PM [vite] (client) hmr update /src/pages/events/ChunkLesson.tsx, /src/index.css
[2026-04-07T21:06:02.170Z] 5:06:02 PM [vite] (client) hmr update /src/pages/events/ChunkListening.tsx, /src/index.css
[2026-04-07T21:06:02.171Z] 5:06:02 PM [vite] (client) hmr update /src/pages/events/ClosingCeremony.tsx, /src/index.css
[2026-04-07T21:06:02.171Z] 5:06:02 PM [vite] (client) hmr update /src/pages/events/CultureQuiz.tsx, /src/index.css
[2026-04-07T21:06:02.171Z] 5:06:02 PM [vite] (client) hmr update /src/pages/events/EventHub.tsx, /src/index.css
[2026-04-07T21:06:02.171Z] 5:06:02 PM [vite] (client) hmr update /src/pages/events/EventLanding.tsx, /src/index.css
[2026-04-07T21:06:02.171Z] 5:06:02 PM [vite] (client) hmr update /src/pages/events/EventRegister.tsx, /src/index.css
[2026-04-07T21:06:02.172Z] 5:06:02 PM [vite] (client) hmr update /src/pages/events/EventScore.tsx, /src/index.css
[2026-04-07T21:06:02.172Z] 5:06:02 PM [vite] (client) hmr update /src/pages/events/EventWelcome.tsx, /src/index.css
[2026-04-07T21:06:02.172Z] 5:06:02 PM [vite] (client) hmr update /src/pages/events/FinishTheLyrics.tsx, /src/index.css
[2026-04-07T21:06:02.172Z] 5:06:02 PM [vite] (client) hmr update /src/pages/events/FoodChallenge.tsx, /src/index.css
[2026-04-07T21:06:02.172Z] 5:06:02 PM [vite] (client) hmr update /src/pages/events/HotSeatGame.tsx, /src/index.css
[2026-04-07T21:06:02.173Z] 5:06:02 PM [vite] (client) hmr update /src/pages/events/HotSeatPresenter.tsx, /src/index.css
[2026-04-07T21:06:02.173Z] 5:06:02 PM [vite] (client) hmr update /src/pages/events/KidsHub.tsx, /src/index.css
[2026-04-07T21:06:02.173Z] 5:06:02 PM [vite] (client) hmr update /src/pages/events/KidsSingAlong.tsx, /src/index.css
[2026-04-07T21:06:02.173Z] 5:06:02 PM [vite] (client) hmr update /src/pages/events/KidsTongueTwister.tsx, /src/index.css
[2026-04-07T21:06:02.173Z] 5:06:02 PM [vite] (client) hmr update /src/pages/events/KidsWhoAmI.tsx, /src/index.css
[2026-04-07T21:06:02.173Z] 5:06:02 PM [vite] (client) hmr update /src/pages/events/Leaderboard.tsx, /src/index.css
[2026-04-07T21:06:02.173Z] 5:06:02 PM [vite] (client) hmr update /src/pages/events/LeaderboardTV.tsx, /src/index.css
[2026-04-07T21:06:02.174Z] 5:06:02 PM [vite] (client) hmr update /src/pages/events/ReceptionTV.tsx, /src/index.css
[2026-04-07T21:06:02.174Z] 5:06:02 PM [vite] (client) hmr update /src/pages/events/SpeakingChallenge.tsx, /src/index.css
[2026-04-07T21:06:02.174Z] 5:06:02 PM [vite] (client) hmr update /src/pages/events/StPatricksIntro.tsx, /src/index.css
[2026-04-07T21:06:02.174Z] 5:06:02 PM [vite] (client) hmr update /src/pages/events/StPatricksIntroKids.tsx, /src/index.css
[2026-04-07T21:06:02.175Z] 5:06:02 PM [vite] (client) hmr update /src/pages/events/StPatricksIntroTV.tsx, /src/index.css
[2026-04-07T21:06:02.178Z] 5:06:02 PM [vite] (client) hmr update /src/pages/events/TeacherDashboard.tsx, /src/index.css
[2026-04-07T21:06:02.178Z] 5:06:02 PM [vite] (client) hmr update /src/pages/events/TongueTwisterChallenge.tsx, /src/index.css
[2026-04-07T21:06:02.178Z] 5:06:02 PM [vite] (client) hmr update /src/pages/events/WelcomeScreen.tsx, /src/index.css
[2026-04-07T21:06:02.178Z] 5:06:02 PM [vite] (client) hmr update /src/pages/events/WhoAmIGame.tsx, /src/index.css
[2026-04-07T21:06:02.179Z] 5:06:02 PM [vite] (client) hmr update /src/index.css
[2026-04-07T21:06:02.207Z] 5:06:02 PM [vite] Internal server error: Can't resolve './styles/animations.css' in '/home/ubuntu/influx-assistants/client/src'
[2026-04-07T21:06:02.208Z] Plugin: @tailwindcss/vite:generate:serve
[2026-04-07T21:06:02.209Z] File: /home/ubuntu/influx-assistants/client/src/index.css
[2026-04-07T21:06:02.209Z] at finishWithoutResolve (/home/ubuntu/influx-assistants/node_modules/.pnpm/enhanced-resolve@5.18.3/node_modules/enhanced-resolve/lib/Resolver.js:565:18)
[2026-04-07T21:06:02.210Z] at /home/ubuntu/influx-assistants/node_modules/.pnpm/enhanced-resolve@5.18.3/node_modules/enhanced-resolve/lib/Resolver.js:657:14
[2026-04-07T21:06:02.210Z] at /home/ubuntu/influx-assistants/node_modules/.pnpm/enhanced-resolve@5.18.3/node_modules/enhanced-resolve/lib/Resolver.js:718:5
[2026-04-07T21:06:02.210Z] at eval (eval at create (/home/ubuntu/influx-assistants/node_modules/.pnpm/tapable@2.3.0/node_modules/tapable/lib/HookCodeFactory.js:31:10), <anonymous>:15:1)
[2026-04-07T21:06:02.210Z] at /home/ubuntu/influx-assistants/node_modules/.pnpm/enhanced-resolve@5.18.3/node_modules/enhanced-resolve/lib/Resolver.js:718:5
[2026-04-07T21:06:02.210Z] at eval (eval at create (/home/ubuntu/influx-assistants/node_modules/.pnpm/tapable@2.3.0/node_modules/tapable/lib/HookCodeFactory.js:31:10), <anonymous>:27:1)
[2026-04-07T21:06:02.210Z] at /home/ubuntu/influx-assistants/node_modules/.pnpm/enhanced-resolve@5.18.3/node_modules/enhanced-resolve/lib/DescriptionFilePlugin.js:89:43
[2026-04-07T21:06:02.211Z] at /home/ubuntu/influx-assistants/node_modules/.pnpm/enhanced-resolve@5.18.3/node_modules/enhanced-resolve/lib/Resolver.js:718:5
[2026-04-07T21:06:02.211Z] at eval (eval at create (/home/ubuntu/influx-assistants/node_modules/.pnpm/tapable@2.3.0/node_modules/tapable/lib/HookCodeFactory.js:31:10), <anonymous>:15:1)
[2026-04-07T21:06:02.213Z] at /home/ubuntu/influx-assistants/node_modules/.pnpm/enhanced-resolve@5.18.3/node_modules/enhanced-resolve/lib/Resolver.js:718:5
[2026-04-07T21:06:02.213Z] at eval (eval at create (/home/ubuntu/influx-assistants/node_modules/.pnpm/tapable@2.3.0/node_modules/tapable/lib/HookCodeFactory.js:31:10), <anonymous>:15:1)
[2026-04-07T21:06:02.214Z] at /home/ubuntu/influx-assistants/node_modules/.pnpm/enhanced-resolve@5.18.3/node_modules/enhanced-resolve/lib/Resolver.js:718:5
[2026-04-07T21:06:02.221Z] at eval (eval at create (/home/ubuntu/influx-assistants/node_modules/.pnpm/tapable@2.3.0/node_modules/tapable/lib/HookCodeFactory.js:31:10), <anonymous>:16:1)
[2026-04-07T21:06:02.222Z] at /home/ubuntu/influx-assistants/node_modules/.pnpm/enhanced-resolve@5.18.3/node_modules/enhanced-resolve/lib/Resolver.js:718:5
[2026-04-07T21:06:02.222Z] at eval (eval at create (/home/ubuntu/influx-assistants/node_modules/.pnpm/tapable@2.3.0/node_modules/tapable/lib/HookCodeFactory.js:31:10), <anonymous>:27:1)
[2026-04-07T21:06:02.223Z] at /home/ubuntu/influx-assistants/node_modules/.pnpm/enhanced-resolve@5.18.3/node_modules/enhanced-resolve/lib/DescriptionFilePlugin.js:89:43
[2026-04-07T21:06:02.224Z] at /home/ubuntu/influx-assistants/node_modules/.pnpm/enhanced-resolve@5.18.3/node_modules/enhanced-resolve/lib/Resolver.js:718:5
[2026-04-07T21:06:02.224Z] at eval (eval at create (/home/ubuntu/influx-assistants/node_modules/.pnpm/tapable@2.3.0/node_modules/tapable/lib/HookCodeFactory.js:31:10), <anonymous>:16:1)
[2026-04-07T21:06:02.225Z] at /home/ubuntu/influx-assistants/node_modules/.pnpm/enhanced-resolve@5.18.3/node_modules/enhanced-resolve/lib/Resolver.js:718:5
[2026-04-07T21:06:02.226Z] at eval (eval at create (/home/ubuntu/influx-assistants/node_modules/.pnpm/tapable@2.3.0/node_modules/tapable/lib/HookCodeFactory.js:31:10), <anonymous>:15:1)
[2026-04-07T21:06:02.227Z] at /home/ubuntu/influx-assistants/node_modules/.pnpm/enhanced-resolve@5.18.3/node_modules/enhanced-resolve/lib/DirectoryExistsPlugin.js:43:15
[2026-04-07T21:06:02.227Z] at SyncAsyncFileSystemDecorator.stat (/home/ubuntu/influx-assistants/node_modules/.pnpm/enhanced-resolve@5.18.3/node_modules/enhanced-resolve/lib/SyncAsyncFileSystemDecorator.js:66:34)
[2026-04-07T21:06:02.228Z] at /home/ubuntu/influx-assistants/node_modules/.pnpm/enhanced-resolve@5.18.3/node_modules/enhanced-resolve/lib/DirectoryExistsPlugin.js:35:9
[2026-04-07T21:06:02.228Z] at Hook.eval [as callAsync] (eval at create (/home/ubuntu/influx-assistants/node_modules/.pnpm/tapable@2.3.0/node_modules/tapable/lib/HookCodeFactory.js:31:10), <anonymous>:7:1)
[2026-04-07T21:06:02.229Z] at Resolver.doResolve (/home/ubuntu/influx-assistants/node_modules/.pnpm/enhanced-resolve@5.18.3/node_modules/enhanced-resolve/lib/Resolver.js:715:16)
[2026-04-07T21:06:02.229Z] at /home/ubuntu/influx-assistants/node_modules/.pnpm/enhanced-resolve@5.18.3/node_modules/enhanced-resolve/lib/ConditionalPlugin.js:42:14
[2026-04-07T21:06:02.229Z] at _next0 (eval at create (/home/ubuntu/influx-assistants/node_modules/.pnpm/tapable@2.3.0/node_modules/tapable/lib/HookCodeFactory.js:31:10), <anonymous>:8:1)
[2026-04-07T21:06:02.230Z] at eval (eval at create (/home/ubuntu/influx-assistants/node_modules/.pnpm/tapable@2.3.0/node_modules/tapable/lib/HookCodeFactory.js:31:10), <anonymous>:30:1)
[2026-04-07T21:06:02.231Z] at /home/ubuntu/influx-assistants/node_modules/.pnpm/enhanced-resolve@5.18.3/node_modules/enhanced-resolve/lib/Resolver.js:718:5
[2026-04-07T21:06:02.232Z] at eval (eval at create (/home/ubuntu/influx-assistants/node_modules/.pnpm/tapable@2.3.0/node_modules/tapable/lib/HookCodeFactory.js:31:10), <anonymous>:16:1)
[2026-04-07T21:06:02.233Z] at /home/ubuntu/influx-assistants/node_modules/.pnpm/enhanced-resolve@5.18.3/node_modules/enhanced-resolve/lib/Resolver.js:718:5
[2026-04-07T21:06:02.234Z] at eval (eval at create (/home/ubuntu/influx-assistants/node_modules/.pnpm/tapable@2.3.0/node_modules/tapable/lib/HookCodeFactory.js:31:10), <anonymous>:15:1)
[2026-04-07T21:06:02.234Z] at /home/ubuntu/influx-assistants/node_modules/.pnpm/enhanced-resolve@5.18.3/node_modules/enhanced-resolve/lib/Resolver.js:718:5
[2026-04-07T21:06:02.235Z] at eval (eval at create (/home/ubuntu/influx-assistants/node_modules/.pnpm/tapable@2.3.0/node_modules/tapable/lib/HookCodeFactory.js:31:10), <anonymous>:15:1)
[2026-04-07T21:06:02.238Z] at /home/ubuntu/influx-assistants/node_modules/.pnpm/enhanced-resolve@5.18.3/node_modules/enhanced-resolve/lib/FileExistsPlugin.js:39:14
[2026-04-07T21:06:02.238Z] at SyncAsyncFileSystemDecorator.stat (/home/ubuntu/influx-assistants/node_modules/.pnpm/enhanced-resolve@5.18.3/node_modules/enhanced-resolve/lib/SyncAsyncFileSystemDecorator.js:66:34)
[2026-04-07T21:06:02.239Z] at /home/ubuntu/influx-assistants/node_modules/.pnpm/enhanced-resolve@5.18.3/node_modules/enhanced-resolve/lib/FileExistsPlugin.js:33:8
[2026-04-07T21:06:02.239Z] at Hook.eval [as callAsync] (eval at create (/home/ubuntu/influx-assistants/node_modules/.pnpm/tapable@2.3.0/node_modules/tapable/lib/HookCodeFactory.js:31:10), <anonymous>:7:1)
[2026-04-07T21:06:02.239Z] at Resolver.doResolve (/home/ubuntu/influx-assistants/node_modules/.pnpm/enhanced-resolve@5.18.3/node_modules/enhanced-resolve/lib/Resolver.js:715:16)
[2026-04-07T21:06:02.239Z] at /home/ubuntu/influx-assistants/node_modules/.pnpm/enhanced-resolve@5.18.3/node_modules/enhanced-resolve/lib/NextPlugin.js:30:14
[2026-04-07T21:06:02.240Z] at Hook.eval [as callAsync] (eval at create (/home/ubuntu/influx-assistants/node_modules/.pnpm/tapable@2.3.0/node_modules/tapable/lib/HookCodeFactory.js:31:10), <anonymous>:7:1)
[2026-04-07T21:06:02.240Z] at Resolver.doResolve (/home/ubuntu/influx-assistants/node_modules/.pnpm/enhanced-resolve@5.18.3/node_modules/enhanced-resolve/lib/Resolver.js:715:16)
[2026-04-07T21:06:02.240Z] at /home/ubuntu/influx-assistants/node_modules/.pnpm/enhanced-resolve@5.18.3/node_modules/enhanced-resolve/lib/AppendPlugin.js:40:14
[2026-04-07T21:06:02.241Z] at _next1 (eval at create (/home/ubuntu/influx-assistants/node_modules/.pnpm/tapable@2.3.0/node_modules/tapable/lib/HookCodeFactory.js:31:10), <anonymous>:8:1)
[2026-04-07T21:06:02.241Z] at eval (eval at create (/home/ubuntu/influx-assistants/node_modules/.pnpm/tapable@2.3.0/node_modules/tapable/lib/HookCodeFactory.js:31:10), <anonymous>:31:1)
[2026-04-07T21:06:02.241Z] at /home/ubuntu/influx-assistants/node_modules/.pnpm/enhanced-resolve@5.18.3/node_modules/enhanced-resolve/lib/Resolver.js:718:5
[2026-04-07T21:06:02.242Z] at eval (eval at create (/home/ubuntu/influx-assistants/node_modules/.pnpm/tapable@2.3.0/node_modules/tapable/lib/HookCodeFactory.js:31:10), <anonymous>:15:1)
[2026-04-07T21:06:02.242Z] at /home/ubuntu/influx-assistants/node_modules/.pnpm/enhanced-resolve@5.18.3/node_modules/enhanced-resolve/lib/Resolver.js:718:5
[2026-04-07T21:06:02.242Z] at eval (eval at create (/home/ubuntu/influx-assistants/node_modules/.pnpm/tapable@2.3.0/node_modules/tapable/lib/HookCodeFactory.js:31:10), <anonymous>:15:1)
[2026-04-07T21:06:02.243Z] at /home/ubuntu/influx-assistants/node_modules/.pnpm/enhanced-resolve@5.18.3/node_modules/enhanced-resolve/lib/FileExistsPlugin.js:39:14
[2026-04-07T21:06:02.357Z] 5:06:02 PM [tsx] unlink in ./shared/_core/errors.ts Restarting...
[2026-04-07T21:06:02.558Z] c
[2026-04-07T21:06:02.559Z] node:internal/modules/run_main:122
[2026-04-07T21:06:02.560Z] triggerUncaughtException(
[2026-04-07T21:06:02.560Z] ^
[2026-04-07T21:06:02.560Z] Error [ERR_MODULE_NOT_FOUND]: Cannot find module '/home/ubuntu/influx-assistants/server/_core/index.ts' imported from /home/ubuntu/influx-assistants/
[2026-04-07T21:06:02.561Z] at finalizeResolution (node:internal/modules/esm/resolve:275:11)
[2026-04-07T21:06:02.561Z] at moduleResolve (node:internal/modules/esm/resolve:932:10)
[2026-04-07T21:06:02.561Z] at defaultResolve (node:internal/modules/esm/resolve:1056:11)
[2026-04-07T21:06:02.561Z] at nextResolve (node:internal/modules/esm/hooks:748:28)
[2026-04-07T21:06:02.562Z] at resolveBase (file:///home/ubuntu/influx-assistants/node_modules/.pnpm/tsx@4.20.6/node_modules/tsx/dist/esm/index.mjs?1775595962472:2:3744)
[2026-04-07T21:06:02.562Z] at resolveDirectory (file:///home/ubuntu/influx-assistants/node_modules/.pnpm/tsx@4.20.6/node_modules/tsx/dist/esm/index.mjs?1775595962472:2:4243)
[2026-04-07T21:06:02.562Z] at resolveTsPaths (file:///home/ubuntu/influx-assistants/node_modules/.pnpm/tsx@4.20.6/node_modules/tsx/dist/esm/index.mjs?1775595962472:2:4984)
[2026-04-07T21:06:02.563Z] at resolve (file:///home/ubuntu/influx-assistants/node_modules/.pnpm/tsx@4.20.6/node_modules/tsx/dist/esm/index.mjs?1775595962472:2:5361)
[2026-04-07T21:06:02.563Z] at nextResolve (node:internal/modules/esm/hooks:748:28)
[2026-04-07T21:06:02.563Z] at Hooks.resolve (node:internal/modules/esm/hooks:240:30) {
[2026-04-07T21:06:02.564Z] code: 'ERR_MODULE_NOT_FOUND',
[2026-04-07T21:06:02.564Z] url: 'file:///home/ubuntu/influx-assistants/server/_core/index.ts'
[2026-04-07T21:06:02.564Z] }
[2026-04-07T21:06:02.565Z] 
[2026-04-07T21:06:02.565Z] Node.js v22.13.0
[2026-04-07T21:06:03.176Z] 5:06:03 PM [tsx] change in ./server/routers.ts Rerunning...
[2026-04-07T21:06:03.199Z] cnode:internal/modules/package_json_reader:111
[2026-04-07T21:06:03.200Z] const result = modulesBinding.getNearestParentPackageJSON(checkPath);
[2026-04-07T21:06:03.200Z] ^
[2026-04-07T21:06:03.200Z] 
[2026-04-07T21:06:03.200Z] Error: Invalid package config /home/ubuntu/influx-assistants/package.json.
[2026-04-07T21:06:03.201Z] at Object.getNearestParentPackageJSON (node:internal/modules/package_json_reader:111:33)
[2026-04-07T21:06:03.201Z] at trySelf (node:internal/modules/cjs/loader:589:33)
[2026-04-07T21:06:03.201Z] at Function._resolveFilename (node:internal/modules/cjs/loader:1221:24)
[2026-04-07T21:06:03.201Z] at Function._load (node:internal/modules/cjs/loader:1070:27)
[2026-04-07T21:06:03.201Z] at TracingChannel.traceSync (node:diagnostics_channel:322:14)
[2026-04-07T21:06:03.202Z] at wrapModuleLoad (node:internal/modules/cjs/loader:217:24)
[2026-04-07T21:06:03.202Z] at Module.require (node:internal/modules/cjs/loader:1335:12)
[2026-04-07T21:06:03.202Z] at node:internal/modules/cjs/loader:1834:12
[2026-04-07T21:06:03.202Z] at loadPreloadModules (node:internal/process/pre_execution:726:5)
[2026-04-07T21:06:03.202Z] at setupUserModules (node:internal/process/pre_execution:206:5) {
[2026-04-07T21:06:03.202Z] code: 'ERR_INVALID_PACKAGE_CONFIG'
[2026-04-07T21:06:03.203Z] }
[2026-04-07T21:06:03.203Z] 
[2026-04-07T21:06:03.203Z] Node.js v22.13.0
[2026-05-04T15:54:56.632Z] Starting dev server with command: pnpm run dev
[2026-05-04T15:54:57.168Z] 
[2026-05-04T15:54:57.169Z] > influx-personal-tutor@1.1.0 dev /home/ubuntu/influx-assistants
[2026-05-04T15:54:57.169Z] > NODE_ENV=development tsx watch server/_core/index.ts
[2026-05-04T15:54:57.169Z] 
[2026-05-04T15:54:57.172Z] sh: 1: tsx: not found
[2026-05-04T15:54:57.176Z] ELIFECYCLE  Command failed.
[2026-05-04T15:54:57.198Z] Dev server exited with code 1
[2026-05-04T16:18:16.639Z] Starting dev server with command: pnpm run dev
[2026-05-04T16:18:17.321Z] 
[2026-05-04T16:18:17.321Z] > influx-personal-tutor@1.1.0 dev /home/ubuntu/influx-assistants
[2026-05-04T16:18:17.321Z] > NODE_ENV=development tsx watch server/_core/index.ts
[2026-05-04T16:18:17.322Z] 
[2026-05-04T16:18:19.138Z] [OAuth] Initialized with baseURL: https://api.manus.im
[2026-05-04T16:18:19.508Z] [DirectLogin] Rota registrada: GET /api/direct-login/:token
[2026-05-04T16:18:19.585Z] Server running on http://localhost:3000/
[2026-05-04T16:18:19.586Z] [Jobs] Inicializando jobs em background...
[2026-05-04T16:18:19.696Z] [DailySync] Job agendado para rodar diariamente às 18:00
[2026-05-04T16:18:19.697Z] [WhatsAppNotif] ✅ Jobs agendados: 09:00 (milestones) + 18:00 (study reminders)
[2026-05-04T16:18:19.697Z] [Jobs] Todos os jobs foram inicializados
[2026-05-04T16:22:53.635Z] 12:22:53 PM [vite] (client) hmr update /src/App.tsx, /src/index.css
[2026-05-04T16:23:40.621Z] 12:23:40 PM [vite] (client) hmr update /src/index.css, /src/pages/ValentinesRestaurant.tsx
[2026-05-04T16:24:13.512Z] 12:24:13 PM [vite] (client) hmr update /src/index.css, /src/pages/ValentinesRestaurant.tsx
[2026-05-04T16:24:29.404Z] 12:24:29 PM [vite] (client) hmr update /src/index.css, /src/pages/ValentinesRestaurant.tsx
[2026-05-04T16:24:56.153Z] [Auth] Missing session cookie
[2026-05-04T16:24:56.332Z] [Auth] Missing session cookie
[2026-05-04T16:24:58.447Z] [Auth] Missing session cookie
[2026-05-04T16:24:58.670Z] [Auth] Missing session cookie
[2026-05-04T16:25:01.153Z] [Auth] Missing session cookie
[2026-05-04T16:25:01.322Z] [Auth] Missing session cookie
[2026-05-04T16:28:05.835Z] [Auth] Missing session cookie
[2026-05-04T16:28:06.013Z] [Auth] Missing session cookie
[2026-05-04T16:28:08.347Z] [Auth] Missing session cookie
[2026-05-04T16:28:08.518Z] [Auth] Missing session cookie
[2026-05-04T16:30:06.160Z] [Auth] Missing session cookie
[2026-05-04T16:30:06.331Z] [Auth] Missing session cookie
[2026-05-04T16:30:08.605Z] [Auth] Missing session cookie
[2026-05-04T16:30:08.775Z] [Auth] Missing session cookie
[2026-05-04T16:30:11.934Z] 12:30:11 PM [tsx] change in ./server/_core/index.ts Restarting...
[2026-05-04T16:30:13.485Z] c[OAuth] Initialized with baseURL: https://api.manus.im
[2026-05-04T16:30:13.787Z] [DirectLogin] Rota registrada: GET /api/direct-login/:token
[2026-05-04T16:30:13.828Z] Server running on http://localhost:3000/
[2026-05-04T16:30:13.828Z] [Jobs] Inicializando jobs em background...
[2026-05-04T16:30:13.844Z] [DailySync] Job agendado para rodar diariamente às 18:00
[2026-05-04T16:30:13.844Z] [WhatsAppNotif] ✅ Jobs agendados: 09:00 (milestones) + 18:00 (study reminders)
[2026-05-04T16:30:13.845Z] [Jobs] Todos os jobs foram inicializados
[2026-05-04T16:30:21.256Z] [Auth] Missing session cookie
[2026-05-04T16:30:21.462Z] [Auth] Missing session cookie
[2026-05-04T16:31:29.823Z] 12:31:29 PM [vite] (client) hmr update /src/index.css, /src/components/MyFavoriteTips.tsx
[2026-05-04T16:31:29.829Z] 12:31:29 PM [vite] (client) hmr update /src/index.css, /src/components/TiagoPersonalizedTabs.tsx
[2026-05-04T16:31:29.839Z] 12:31:29 PM [vite] (client) hmr update /src/index.css, /src/components/tutor/ElieCompanion.tsx
[2026-05-04T16:31:29.841Z] 12:31:29 PM [vite] (client) hmr update /src/index.css, /src/components/vacation-plus-2/CulturalFactCard.tsx
[2026-05-04T16:31:29.895Z] 12:31:29 PM [vite] (client) hmr update /src/pages/StudentSplash.tsx, /src/index.css
[2026-05-04T16:31:32.218Z] [Auth] Missing session cookie
[2026-05-04T16:31:32.443Z] [Auth] Missing session cookie
[2026-05-04T16:31:40.410Z] Dev server process group stopped
[2026-05-04T16:31:40.413Z] ELIFECYCLE  Command failed.
[2026-05-04T16:31:40.441Z] Dev server exited with code -15
[2026-05-04T16:31:43.444Z] Starting dev server with command: pnpm run dev
[2026-05-04T16:31:44.032Z] 
[2026-05-04T16:31:44.033Z] > influx-personal-tutor@1.1.0 dev /home/ubuntu/influx-assistants
[2026-05-04T16:31:44.033Z] > NODE_ENV=development tsx watch server/_core/index.ts
[2026-05-04T16:31:44.034Z] 
[2026-05-04T16:31:45.547Z] [OAuth] Initialized with baseURL: https://api.manus.im
[2026-05-04T16:31:45.728Z] [DirectLogin] Rota registrada: GET /api/direct-login/:token
[2026-05-04T16:31:45.767Z] Server running on http://localhost:3000/
[2026-05-04T16:31:45.768Z] [Jobs] Inicializando jobs em background...
[2026-05-04T16:31:45.783Z] [DailySync] Job agendado para rodar diariamente às 18:00
[2026-05-04T16:31:45.784Z] [WhatsAppNotif] ✅ Jobs agendados: 09:00 (milestones) + 18:00 (study reminders)
[2026-05-04T16:31:45.784Z] [Jobs] Todos os jobs foram inicializados
[2026-05-04T16:38:31.025Z] [Auth] Missing session cookie
[2026-05-04T16:38:33.835Z] [Auth] Missing session cookie
[2026-05-04T16:38:34.023Z] [Auth] Missing session cookie
[2026-05-04T16:41:03.289Z] [Auth] Missing session cookie
[2026-05-04T16:41:03.587Z] [Auth] Missing session cookie
[2026-05-04T16:41:06.457Z] [Auth] Missing session cookie
[2026-05-04T16:41:06.717Z] [Auth] Missing session cookie
[2026-05-04T16:44:26.802Z] [Auth] Missing session cookie
[2026-05-04T16:44:26.983Z] [Auth] Missing session cookie
[2026-05-04T16:44:30.178Z] [Auth] Missing session cookie
[2026-05-04T16:44:30.974Z] [Auth] Missing session cookie
[2026-05-04T16:45:08.679Z] [Auth] Missing session cookie
[2026-05-04T16:45:08.951Z] [Auth] Missing session cookie
[2026-05-04T16:45:10.195Z] 12:45:10 PM [tsx] change in ./server/routers.ts Restarting...
[2026-05-04T16:45:12.272Z] c[OAuth] Initialized with baseURL: https://api.manus.im
[2026-05-04T16:45:12.578Z] [DirectLogin] Rota registrada: GET /api/direct-login/:token
[2026-05-04T16:45:12.634Z] Server running on http://localhost:3000/
[2026-05-04T16:45:12.634Z] [Jobs] Inicializando jobs em background...
[2026-05-04T16:45:12.653Z] [DailySync] Job agendado para rodar diariamente às 18:00
[2026-05-04T16:45:12.654Z] [WhatsAppNotif] ✅ Jobs agendados: 09:00 (milestones) + 18:00 (study reminders)
[2026-05-04T16:45:12.655Z] [Jobs] Todos os jobs foram inicializados
[2026-05-04T16:45:18.471Z] [Auth] Missing session cookie
[2026-05-04T16:45:18.648Z] [Auth] Missing session cookie
[2026-05-04T16:45:23.147Z] [Auth] Missing session cookie
[2026-05-04T16:45:23.319Z] [Auth] Missing session cookie
[2026-05-04T16:46:42.686Z] 12:46:42 PM [vite] (client) hmr update /src/pages/ValentinesRestaurant.tsx, /src/index.css
[2026-05-04T16:46:46.242Z] [Auth] Missing session cookie
[2026-05-04T16:46:46.457Z] [Auth] Missing session cookie
[2026-05-04T16:46:47.607Z] Dev server process group stopped
[2026-05-04T16:46:47.610Z] ELIFECYCLE  Command failed.
[2026-05-04T16:46:47.645Z] Dev server exited with code -15
[2026-05-04T16:46:50.648Z] Starting dev server with command: pnpm run dev
[2026-05-04T16:46:51.331Z] 
[2026-05-04T16:46:51.331Z] > influx-personal-tutor@1.1.0 dev /home/ubuntu/influx-assistants
[2026-05-04T16:46:51.332Z] > NODE_ENV=development tsx watch server/_core/index.ts
[2026-05-04T16:46:51.332Z] 
[2026-05-04T16:46:52.915Z] [OAuth] Initialized with baseURL: https://api.manus.im
[2026-05-04T16:46:53.113Z] [DirectLogin] Rota registrada: GET /api/direct-login/:token
[2026-05-04T16:46:53.157Z] Server running on http://localhost:3000/
[2026-05-04T16:46:53.158Z] [Jobs] Inicializando jobs em background...
[2026-05-04T16:46:53.174Z] [DailySync] Job agendado para rodar diariamente às 18:00
[2026-05-04T16:46:53.174Z] [WhatsAppNotif] ✅ Jobs agendados: 09:00 (milestones) + 18:00 (study reminders)
[2026-05-04T16:46:53.175Z] [Jobs] Todos os jobs foram inicializados
[2026-05-04T16:47:57.426Z] [ValentinesChat] Error: Error: LLM invoke failed: 400 Bad Request – [{
[2026-05-04T16:47:57.426Z] "error": {
[2026-05-04T16:47:57.427Z] "code": 400,
[2026-05-04T16:47:57.427Z] "message": "Invalid JSON payload received. Unknown name \"thinking\": Cannot find field.",
[2026-05-04T16:47:57.428Z] "status": "INVALID_ARGUMENT",
[2026-05-04T16:47:57.428Z] "details": [
[2026-05-04T16:47:57.428Z] {
[2026-05-04T16:47:57.428Z] "@type": "type.googleapis.com/google.rpc.BadRequest",
[2026-05-04T16:47:57.428Z] "fieldViolations": [
[2026-05-04T16:47:57.429Z] {
[2026-05-04T16:47:57.429Z] "description": "Invalid JSON payload received. Unknown name \"thinking\": Cannot find field."
[2026-05-04T16:47:57.429Z] }
[2026-05-04T16:47:57.429Z] ]
[2026-05-04T16:47:57.429Z] }
[2026-05-04T16:47:57.429Z] ]
[2026-05-04T16:47:57.430Z] }
[2026-05-04T16:47:57.430Z] }
[2026-05-04T16:47:57.430Z] ]
[2026-05-04T16:47:57.430Z] at invokeLLM (/home/ubuntu/influx-assistants/server/_core/llm.ts:326:11)
[2026-05-04T16:47:57.430Z] at process.processTicksAndRejections (node:internal/process/task_queues:105:5)
[2026-05-04T16:47:57.430Z] at async <anonymous> (/home/ubuntu/influx-assistants/server/routers/valentines-chat.ts:94:26)
[2026-05-04T16:47:57.431Z] at async resolveMiddleware (/home/ubuntu/influx-assistants/node_modules/.pnpm/@trpc+server@11.17.0_typescript@5.9.3/node_modules/@trpc/server/src/unstable-core-do-not-import/procedureBuilder.ts:576:22)
[2026-05-04T16:47:57.431Z] at async callRecursive (/home/ubuntu/influx-assistants/node_modules/.pnpm/@trpc+server@11.17.0_typescript@5.9.3/node_modules/@trpc/server/src/unstable-core-do-not-import/procedureBuilder.ts:642:20)
[2026-05-04T16:47:57.431Z] at async callRecursive (/home/ubuntu/influx-assistants/node_modules/.pnpm/@trpc+server@11.17.0_typescript@5.9.3/node_modules/@trpc/server/src/unstable-core-do-not-import/procedureBuilder.ts:642:20)
[2026-05-04T16:47:57.432Z] at async procedure (/home/ubuntu/influx-assistants/node_modules/.pnpm/@trpc+server@11.17.0_typescript@5.9.3/node_modules/@trpc/server/src/unstable-core-do-not-import/procedureBuilder.ts:682:20)
[2026-05-04T16:47:57.432Z] at async <anonymous> (/home/ubuntu/influx-assistants/node_modules/.pnpm/@trpc+server@11.17.0_typescript@5.9.3/node_modules/@trpc/server/src/unstable-core-do-not-import/http/resolveResponse.ts:375:31)
[2026-05-04T16:47:57.433Z] at async Promise.all (index 0)
[2026-05-04T16:47:57.433Z] at async resolveResponse (/home/ubuntu/influx-assistants/node_modules/.pnpm/@trpc+server@11.17.0_typescript@5.9.3/node_modules/@trpc/server/src/unstable-core-do-not-import/http/resolveResponse.ts:681:35)
[2026-05-04T16:47:57.434Z] at async <anonymous> (/home/ubuntu/influx-assistants/node_modules/.pnpm/@trpc+server@11.17.0_typescript@5.9.3/node_modules/@trpc/server/src/adapters/node-http/nodeHTTPRequestHandler.ts:100:26)
[2026-05-04T16:48:24.121Z] [Auth] Missing session cookie
[2026-05-04T16:48:24.159Z] [ValentinesChat] Error: Error: LLM invoke failed: 400 Bad Request – [{
[2026-05-04T16:48:24.161Z] "error": {
[2026-05-04T16:48:24.161Z] "code": 400,
[2026-05-04T16:48:24.162Z] "message": "Invalid JSON payload received. Unknown name \"thinking\": Cannot find field.",
[2026-05-04T16:48:24.163Z] "status": "INVALID_ARGUMENT",
[2026-05-04T16:48:24.163Z] "details": [
[2026-05-04T16:48:24.163Z] {
[2026-05-04T16:48:24.164Z] "@type": "type.googleapis.com/google.rpc.BadRequest",
[2026-05-04T16:48:24.164Z] "fieldViolations": [
[2026-05-04T16:48:24.164Z] {
[2026-05-04T16:48:24.165Z] "description": "Invalid JSON payload received. Unknown name \"thinking\": Cannot find field."
[2026-05-04T16:48:24.165Z] }
[2026-05-04T16:48:24.165Z] ]
[2026-05-04T16:48:24.166Z] }
[2026-05-04T16:48:24.166Z] ]
[2026-05-04T16:48:24.166Z] }
[2026-05-04T16:48:24.167Z] }
[2026-05-04T16:48:24.167Z] ]
[2026-05-04T16:48:24.167Z] at invokeLLM (/home/ubuntu/influx-assistants/server/_core/llm.ts:326:11)
[2026-05-04T16:48:24.167Z] at process.processTicksAndRejections (node:internal/process/task_queues:105:5)
[2026-05-04T16:48:24.167Z] at async <anonymous> (/home/ubuntu/influx-assistants/server/routers/valentines-chat.ts:94:26)
[2026-05-04T16:48:24.168Z] at async resolveMiddleware (/home/ubuntu/influx-assistants/node_modules/.pnpm/@trpc+server@11.17.0_typescript@5.9.3/node_modules/@trpc/server/src/unstable-core-do-not-import/procedureBuilder.ts:576:22)
[2026-05-04T16:48:24.168Z] at async callRecursive (/home/ubuntu/influx-assistants/node_modules/.pnpm/@trpc+server@11.17.0_typescript@5.9.3/node_modules/@trpc/server/src/unstable-core-do-not-import/procedureBuilder.ts:642:20)
[2026-05-04T16:48:24.168Z] at async callRecursive (/home/ubuntu/influx-assistants/node_modules/.pnpm/@trpc+server@11.17.0_typescript@5.9.3/node_modules/@trpc/server/src/unstable-core-do-not-import/procedureBuilder.ts:642:20)
[2026-05-04T16:48:24.168Z] at async procedure (/home/ubuntu/influx-assistants/node_modules/.pnpm/@trpc+server@11.17.0_typescript@5.9.3/node_modules/@trpc/server/src/unstable-core-do-not-import/procedureBuilder.ts:682:20)
[2026-05-04T16:48:24.168Z] at async <anonymous> (/home/ubuntu/influx-assistants/node_modules/.pnpm/@trpc+server@11.17.0_typescript@5.9.3/node_modules/@trpc/server/src/unstable-core-do-not-import/http/resolveResponse.ts:375:31)
[2026-05-04T16:48:24.169Z] at async resolveResponse (/home/ubuntu/influx-assistants/node_modules/.pnpm/@trpc+server@11.17.0_typescript@5.9.3/node_modules/@trpc/server/src/unstable-core-do-not-import/http/resolveResponse.ts:413:31)
[2026-05-04T16:48:24.169Z] at async <anonymous> (/home/ubuntu/influx-assistants/node_modules/.pnpm/@trpc+server@11.17.0_typescript@5.9.3/node_modules/@trpc/server/src/adapters/node-http/nodeHTTPRequestHandler.ts:100:26)
[2026-05-04T16:48:36.320Z] [Auth] Missing session cookie
[2026-05-04T16:48:36.678Z] [Auth] Missing session cookie
[2026-05-04T16:48:38.270Z] 12:48:38 PM [tsx] change in ./server/routers/valentines-chat.ts Restarting...
[2026-05-04T16:48:39.718Z] c[OAuth] Initialized with baseURL: https://api.manus.im
[2026-05-04T16:48:39.927Z] [DirectLogin] Rota registrada: GET /api/direct-login/:token
[2026-05-04T16:48:39.976Z] Server running on http://localhost:3000/
[2026-05-04T16:48:39.977Z] [Jobs] Inicializando jobs em background...
[2026-05-04T16:48:40.002Z] [DailySync] Job agendado para rodar diariamente às 18:00
[2026-05-04T16:48:40.003Z] [WhatsAppNotif] ✅ Jobs agendados: 09:00 (milestones) + 18:00 (study reminders)
[2026-05-04T16:48:40.003Z] [Jobs] Todos os jobs foram inicializados
[2026-05-04T16:48:46.556Z] [Auth] Missing session cookie
[2026-05-04T16:48:46.746Z] [Auth] Missing session cookie
[2026-05-04T16:48:47.712Z] [Auth] Missing session cookie
[2026-05-04T16:48:47.777Z] [ValentinesChat] Error: LLM invoke failed: 400 Bad Request – [{
[2026-05-04T16:48:47.777Z] "error": {
[2026-05-04T16:48:47.778Z] "code": 400,
[2026-05-04T16:48:47.778Z] "message": "Invalid JSON payload received. Unknown name \"thinking\": Cannot find field.",
[2026-05-04T16:48:47.778Z] "status": "INVALID_ARGUMENT",
[2026-05-04T16:48:47.778Z] "details": [
[2026-05-04T16:48:47.778Z] {
[2026-05-04T16:48:47.778Z] "@type": "type.googleapis.com/google.rpc.BadRequest",
[2026-05-04T16:48:47.779Z] "fieldViolations": [
[2026-05-04T16:48:47.779Z] {
[2026-05-04T16:48:47.779Z] "description": "Invalid JSON payload received. Unknown name \"thinking\": Cannot find field."
[2026-05-04T16:48:47.779Z] }
[2026-05-04T16:48:47.779Z] ]
[2026-05-04T16:48:47.779Z] }
[2026-05-04T16:48:47.780Z] ]
[2026-05-04T16:48:47.780Z] }
[2026-05-04T16:48:47.780Z] }
[2026-05-04T16:48:47.780Z] ]
[2026-05-04T16:48:47.780Z] [ValentinesChat] Full error: {}
[2026-05-04T16:49:45.666Z] [Auth] Missing session cookie
[2026-05-04T16:49:45.703Z] [ValentinesChat] Error: LLM invoke failed: 400 Bad Request – [{
[2026-05-04T16:49:45.704Z] "error": {
[2026-05-04T16:49:45.704Z] "code": 400,
[2026-05-04T16:49:45.704Z] "message": "Invalid JSON payload received. Unknown name \"thinking\": Cannot find field.",
[2026-05-04T16:49:45.705Z] "status": "INVALID_ARGUMENT",
[2026-05-04T16:49:45.705Z] "details": [
[2026-05-04T16:49:45.705Z] {
[2026-05-04T16:49:45.706Z] "@type": "type.googleapis.com/google.rpc.BadRequest",
[2026-05-04T16:49:45.706Z] "fieldViolations": [
[2026-05-04T16:49:45.706Z] {
[2026-05-04T16:49:45.707Z] "description": "Invalid JSON payload received. Unknown name \"thinking\": Cannot find field."
[2026-05-04T16:49:45.707Z] }
[2026-05-04T16:49:45.707Z] ]
[2026-05-04T16:49:45.708Z] }
[2026-05-04T16:49:45.708Z] ]
[2026-05-04T16:49:45.708Z] }
[2026-05-04T16:49:45.708Z] }
[2026-05-04T16:49:45.709Z] ]
[2026-05-04T16:49:45.709Z] [ValentinesChat] Full error: {}
[2026-05-04T16:51:17.984Z] 12:51:17 PM [tsx] change in ./server/_core/llm.ts Restarting...
[2026-05-04T16:51:19.552Z] c[OAuth] Initialized with baseURL: https://api.manus.im
[2026-05-04T16:51:19.781Z] [DirectLogin] Rota registrada: GET /api/direct-login/:token
[2026-05-04T16:51:19.823Z] Server running on http://localhost:3000/
[2026-05-04T16:51:19.824Z] [Jobs] Inicializando jobs em background...
[2026-05-04T16:51:19.839Z] [DailySync] Job agendado para rodar diariamente às 18:00
[2026-05-04T16:51:19.840Z] [WhatsAppNotif] ✅ Jobs agendados: 09:00 (milestones) + 18:00 (study reminders)
[2026-05-04T16:51:19.840Z] [Jobs] Todos os jobs foram inicializados
[2026-05-04T16:51:23.982Z] [Auth] Missing session cookie
[2026-05-04T16:51:24.177Z] [Auth] Missing session cookie
[2026-05-04T16:51:29.314Z] [Auth] Missing session cookie
[2026-05-04T16:54:16.097Z] 12:54:16 PM [vite] (client) hmr update /src/pages/ValentinesRestaurant.tsx, /src/index.css
[2026-05-04T16:54:19.098Z] [Auth] Missing session cookie
[2026-05-04T16:54:19.354Z] [Auth] Missing session cookie
[2026-05-04T16:54:21.995Z] [Auth] Missing session cookie
[2026-05-04T16:54:22.165Z] [Auth] Missing session cookie
[2026-05-04T17:08:12.362Z] 1:08:12 PM [vite] (client) hmr update /src/pages/StudentHomeNew.tsx, /src/index.css
[2026-05-04T17:08:18.157Z] Dev server process group stopped
[2026-05-04T17:08:18.159Z] ELIFECYCLE  Command failed.
[2026-05-04T17:08:18.223Z] Dev server exited with code -15
[2026-05-04T17:08:21.181Z] Starting dev server with command: pnpm run dev
[2026-05-04T17:08:21.720Z] 
[2026-05-04T17:08:21.721Z] > influx-personal-tutor@1.1.0 dev /home/ubuntu/influx-assistants
[2026-05-04T17:08:21.722Z] > NODE_ENV=development tsx watch server/_core/index.ts
[2026-05-04T17:08:21.722Z] 
[2026-05-04T17:08:23.281Z] [OAuth] Initialized with baseURL: https://api.manus.im
[2026-05-04T17:08:23.474Z] [DirectLogin] Rota registrada: GET /api/direct-login/:token
[2026-05-04T17:08:23.517Z] Server running on http://localhost:3000/
[2026-05-04T17:08:23.518Z] [Jobs] Inicializando jobs em background...
[2026-05-04T17:08:23.534Z] [DailySync] Job agendado para rodar diariamente às 18:00
[2026-05-04T17:08:23.534Z] [WhatsAppNotif] ✅ Jobs agendados: 09:00 (milestones) + 18:00 (study reminders)
[2026-05-04T17:08:23.535Z] [Jobs] Todos os jobs foram inicializados
[2026-05-04T17:08:30.486Z] [Auth] Missing session cookie
[2026-05-04T17:08:30.664Z] [Auth] Missing session cookie
[2026-05-04T17:09:04.645Z] [Auth] Missing session cookie
[2026-05-04T17:09:04.844Z] [Auth] Missing session cookie
[2026-05-04T17:09:11.461Z] [Auth] Missing session cookie
[2026-05-04T17:09:11.664Z] [Auth] Missing session cookie
[2026-05-04T17:10:47.358Z] [Auth] Missing session cookie
[2026-05-04T17:10:47.527Z] [Auth] Missing session cookie
[2026-05-04T17:10:49.648Z] [Auth] Missing session cookie
[2026-05-04T17:10:49.914Z] [Auth] Missing session cookie
[2026-05-04T17:10:56.801Z] 1:10:56 PM [vite] (client) hmr update /src/App.tsx, /src/index.css
[2026-05-04T17:11:00.019Z] 1:11:00 PM [vite] (client) ✨ new dependencies optimized: qrcode.react
[2026-05-04T17:11:00.020Z] 1:11:00 PM [vite] (client) ✨ optimized dependencies changed. reloading
[2026-05-04T17:11:02.400Z] Dev server process group stopped
[2026-05-04T17:11:02.402Z] ELIFECYCLE  Command failed.
[2026-05-04T17:11:02.498Z] Dev server exited with code -15
[2026-05-04T17:11:05.428Z] Starting dev server with command: pnpm run dev
[2026-05-04T17:11:05.998Z] 
[2026-05-04T17:11:05.999Z] > influx-personal-tutor@1.1.0 dev /home/ubuntu/influx-assistants
[2026-05-04T17:11:05.999Z] > NODE_ENV=development tsx watch server/_core/index.ts
[2026-05-04T17:11:06.000Z] 
[2026-05-04T17:11:07.635Z] [OAuth] Initialized with baseURL: https://api.manus.im
[2026-05-04T17:11:07.851Z] [DirectLogin] Rota registrada: GET /api/direct-login/:token
[2026-05-04T17:11:07.899Z] Server running on http://localhost:3000/
[2026-05-04T17:11:07.901Z] [Jobs] Inicializando jobs em background...
[2026-05-04T17:11:07.916Z] [DailySync] Job agendado para rodar diariamente às 18:00
[2026-05-04T17:11:07.917Z] [WhatsAppNotif] ✅ Jobs agendados: 09:00 (milestones) + 18:00 (study reminders)
[2026-05-04T17:11:07.917Z] [Jobs] Todos os jobs foram inicializados
[2026-05-04T17:11:19.964Z] [Auth] Missing session cookie
[2026-05-04T17:11:20.145Z] [Auth] Missing session cookie
[2026-05-04T17:12:06.481Z] 1:12:06 PM [vite] (client) hmr update /src/pages/ValentinesTotem.tsx, /src/index.css
[2026-05-04T17:12:19.401Z] [Auth] Missing session cookie
[2026-05-04T17:12:19.572Z] [Auth] Missing session cookie
[2026-05-04T17:12:23.377Z] [Auth] Missing session cookie
[2026-05-04T17:12:23.557Z] [Auth] Missing session cookie
[2026-05-04T17:12:34.217Z] [Auth] Missing session cookie
[2026-05-04T17:12:34.410Z] [Auth] Missing session cookie
[2026-05-04T17:12:37.372Z] [Auth] Missing session cookie
[2026-05-04T17:12:39.930Z] [Auth] Missing session cookie
[2026-05-04T17:12:40.096Z] [Auth] Missing session cookie
